(temporary),مؤقت
A Representatives trip cannot be linked to labour accommodation.,رحلة المناديب لا تُربط بسكن العمالة.
A Representatives trip cannot carry a worker manifest.,رحلة المناديب لا تحمل قائمة عمّال.
A Workers trip cannot name a Representative.,رحلة العمّال لا تُسمّي مندوباً.
A building is required to log an inspection.,المبنى مطلوب لتسجيل التفتيش.
A chip action (Issue / Replace / Cancel) is required.,يلزم تحديد إجراء للشريحة (إصدار / استبدال / إلغاء).
A completion photo is required before closing a Maintenance Work Order.,يجب إرفاق صورة إنجاز قبل إغلاق أمر عمل الصيانة.
A maintenance request raised automatically when the task execution indicates a repair is needed.,طلب صيانة يُنشأ آلياً عندما يشير تنفيذ المهمة إلى الحاجة لإصلاح.
A temporary top-up requires a revert due date.,تتطلب التعبئة المؤقتة تحديد تاريخ استحقاق للاسترجاع.
A worker link token is required.,رمز رابط العامل مطلوب.
AC,تكييف
AC Maintenance,صيانة المكيفات
AFMCO Owner,مالك شركة (AFMCO)
API Contract Version,إصدار عقد الواجهة البرمجية
Abbreviation,الاختصار
Absconding,هروب من العمل
Absent,غائب
Accent Color,لون التمييز
Access Level,مستوى الصلاحية
Accident,حادث
Accommodation Assignment,إسناد السكن
Accommodation Bed,سرير
Accommodation Building,مبنى السكن
Accommodation Building (Pickup),مبنى السكن (نقطة الالتقاط)
Accommodation Building and Project are required for an Accommodation to Project Shuttle.,مبنى السكن والمشروع مطلوبان لرحلة النقل من السكن إلى المشروع.
Accommodation Checkout,مغادرة السكن
Accommodation Cost Distribution,توزيع تكلفة السكن
Accommodation Custody Item,بند عهدة السكن
Accommodation Custody Return Item,بند إرجاع عهدة السكن
Accommodation Floor Plan,مخطط طوابق المبنى
Accommodation Go-Live,إطلاق تشغيل السكن
Accommodation Lease,عقد الإيجار
Accommodation Leases by Status,عقود السكن حسب الحالة
Accommodation Ledger,دفتر تكاليف السكن
Accommodation Ledger Summary,ملخص دفتر تكاليف السكن
Accommodation Manager Dashboard,لوحة معلومات مدير السكن
Accommodation Master,بيانات السكن الأساسية
Accommodation Material Transfer,نقل مواد السكن
Accommodation Material Transfer Item,بند نقل مواد السكن
Accommodation Occupancy Snapshot,لقطة إشغال السكن
Accommodation Occupancy Summary,ملخص الإشغال
Accommodation QR Location,موقع QR للسكن
Accommodation Resident Request,طلب مقيم
Accommodation Room,غرفة
Accommodation Site,موقع
Accommodation Stock Balance,رصيد مخزون السكن
Accommodation Stock Ledger,دفتر مخزون السكن
Accommodation Type,نوع السكن
Accommodation is live. Use the Front Desk for daily check-in/out.,تم تشغيل السكن. استخدم مكتب الاستقبال للدخول والمغادرة اليومية.
Accommodation to Project Shuttle,نقل من السكن إلى المشروع
Account Number,رقم الحساب
Accounting Acknowledged,الإقرار المحاسبي
Accounting Acknowledged is required before submitting a permanent intercompany transfer.,الإقرار المحاسبي مطلوب قبل اعتماد نقل دائم بين الشركات.
Accrual Date,تاريخ الاستحقاق
Accrual Rows,أسطر الاستحقاق
Accrued Total,إجمالي المستحق
Acknowledged,مُستلم
Acknowledged By,معتمد من قِبَل
Acknowledged By (Finance),اعتمد من قِبَل (مالية)
Acknowledged On,تاريخ الاعتماد
Acknowledgement Received,تم استلام الإقرار
Action Inbox,صندوق الإجراءات الواردة
Active,نشط
Active Accommodation Assignments,التسكينات النشطة
Active CCTV Cameras,كاميرات المراقبة المفعّلة
Active Drivers,السائقون النشطون
Active Leases,عقود الإيجار النشطة
Active Occupants,الساكنون الحاليون
Active Rentals,عقود الإيجار النشطة
Active Resident Register,سجل السكان النشطين
Active Residents,المقيمون النشطون
Active Trips,الرحلات النشطة
Active Vehicle Assignments,إسنادات المركبات النشطة
Active Vehicles,المركبات النشطة
Active Vehicles by Category,المركبات النشطة حسب الفئة
Actual End Date,تاريخ النهاية الفعلي
Actual Occupancy,الإشغال الفعلي
Actual Start Date,تاريخ البداية الفعلي
Actual Start Date and Actual End Date are required to mark Completed.,تاريخ البدء الفعلي وتاريخ الانتهاء الفعلي مطلوبان للوسم كمكتمل.
Actual Visit Date,تاريخ الزيارة الفعلي
Add,إضافة
Add Row,إضافة صف
Add at least one floor plan row.,أضف صفاً واحداً على الأقل في مخطط الطوابق.
Add at least one item to the cart before issuing.,أضف صنفاً واحداً على الأقل قبل الصرف.
"Add the first driver, including license details used for clearance and dispatch.",أضف أول سائق، متضمناً بيانات الرخصة المستخدمة لإخلاء الطرف والتشغيل.
"Add the first vehicle to the fleet so it can be assigned, fuelled, and dispatched.",أضف أول مركبة إلى الأسطول ليتسنى إسنادها وتزويدها بالوقود وتشغيلها.
Additional Information,معلومات إضافية
Additional Salary Deduction,خصم إضافي من الراتب
Additional Salary Deduction Entry,قيد خصم إضافي من الراتب
"Admin Manager, Operations Director, General Manager",مدير الشؤون الإدارية، مدير العمليات، المدير العام
Administrative Details,تفاصيل إدارية
Administrative Trip / Document Signing,رحلة إدارية / توقيع مستندات
Age,العمر
Age (Days),العمر (أيام)
Age (Years),العمر (سنوات)
Air Conditioning,تكييف الهواء
Alert Lead Days,أيام التنبيه المسبق
Alert Lead Days cannot be negative.,لا يمكن أن تكون أيام التنبيه المسبق سالبة.
Alert Type,نوع التنبيه
Alerts,تنبيهات
All Assets Physically Verified,تم الجرد الفعلي لجميع الأصول
All Custody Cleared,تم إخلاء طرف جميع العهد
Allocation,تخصيص
Allocation Basis,أساس التوزيع
Allocation Period End,نهاية فترة التوزيع
Allocation Period Start,بداية فترة التوزيع
Allow Over-Capacity,السماح بتجاوز الطاقة الاستيعابية
Allow drivers to access the self-service portal.,السماح للسائقين بالوصول إلى بوابة الخدمة الذاتية.
Allow pop-ups to print the slip.,اسمح بالنوافذ المنبثقة لطباعة القسيمة.
Allowed Origins (for site_config allow_cors),المصادر المسموح بها (لإعداد allow_cors في site_config)
Amended From,مُعدّل من
Amount,المبلغ
Amount (SAR),المبلغ (ريال)
Amount Recovered,المبلغ المُسترد
Amount Recovered (SAR),المبلغ المسترد (ريال)
Amount claimed by the rental office.,المبلغ المطالب به من مكتب التأجير.
Amount must be greater than zero.,يجب أن يكون المبلغ أكبر من صفر.
Amounts,المبالغ
Annual Cleaning Staff Cost (SAR),تكلفة عمالة النظافة السنوية (ريال)
Annual Cost per Bed Capacity (SAR),التكلفة السنوية لكل سرير سعة استيعابية (ريال)
Annual Electricity (SAR),تكلفة الكهرباء السنوية (ريال)
Annual Other Expenses (SAR),المصاريف السنوية الأخرى (ريال)
Annual Rent (SAR),الإيجار السنوي (ريال)
Annual Supervision Cost (SAR),تكلفة الإشراف السنوية (ريال)
Annual Total Cost (SAR),إجمالي التكلفة السنوية (ريال)
Annual Water (SAR),تكلفة المياه السنوية (ريال)
Annually,سنوياً
Anonymous,مجهول الهوية
Anonymous Tracking Code,رمز تتبع مجهول الهوية
Apartment,شقة
Apex Core,نواة أبيكس
Apex Core is configured. The accommodation and fleet modules now share these settings.,تم تهيئة نواة أبيكس. تشترك الآن وحدتا السكن والأسطول في هذه الإعدادات.
Apex Integration Settings,إعدادات تكامل أبيكس
Apex Setup,إعداد أبيكس
Appearance,المظهر
Applies to All Buildings,يسري على جميع المباني
Apply an operational markup to external-supplier accommodation costs in the Supplier Cost Recovery report.,تطبيق هامش تشغيلي على تكاليف السكن الخاصة بالموردين الخارجيين في تقرير استرداد تكلفة المورّد.
Applyingâ¦,جارٍ التطبيق…
Approval Controls,ضوابط الموافقة
Approvals,الموافقات
Approve,اعتماد
Approved,معتمد
Approved By,معتمد من
Approved Last 48h,المُعتمَدة آخر 48 ساعة
Approved by Finance,معتمد من المالية
Approved by Supervisor,معتمد من المشرف
Approvingâ¦,جارٍ الموافقة…
Arabic,العربية
Are you sure you want to generate rooms and beds from the floor plan?,هل أنت متأكد أنك تريد توليد الغرف والأسرة من مخطط الطوابق؟
Are you sure you want to generate safety setup templates for this building?,هل أنت متأكد أنك تريد توليد قوالب إعداد السلامة لهذا المبنى؟
Arrival Batch Ref,مرجع دفعة الوصول
Arrival Card,بطاقة الوصول
Arrival Cards,بطاقات الوصول
Arrival Context,سياق الوصول
Arrival Date,تاريخ الوصول
Arrival Date plus Window Days. Computed by the controller.,تاريخ الوصول زائد أيام النافذة. يحسبه المتحكم تلقائياً.
Arrivals Desk,مكتب الوصول
Article,الصنف
Article Name,اسم الصنف
Articleâ¦,المادة…
As Needed,عند الحاجة
As On Date,حتى تاريخ
Assessment,التقييم
Assessment Date,تاريخ التقييم
Asset,أصل
Asset / Article,أصل / صنف
Asset Category,تصنيف الأصول
Asset Lines,بنود الأصول
Asset Location,موقع الأصول
Asset Movements Over Time,حركة الأصول عبر الزمن
Asset Name,اسم الأصل
"Asset Name (e.g., Camera-Laundry-Room)",اسم الأصل (مثال: Camera-Laundry-Room)
Assets Moved This Month,الأصول المنقولة هذا الشهر
Assets in Custody,الأصول في العهدة
Assign a vehicle to a driver or project to start the movement lifecycle.,أسنِد مركبة إلى سائق أو مشروع لبدء دورة حياة الحركة.
Assign an employee to a bed to start the accommodation lifecycle.,اربط الموظف بسرير لبدء دورة السكن.
Assigned,مُسنَد
Assigned Building,المبنى المخصص
Assigned Driver,السائق المسند
Assigned Tasks,المهام المسندة
Assigned To,مخصص لـ
Assigned To (Employee),مخصص للموظف
Assigned To is required when status is Assigned.,حقل 'مخصص لـ' مطلوب عندما تكون الحالة 'مُسنَد'.
Assigned Today,المسندون اليوم
Assigned Vehicle,المركبة المسندة
Assignment,الإسناد
Assignment Details,تفاصيل الإسناد
Assignment Type,نوع التسكين
Assigns a vehicle to a driver and project for a defined period.,يُسنِد مركبة إلى سائق ومشروع لفترة محددة.
At least one asset line is required.,يجب إدخال بند أصول واحد على الأقل.
At least one damaged item is required.,يجب إدخال بند تالف واحد على الأقل.
At least one finding is required on a Maintenance Inspection Report.,يجب تسجيل ملاحظة واحدة على الأقل في تقرير فحص الصيانة.
At least one item is required on a Custody Issue.,يجب إدخال صنف واحد على الأقل لصرف العهدة.
At least one item is required on a Custody Return.,يجب إدخال صنف واحد على الأقل لإرجاع العهدة.
At least one item is required on a Material Transfer.,يجب إدخال صنف واحد على الأقل في نقل المواد.
At least one worker is required for an Inter-City Relocation.,يلزم عامل واحد على الأقل لعملية النقل بين المدن.
Attendance Date,تاريخ الحضور
Attendance Details,تفاصيل الحضور
Attendance Images,صور الحضور
Audit Finding,ملاحظة التدقيق
Audit Findings Received,تم استلام نتائج التدقيق
Audit Remediation Building Scope,نطاق معالجة ملاحظات المباني
Audit Remediation Item,بند معالجة التدقيق
Audit Remediation Plans by Status,خطط معالجة التدقيق حسب الحالة
Audit Remediation Status,حالة معالجة التدقيق
Authorization Document,مستند التفويض
Authorized By,مفوض من قبل
Auto-Generate Beds,توليد الأسرة تلقائياً
Auto-calculated on validate. Positive = above average; negative = below average.,يُحسب آلياً عند التحقق. الموجب = أعلى من المتوسط؛ السالب = أقل من المتوسط.
Auto-computed sum of all payment schedule rows.,مجموع محسوب آلياً لكل أسطر جدول الدفعات.
Auto-create Facility Asset Movement on Transfer,إنشاء حركة أصل مرفق آلياً عند النقل
Auto-created on Submit,يُنشأ آلياً عند الاعتماد
Auto-fetched from Building,يُجلب آلياً من المبنى
Auto-filled from Utility Account. Adjust if different for this bill.,يُعبّأ تلقائياً من حساب الخدمة. عدّله إذا كان مختلفاً لهذه الفاتورة.
Auto-generated summary of meter sharing calculation,ملخّص يُنشأ تلقائياً لحساب مشاركة العدّاد
Available,متاح
Available Beds,الأسرّة المتاحة
Available Capacity,السعة المتاحة
Available Capacity Trend,اتجاه السعة المتاحة
Available Rooms,الغرف المتاحة
Average,متوسط
Average Monthly Bill (SAR),متوسط الفاتورة الشهرية (ريال)
Average Vehicle Utilisation %,متوسط نسبة استغلال المركبات %
Avg Available Capacity,متوسط السعة المتاحة
Avg Cost / Litre,متوسط التكلفة لكل لتر
Avg Occupancy %,متوسط نسبة الإشغال
Avg Utilisation %,متوسط نسبة الاستخدام (%)
Awareness & Training,التوعية والتدريب
Balady Certificate,شهادة بلدي
Balance Qty,الكمية المتبقية
Base Accommodation Cost,تكلفة السكن الأساسية
Basis / Evidence,الأساس / الأدلة
Basis / Evidence is required before a recovery can be Approved.,يجب توفير الأساس / الأدلة قبل اعتماد عملية الاسترداد.
Bathroom,دورة المياه
Bed,سرير
Bed (if bed-specific),السرير (إذا كان مخصصاً لسرير محدد)
Bed Capacity,الطاقة الاستيعابية (أسرة)
Bed Code,رمز السرير
Beds Out of Service,الأسرة خارج الخدمة
Beds by Building,الأسرّة حسب المبنى
Beds by Status,الأسرة حسب الحالة
Beds per Room,عدد الأسرة لكل غرفة
Beds/Room,أسرة/غرفة
Bengali,البنغالية
Bi-weekly,كل أسبوعين
Bill,الفاتورة
Bill Amount (SAR),قيمة الفاتورة (ريال)
Bill PDF,الفاتورة بصيغة PDF
Billed To Supplier,يُحاسَب على المورد
Billing Cycle,دورة الفوترة
Billing Period From,فترة الفوترة من
Billing Period To,فترة الفوترة إلى
Billing Period To must be on or after Billing Period From.,يجب أن يكون تاريخ نهاية فترة الفوترة مساوياً لتاريخ البداية أو بعده.
Billing Recipient Email,البريد الإلكتروني لمستلم الفاتورة
Block Assignment On Expired Compliance,منع الإسناد عند انتهاء الامتثال
Block vehicle assignment when the linked vehicle has expired compliance.,منع إسناد المركبة عند انتهاء صلاحية امتثال المركبة المرتبطة.
Blocked,محظور
Blocked Driver Clearances,إخلاءات طرف السائقين المحظورة
Boarded,على متن
Boarded At,وقت الصعود
Boarded Count,عدد الصاعدين
"Boarded count, derived from the boarding events below (never hand-set).",عدد الصاعدين، مشتق من أحداث الصعود أدناه (لا يُضبط يدوياً مطلقاً).
Boarding Events,أحداث الصعود
Book Value (SAR),القيمة الدفترية (ريال)
Both a source bed and a target bed are required.,يلزم تحديد سرير المصدر وسرير الوجهة معاً.
Brand Logo,شعار العلامة التجارية
Building,المبنى
Building (Store),المبنى (المستودع)
Building A,المبنى أ
Building Abbreviation,اختصار المبنى
Building Abbreviation is required.,اختصار المبنى مطلوب.
Building B,المبنى ب
Building Code Locked,رمز المبنى مقفل
Building License,رخصة المبنى
Building Licenses by Status,رخص المباني حسب الحالة
Building Store,مخزن المبنى
Building arrival cardsâ¦,بطاقات وصول المبنى…
Building is required to mark Completed.,المبنى مطلوب للوسم كمكتمل.
Building safety inspection.,تفتيش سلامة المبنى.
"Building-level fixed asset: CCTV camera, DVR/NVR, hard disk, router, switch, generator. Custody is on the supervisor, not on an employee.",أصل ثابت على مستوى المبنى: كاميرا مراقبة، مسجّل DVR/NVR، قرص صلب، موجّه، مبدّل، مولّد. العهدة على المشرف وليست على موظف.
Buildings Granted,المباني المرخصة
Buildings In Scope,المباني المشمولة بالعمل
CCTV Camera,كاميرا مراقبة
Camera Access Building Scope,نطاق الوصول لكاميرات المبنى
Camera Access Grant,منح صلاحية الوصول للكاميرات
Cameras in Building,الكاميرات في المبنى
Cancellation Reason,سبب الإلغاء
Cancellation Reason is mandatory.,سبب الإلغاء إلزامي.
Cancellation Reason is required before cancelling a Depreciation Snapshot.,يلزم تحديد سبب الإلغاء قبل إلغاء لقطة الاستهلاك.
Cancellation Reason is required before cancelling a Facility Asset Movement.,يلزم تحديد سبب الإلغاء قبل إلغاء نقل أصول المنشأة.
Cancellation Reason is required before cancelling a Maintenance Inspection Report.,يلزم تحديد سبب الإلغاء قبل إلغاء تقرير فحص الصيانة.
Cancellation Reason is required before cancelling a Maintenance Work Order.,يلزم تحديد سبب الإلغاء قبل إلغاء أمر عمل الصيانة.
Cancellation Reason is required before cancelling a Scheduled Task Instance.,يلزم تحديد سبب الإلغاء قبل إلغاء سجل تنفيذ المهمة المجدولة.
Capacity,السعة
Capacity Denominator,مقام السعة المعتمد
Capacity Policies,سياسات السعة
Caption,التعليق
"Capture a movement need so it can be validated, scheduled, and dispatched.",سجّل حاجة حركة ليتسنى التحقق منها وجدولتها وتشغيلها.
Captured At,وقت الالتقاط
Card,بطاقة
Cart,السلة
Cart is empty.,السلة فارغة.
Case Closed,تم إغلاق القضية
Case Details,تفاصيل الحالة
Casualties,الإصابات
Casualties cannot be negative.,لا يمكن أن تكون الإصابات سالبة.
Catalog master for individual issuable articles.,بيانات فهرس أساسية للأصناف القابلة للصرف الفردية.
Category,الفئة
Category Details,تفاصيل الفئة
Category Name,اسم الفئة
Category Name is required.,اسم الفئة مطلوب.
Cell Number,رقم الجوال
Certificate File,ملف الشهادة
Check In,تسجيل الدخول
Check Item,بند الفحص
Check Out,تسجيل الخروج
"Check for durable items such as beds, air conditioners, and washing machines; leave unchecked for consumables.",فعّله للأصناف المعمّرة كالأسرّة والمكيفات والغسالات؛ واتركه فارغاً للمواد الاستهلاكية.
Check-in Date,تاريخ التسكين
Check-in slip,قسيمة التسكين
Check-out Date,تاريخ المغادرة
Check-out Reason,سبب الخروج
Checked Out,تمت المغادرة
Checking inâ¦,جارٍ تسجيل الدخول…
Checking outâ¦,جارٍ تسجيل المغادرة…
Checkout,مغادرة السكن
Checkout Date,تاريخ تسجيل الخروج
Checkout Pending Clearance,إخلاءات بانتظار التسوية
Checkout Reason,سبب مغادرة السكن
Checkout date cannot be earlier than assignment check-in date.,لا يمكن أن يكون تاريخ المغادرة قبل تاريخ بدء التسكين.
Child: one article line on a Custody Issue.,تابع: سطر صنف واحد في صرف عهدة.
Child: one article line on a Custody Return.,تابع: سطر صنف واحد في إرجاع عهدة.
Child: one asset line in a Non-Financial Depreciation Snapshot.,فرعي: سطر أصل واحد في لقطة إهلاك غير مالية.
Child: one damaged article line on a Custody Damage Assessment.,تابع: سطر صنف تالف واحد في تقييم تلفيات العهدة.
Chip,شريحة
Chip Action,إجراء الشريحة
Chip Cancellation,إلغاء الشريحة
Chip Number,رقم الشريحة
City Name,اسم المدينة
Civil Defence Certificate,ترخيص الدفاع المدني
Claim,المطالبة
Claim period in YYYY-MM format (e.g. 2026-05).,فترة المطالبة بصيغة YYYY-MM (مثال: 2026-05).
Claimed Amount (SAR),المبلغ المطالب به (ريال)
Claimed Litres,اللترات المطالب بها
Claimed Litres must be greater than zero.,يجب أن تكون اللترات المطالب بها أكبر من صفر.
Claimed Total,إجمالي المطالب به
Claimed Total minus Accrued Total.,إجمالي المطالب به ناقص إجمالي المستحق.
Claimed litres minus consumed litres. A positive variance means the claim exceeds recorded consumption.,اللترات المطالب بها ناقص اللترات المستهلكة. الانحراف الموجب يعني أن المطالبة تتجاوز الاستهلاك المسجّل.
"Classification of fleet vehicles (e.g., Sedan, Pickup, Bus).",تصنيف مركبات الأسطول (مثل سيدان أو بيك أب أو حافلة).
Clean,سليم
Cleaned,تم التنظيف
Cleaner,عامل النظافة
Cleaner (Employee),العامل (الموظف)
Cleaner Name,اسم العامل
Cleaner Type,نوع العامل
Cleaning,خدمات النظافة
Cleaning Compliance %,نسبة الالتزام بالتنظيف
Cleaning Date,تاريخ التنظيف
Cleaning Log,سجل النظافة
Cleaning Log Room Detail,تفاصيل غرف سجل التنظيف
Cleaning Logs,سجلات التنظيف
Cleaning Logs Recorded,سجلات النظافة المسجلة
Cleaning Staff Salary,رواتب عمالة النظافة
Clear,مسح
Clearance,تخليص
Clearance Reason,سبب إخلاء الطرف
Clearance is blocked. Outstanding movement-domain items remain open.,التخليص موقوف. توجد بنود نطاق حركة مفتوحة لم تُسوَّ.
Cleared,تم إخلاء الطرف
Click a free bed to house him.,انقر على سرير شاغر لإسكانه.
Client Audit Reference / Ticket,رقم مرجع/تذكرة تدقيق العميل
Client Audit Remediation Plan,خطة معالجة تدقيق العميل
Client Point of Contact,مسؤول التواصل لدى العميل
Client Project,مشروع العميل
Close,إغلاق
Closed By,أُغلق بواسطة
Closed Maintenance,صيانة مغلقة
Closed On,تاريخ الإغلاق
Closed by Client,أُغلق من قِبل العميل
Closed in the Last 48h,مُنجَزة آخر 48 ساعة
Closingâ¦,جارٍ الإغلاق…
Common Area,منطقة مشتركة
Company's share (%) of utility bills for this building when meters are shared with other tenants. Agreed with the property management office. Does not affect the rent amount.,نسبة حصة الشركة (٪) من فواتير الخدمات لهذا المبنى عند مشاركة العدّادات مع مستأجرين آخرين. متفق عليها مع مكتب إدارة الأملاك. لا تؤثّر على قيمة الإيجار.
Complaint,شكوى
Complete Trip,إتمام الرحلة
Completed,مكتمل
Completed (timed),المكتملة (موقّتة)
Completed Date,تاريخ الإنجاز
Completed Dispatch Trips,رحلات الإرسال المكتملة
Completion Date,تاريخ الاكتمال
Completion Notes,ملاحظات الإنجاز / التقرير الختامي
Completion Notes are required when the trip status is Completed.,ملاحظات الإنجاز مطلوبة عندما تكون حالة الرحلة مكتملة.
Completion Photo,صورة الإنجاز
Completion Photo Evidence,صورة إثبات الإنجاز
Completion photo required to close this work order.,صورة الإنجاز مطلوبة لإغلاق أمر العمل.
Compliance,الامتثال
Compliance %,نسبة الامتثال (%)
Compliance & Licensing,الامتثال والتراخيص
Compliance Documents,مستندات الامتثال
Compliance Status,حالة الامتثال
Compliance Type,نوع الوثيقة
Compliance and Support,الامتثال والدعم
"Compliance document attached to a building (Balady, Civil Defence Certificate, Group Housing Permit, Lease Contract).",مستند امتثال مرتبط بمبنى (بلدي، شهادة الدفاع المدني، تصريح سكن جماعي، عقد إيجار).
Compliant,ملتزم
Compound Block,بلوك مجمع
Computed: Current Reading − Previous Reading,محسوب: القراءة الحالية − القراءة السابقة
Condemnation,إتلاف
Condition,الحالة
Condition Notes,ملاحظات الحالة
Condition at Check-in,الحالة عند الدخول
Condition at Handover,الحالة عند التسليم
Condition on Issue,الحالة عند صرف العهدة
Condition on Return,الحالة عند إرجاع العهدة
Configure required safety controls. Use 'Generate Safety Setup' button to create task templates.,"اضبط ضوابط السلامة المطلوبة. استخدم زر ""توليد إعداد السلامة"" لإنشاء قوالب المهام."
Configuring Apex,تهيئة Apex
Confirm Habitat Settings,اعتماد إعدادات هابيتات
Confirm Salis Settings,اعتماد إعدادات سلس
Confirm Transfer,تأكيد النقل
Confirm the default payment method and the deduction and GL-posting toggles.,اعتمد طريقة الدفع الافتراضية ومفاتيح الاستقطاع والقيد المحاسبي.
"Confirm the fleet defaults: company, cost center, approvals, and the fuel-request threshold.",اعتمد القيم الافتراضية للأسطول: الشركة، ومركز التكلفة، والاعتمادات، وحد طلب الوقود.
Confirm the shared Apex settings that the Habitat and Salis modules build on.,اعتمد إعدادات أبيكس المشتركة التي تبني عليها وحدتا هابيتات وسلس.
Confirm the standardized safety tasks that drive scheduled work.,راجع مهام السلامة القياسية التي تنشئ العمل المجدول.
Confirm your safety catalog and log your first inspection.,اعتمد فهرس السلامة وسجّل أول تفتيش.
Consumed Litres,اللترات المستهلكة
Consumption,الاستهلاك
Consumption (kWh / m³),الاستهلاك (كيلوواط ساعي / متر مكعب)
Consumption period in YYYY-MM format (e.g. 2026-05).,فترة الاستهلاك بصيغة YYYY-MM (مثال: 2026-05).
Contact,جهة الاتصال
Contact Person,الشخص المسؤول
Contract Document,وثيقة العقد
Contract End,نهاية العقد
Contract Start,بداية العقد
Contracted daily rental rate. Carried into the Rental Accrual Ledger memo for each in-service day.,سعر الإيجار اليومي المتعاقد عليه. يُنقل إلى مذكرة دفتر استحقاق الإيجار عن كل يوم في الخدمة.
Contractor / Temp ID,معرّف المتعاقد / المؤقت
Cost Bearing (%),نسبة تحمّل التكلفة (٪)
Cost Bleeding (SAR),هدر التكلفة (ريال)
Cost Center,مركز التكلفة
Cost Recovery Aging,أعمار استرداد التكاليف
Cost Recovery Aging Backlog,متأخرات استرداد التكاليف
Cost Recovery Operations Threshold (SAR),حد عمليات استرداد التكاليف (ريال)
Cost Transactions,حركات التكلفة
Cost by Dimension,التكلفة حسب البُعد
"Cost center for grouping and financial context. Defaulted from Salis Settings; reference only, posts no GL.",مركز التكلفة للتجميع والسياق المالي. مُهيّأ افتراضياً من إعدادات سلس؛ للمرجع فقط، ولا يرحّل أي قيد في دفتر الأستاذ العام.
Cost of Repair (SAR),تكلفة الإصلاح (ريال)
Costs,التكاليف
Costs and Settlement,التكاليف والتسوية
Could not close the task,تعذّر إغلاق المهمة
Could not complete the Work Order. No changes were saved. Please try again or contact support.,تعذّر إكمال أمر العمل. لم تُحفظ أي تغييرات. يرجى المحاولة مجدداً أو التواصل مع الدعم الفني.
Could not complete the generation. Please try again.,تعذّر إتمام التوليد. يرجى المحاولة مجدداً.
Could not generate a unique worker token. Please try again.,تعذّر إنشاء رمز عامل فريد. يرجى المحاولة مجدداً.
Could not generate rooms and beds. Please try again.,تعذّر توليد الغرف والأسرة. يرجى المحاولة مجدداً.
Could not issue the cart. Please review and try again.,تعذّر صرف السلة. يرجى المراجعة والمحاولة مجدداً.
Could not load employee photo.,تعذّر تحميل صورة الموظف.
Could not load pending fuel requests.,تعذّر تحميل طلبات الوقود المعلّقة.
Could not load the approval queue,تعذّر تحميل قائمة الاعتماد
Could not load the board for this building.,تعذّر تحميل اللوحة لهذا المبنى.
Could not load the board. Check your connection and try again.,تعذّر تحميل اللوحة. تحقق من اتصالك وحاول مجدداً.
Could not load the building. Please retry.,تعذّر تحميل المبنى. يرجى المحاولة مجدداً.
Could not load the catalog.,تعذّر تحميل السجل.
Could not load the dispatch board. Please check your connection and try again.,تعذّر تحميل لوحة التوجيه. يرجى التحقق من اتصالك والمحاولة مجدداً.
Could not load the material template. Please try again.,تعذّر تحميل قالب المواد. يرجى المحاولة مجدداً.
Could not load the safety map. Please try again.,تعذّر تحميل خريطة السلامة. يرجى المحاولة مجدداً.
Could not load the worker.,تعذّر تحميل بيانات العامل.
Could not load this building. Please try again.,تعذّر تحميل هذا المبنى. يرجى المحاولة مجدداً.
Could not load your work center. Please retry.,تعذّر تحميل مركز عملك. أعد المحاولة.
Could not log the inspection. Please try again.,تعذّر تسجيل التفتيش. يرجى المحاولة مجدداً.
Could not mark the Work Order as Completed. Please try again.,تعذّر وسم أمر العمل كمكتمل. يرجى المحاولة مجدداً.
Could not post the reversal to the ledger. The cancellation was rejected.,تعذّر ترحيل القيد العكسي إلى الدفتر. تم رفض الإلغاء.
Could not post the utility cost to the ledger. The bill was not submitted.,تعذّر ترحيل تكلفة المرافق إلى الدفتر. لم تُقدَّم الفاتورة.
Could not read the payment settings. Please try again.,تعذّر قراءة إعدادات الدفع. يرجى المحاولة مجدداً.
Could not regenerate the payment schedule. Please try again.,تعذّر إعادة توليد جدول الدفعات. يرجى المحاولة مجدداً.
Could not save changes. Please try again or contact support.,تعذّر حفظ التغييرات. يرجى المحاولة مجدداً أو التواصل مع الدعم الفني.
Could not save the building abbreviation. Please try again.,تعذّر حفظ اختصار المبنى. يرجى المحاولة مجدداً.
Could not update bed occupancy. The assignment was not submitted.,تعذّر تحديث إشغال السرير. لم يُقدَّم التسكين.
Could not update the Service Order. Please try again.,تعذّر تحديث أمر الخدمة. يرجى المحاولة مجدداً.
Could not update the Task Instance. Please try again.,تعذّر تحديث تنفيذ المهمة. يرجى المحاولة مجدداً.
Could not update the Work Order. Please try again.,تعذّر تحديث أمر العمل. يرجى المحاولة مجدداً.
Could not verify the Expense Request Afmco DocType. Please try again.,تعذّر التحقق من نوع مستند طلب الصرف. يرجى المحاولة مجدداً.
Count of open Fuel Exception Case records for this driver. Must be zero to clear.,عدد حالات استثناء الوقود المفتوحة لهذا السائق. يجب أن يكون صفراً لإخلاء الطرف.
Count of open Movement Cost Recovery records for this driver. Must be zero to clear.,عدد سجلات استرداد تكلفة الحركة المفتوحة لهذا السائق. يجب أن يكون صفراً لإخلاء الطرف.
Covered Buildings,المباني المشمولة
Create Accommodation Assignment,إنشاء تسكين
Create Fuel Quota,إنشاء حصة وقود
Create Safety Inspection Report,إنشاء تقرير تفتيش سلامة
Create Vehicle Assignment,إنشاء إسناد مركبة
Create Vehicle Category,إنشاء فئة مركبات
Create Work Order,إنشاء أمر عمل
Create a Fuel Quota,إنشاء حصة وقود
Create a Vehicle Category,أنشئ فئة مركبات
Create one transport request,إنشاء طلب نقل واحد
Creating QR codesâ¦,جارٍ إنشاء رموز QR…
Credentials Delivered By,مُسلم بيانات الاعتماد
Critical,حرج
Cross Region,بين المناطق
Cross-Project Needs Approval,النقل بين المشاريع يتطلب موافقة
Cross-building moves are not supported here. Use Check-out and a new Check-in.,النقل بين المباني غير مدعوم هنا. استخدم تسجيل الخروج ثم دخولاً جديداً.
Current Driver,السائق الحالي
Current Occupancy,الإشغال الحالي
Current Occupants,المقيمون الحاليون
Current Reading,القراءة الحالية
Current Vehicle,المركبة الحالية
Custodian,أمين العهدة
Custodian Supervisor,مشرف العهد
Custody,العهدة
Custody Article,صنف العهدة
Custody Asset Category,تصنيف أصول العهدة
Custody Cleared,تم إخلاء طرف العهدة
Custody Damage Assessment,تقييم تلفيات العهدة
Custody Damage Assessments,تقييمات تلف العهد
Custody Damage Item,صنف العهدة التالف
Custody Damage Register,سجل تلفيات العهد
Custody Flow,مسار العهدة
Custody Handover,تسليم العهدة
Custody Integration Mode,نمط ربط العهدة
Custody Issue,صرف العهدة
Custody Issue Item,بند صرف العهدة
Custody Issues by Status,صرف العهد حسب الحالة
Custody Items Pending Return,أصناف العهدة بانتظار الإرجاع
Custody Kiosk,كشك العهد
Custody Loss,فقدان عهدة
Custody Master,بيانات العهد الأساسية
Custody Return,إرجاع العهدة
Custody Return Item,بند إرجاع العهدة
Custody Return Items,بنود إرجاع العهدة
Custody Returned,تم إرجاع العهدة
Custody deferred,أُجِّلت العهدة
DVR/NVR,جهاز التسجيل DVR/NVR
DVR/NVR Status,حالة جهاز التسجيل DVR/NVR
Daily Operations,العمليات اليومية
Daily Rate,السعر اليومي
Daily Rate cannot be negative.,لا يمكن أن يكون السعر اليومي سالباً.
Daily Rate is required on a Receipt movement.,السعر اليومي مطلوب في حركة الاستلام.
Daily Work,العمل اليومي
Daily cleaning record per building with worker accountability and evidence controls.,سجل نظافة يومي لكل مبنى مع مساءلة العامل وضوابط الأدلة.
Daily driver attendance record with check-in/out times and photographic evidence.,سجل حضور يومي للسائق مع أوقات الدخول والمغادرة وأدلة مصوّرة.
"Daily fuel consumption log for a vehicle: odometer, litres, amount, and platform.",سجل استهلاك وقود يومي لمركبة: عداد المسافة واللترات والمبلغ والمنصة.
Damage Assessment,تقييم التلفيات
Damage Deduction Amount (SAR),مبلغ خصم التلفيات (ريال)
Damage Deduction Component,مكوّن خصم التلفيات
Damage Description,وصف التلفيات
Damage Details,تفاصيل التلفيات
Damaged,تالف
Damaged Items,المواد التالفة
Dark,داكن
Date,التاريخ
Date of the first payment. Subsequent payments are calculated from this date based on Billing Cycle.,تاريخ الدفعة الأولى. تُحسب الدفعات اللاحقة من هذا التاريخ بناءً على دورة الفوترة.
Days,الأيام
Days Housed,أيام الإسكان
Days Idle,أيام عدم التشغيل
Days Open,أيام مفتوحة
Days Over Capacity,أيام تجاوز السعة
Days Since,أيام منذ
Days Since Checkout,أيام منذ المغادرة
Days To Expiry,الأيام حتى الانتهاء
Days before a Building License expiry date to flag it Expiring Soon (per-license renewal_lead_days still overrides).,عدد الأيام قبل تاريخ انتهاء رخصة المبنى لتمييزها بأنها ستنتهي قريباً (تظل قيمة renewal_lead_days الخاصة بكل رخصة هي المُرجّحة).
Days before a building lease end date to flag it on the watchlist.,عدد الأيام قبل تاريخ انتهاء عقد إيجار المبنى لإدراجه في قائمة المراقبة.
Days before a temporary stay's expected check-out date to flag it on the supervisor's watchlist.,عدد الأيام قبل تاريخ المغادرة المتوقع لإقامة مؤقتة لإدراجها في قائمة متابعة المشرف.
Days before expiry to trigger renewal alert,عدد الأيام قبل الانتهاء لإطلاق تنبيه التجديد
Days to Expiry,الأيام المتبقية للانتهاء
December,ديسمبر
Declining Balance,الرصيد المتناقص
Deduction Activation Date,تاريخ تفعيل الخصم
Deduction Amount (SAR),مبلغ الحسم (ريال)
Deduction Entry,قيد الحسم
Deep Cleaning,نظافة عميقة
Default Assignee (Employee),المكلف الافتراضي (الموظف)
Default Company,الشركة الافتراضية
Default Cost Center,مركز التكلفة الافتراضي
Default Currency,العملة الافتراضية
Default Depreciation Policy,سياسة الإهلاك الافتراضية
Default Fuel Type,نوع الوقود الافتراضي
Default Payment Method,طريقة الدفع الافتراضية
Default UOM,وحدة القياس الافتراضية
Default company applied to Salis transactions when not set explicitly.,الشركة الافتراضية المطبَّقة على معاملات سلس عند عدم تحديدها صراحةً.
"Default company for Accommodation Ledger, Maintenance, Utility, and Lease documents. Required before enabling financial posting.",الشركة الافتراضية لمستندات دفتر التكاليف التشغيلية والصيانة والخدمات وعقود الإيجار. مطلوبة قبل تفعيل الترحيل المالي.
Default cost center used for fleet cost postings.,مركز التكلفة الافتراضي المستخدم لقيود تكاليف الأسطول.
Default mode keeps all custody and depreciation inside Habitat with no financial posting.,الوضع الافتراضي يبقي كل العهد والإهلاك داخل Habitat دون أي ترحيل مالي.
Defaults,الإعدادات الافتراضية
Defaults to the session user on creation.,يُهيّأ افتراضياً إلى مستخدم الجلسة عند الإنشاء.
Defaults to the session user on creation. The workflow's approval transition is segregation-of-duties gated on this field (the approver cannot be the requester).,يُهيّأ افتراضياً إلى مستخدم الجلسة عند الإنشاء. وتُقيَّد بوابة اعتماد سير العمل بالفصل بين المهام على هذا الحقل (لا يجوز أن يكون المعتمِد هو مقدّم الطلب).
"Define the first vehicle class (e.g. Sedan, Bus, Pickup) used to group fleet vehicles.",عرّف أول فئة مركبات (مثل سيدان أو حافلة أو بيك أب) لتصنيف مركبات الأسطول.
Delegation-of-Authority Thresholds (SAR),حدود تفويض الصلاحيات (ريال)
Depart Time,وقت المغادرة
Department,القسم
Deployed,مشغّل
Depreciation %,نسبة الإهلاك (%)
Depreciation Policy,سياسة الإهلاك
Depreciation Snapshot Item,بند لقطة الإهلاك
Describe the issue,صف المشكلة
Description,الوصف
Description is too long. Please keep it under 2000 characters.,الوصف طويل جداً. يرجى الإبقاء عليه تحت 2000 حرف.
"Design theme applied to the driver portal. AFMCO is the flat, brand-aligned default; Frappe Standard is the neutral portal look; Dark is an AFMCO-flavoured dark mode.",سمة التصميم المطبَّقة على بوابة السائق. AFMCO هي السمة المسطّحة المتوافقة مع الهوية وهي الافتراضية؛ وFrappe القياسي هو المظهر المحايد للبوابة؛ والداكن هو وضع داكن بنكهة AFMCO.
Desk,سطح المكتب
Destination,الوجهة
Destination is required for an Administrative Trip / Document Signing.,الوجهة مطلوبة للرحلة الإدارية / توقيع المستندات.
Detailed Description,وصف تفصيلي
Details,التفاصيل
Diesel,ديزل
Direct,مباشر
Direct Allocation,تخصيص مباشر
Discrepancy,تباين
Discrepancy Notes,ملاحظات التباين
Discrepancy Status,حالة التباين
Discrepancy notes are required when the discrepancy status is Discrepancy.,ملاحظات التباين مطلوبة عندما تكون حالة التباين «تباين».
Dispatch Date,تاريخ التشغيل
Dispatch Trip,رحلة تشغيل
Dispatch Trips by Status,رحلات التشغيل حسب الحالة
Dispatched,تم التشغيل
Disposal/Scrap,إتلاف/خردة
Disputed,متنازع عليه / معترض عليه
Disputed Rental Settlements,تسويات الإيجار المتنازع عليها
Disputed Utility Bills,فواتير الخدمات المعترض عليها
Disputed or suspicious fuel-control case. Holds usage/GPS evidence and enforces non-raiser closure (segregation of duties).,حالة رقابة وقود متنازع عليها أو مشبوهة. تحفظ أدلة الاستخدام/نظام تحديد المواقع وتفرض أن يُغلقها شخص غير منشئها (الفصل بين المهام).
District,الحي
DocType,نوع السجل
Document No,رقم الوثيقة
Document Number,رقم المستند
Document type to generate when creating rent payments from Accommodation Lease.,نوع المستند الذي يُنشأ عند إنشاء دفعات الإيجار من عقد إيجار السكن.
Documentation,التوثيق
Done,منجز
Draft,مسودة
Draft Payment Entry created on submit.,يُنشأ قيد دفع مسودة عند الاعتماد.
Drag an occupied bed onto an empty bed to transfer the resident.,اسحب سريراً مشغولاً إلى سرير فارغ لنقل المقيم.
Driver,سائق
Driver Attendance,حضور السائق
Driver Attendance Image,صورة حضور السائق
Driver Attendance Summary,ملخص حضور السائقين
Driver Availability,توفّر السائقين
Driver Clearance,إخلاء طرف سائق
Driver Clearance Certificate,شهادة إخلاء طرف السائق
Driver Clearance Register,سجل إخلاء طرف السائقين
Driver Clearances Pending,تصاريح السائقين قيد الانتظار
Driver Licenses Expiring Soon,رخص القيادة قاربت على الانتهاء
Driver Operations,عمليات السائقين
Driver Portal,بوابة السائق
Driver Stop,إيقاف سائق
Driver license has expired. Renew before assigning to trips.,انتهت صلاحية رخصة القيادة. يرجى التجديد قبل الإسناد للرحلات.
Driver portal is not enabled.,بوابة السائق غير مفعّلة.
"Driver stop record (violation, leave, termination, or transfer). May release the linked vehicle.",سجل إيقاف سائق (مخالفة أو إجازة أو إنهاء خدمة أو نقل). قد يُحرّر المركبة المرتبطة.
Drop target must be an available bed.,يجب أن يكون الهدف سريراً متاحاً.
Drop-off To,نقطة الإنزال
Dropoff,نقطة الوصول
Due Date,تاريخ الاستحقاق
Due Date is required.,تاريخ الاستحقاق مطلوب.
Duplicate Claim,مطالبة مكررة
ERPNext Asset Integration,تكامل أصول ERPNext
ERPNext Asset Record,سجل أصول ERPNext
ERPNext Item (Optional),عنصر ERPNext (اختياري)
ERPNext Stock Integration,تكامل مخزون ERPNext
Each cart line must have a quantity greater than zero.,يجب أن تكون كمية كل سطر في السلة أكبر من صفر.
Each cart line must reference an article.,يجب أن يشير كل سطر في السلة إلى صنف.
"Each custody item must be marked Returned, Lost, or Damaged before submission.",يجب تحديد كل بند عهدة كـ مُعاد أو مفقود أو تالف قبل التقديم.
Each row must have at least 1 room.,يجب أن يحتوي كل صف على غرفة واحدة على الأقل.
Electric,كهربائي
Electrical,كهرباء / كهربائي
Electricity,كهرباء
Email,البريد الإلكتروني
Email address where the e-bill arrives.,البريد الإلكتروني الذي تصل إليه الفاتورة الإلكترونية.
Emergency,حالة طارئة
Emergency & Crisis,الطوارئ والأزمات
Emergency Signage Required,لافتات الطوارئ مطلوبة
Emp,موظف
Employee,الموظف
Employee (Custodian),الموظف (المؤتمن على العهدة)
Employee Custody,عهدة الموظف
Employee Daily Share (SAR),حصة الموظف اليومية (ريال)
Employee Name,اسم الموظف
Employee Responsible,الموظف المسؤول
Empty,فارغ
Enable Approvals,تفعيل الموافقات
Enable Damage Deduction Posting,تفعيل ترحيل خصم التلفيات
Enable Driver Portal,تفعيل بوابة السائق
Enable ERPNext Asset Link,تفعيل الربط مع أصول ERPNext
Enable GL Entry Posting,تفعيل ترحيل قيود دفتر الأستاذ العام
Enable Housing Allowance Deduction,تفعيل خصم بدل السكن
Enable Operational Notifications,تفعيل الإشعارات التشغيلية
Enable Stock Entry Posting,تفعيل ترحيل سندات المخزن
Enable Supplier Markup,تفعيل هامش المورد
Enable if this meter covers multiple units,فعّل هذا الخيار إذا كان هذا العدّاد يغطّي عدة وحدات
Enabled,مفعّل
End Date,تاريخ الانتهاء
End Date cannot be earlier than Start Date.,لا يمكن أن يكون تاريخ الانتهاء أقدم من تاريخ البداية.
End Datetime,تاريخ ووقت الانتهاء
End Datetime cannot be earlier than Start Datetime.,لا يمكن أن يكون وقت الانتهاء قبل وقت البدء.
End of Assignment,انتهاء التكليف
End of Contract,نهاية العقد
Ended,منتهٍ
Engine Ledgers / Audit,دفاتر المحركات / التدقيق
English,الإنجليزية
Entrance,المدخل
Error Log,سجل الأخطاء
Escalated Maintenance Requests,طلبات الصيانة المصعدة
Estimate derived from the Accommodation Ledger memo only (not salary). Populated by the v0.8.6 aging job.,تقدير مشتق من مذكرة دفتر السكن فقط (وليس من الراتب). تُعبّئه مهمة احتساب الأعمار في الإصدار v0.8.6.
Estimated Accommodation Cost Bleed (SAR),التكلفة المقدّرة لهدر السكن (ريال)
Estimated Cost (SAR),التكلفة التقديرية (ريال)
Estimated Monthly Saving,الوفر الشهري المقدّر
Estimated Replacement Cost (SAR),تكلفة الاستبدال التقديرية (ريال)
Estimated Unit Cost,التكلفة التقديرية للوحدة
Evening,مسائي
Evidence,الأدلة
Evidence (Photo/Document),الإثبات (صورة/مستند)
Evidence Notes,ملاحظات الإثبات
Evidence Photo,صورة الإثبات
Evidence Required,إثبات مطلوب
Evidence Submitted,تم تقديم الإثبات
Evidence is required before moving the write-off case beyond Open.,الأدلة مطلوبة قبل نقل حالة الشطب إلى ما بعد «مفتوح».
Evidence required before resolving,الإثبات مطلوب قبل الإغلاق
Example,مثال
Excellent,ممتاز
Exception Type,نوع الاستثناء
Excessive Topup,تعبئة مفرطة
Executed By,جهة التنفيذ
Execution,التنفيذ
Execution Date,تاريخ التنفيذ
Execution Instructions,تعليمات التنفيذ
Execution Status,حالة التنفيذ
Execution Time,وقت التنفيذ
Exhausted,مستنفدة
Expected Check-out Date,تاريخ المغادرة المتوقع
Expected Count,العدد المتوقع
"Expected boarding count, derived from the linked Transport Request's registered worker count.",عدد الصعود المتوقع، مشتق من عدد العمالة المسجّلين في طلب النقل المرتبط.
Expected check-out date cannot be earlier than the check-in date.,لا يمكن أن يكون تاريخ المغادرة المتوقع قبل تاريخ الدخول.
Expected check-out date is required for temporary stays.,تاريخ المغادرة المتوقع مطلوب للإقامات المؤقتة.
Expense Request Afmco,طلب صرف
Expense Request Afmco DocType is not installed.,نوع مستند طلب الصرف غير مثبت.
Expense Type,نوع المصروف
Expired,منتهٍ
Expired Licenses,الرخص المنتهية
Expiring Soon,ينتهي قريباً
Expiring Vehicle Compliance,وثائق امتثال المركبات التي تنتهي قريباً
Expiry Date,تاريخ الانتهاء
Exterior,خارجي
External Area,منطقة خارجية
External Worker,عامل خارجي
External rental office that supplies rented vehicles to the fleet.,مكتب تأجير خارجي يزوّد الأسطول بالمركبات المستأجرة.
Facility Asset,أصل المنشأة
Facility Asset Custody Assignment,تخصيص عهدة أصول المنشأة
Facility Asset Movement,حركة أصول المرافق
Facility Assets,أصول المنشأة
Facility Assets Needing Attention,أصول المنشأة التي تتطلب متابعة
Facility Assets by Category,أصول المنشأة حسب التصنيف
Facility Assets by Status,أصول المنشأة حسب الحالة
Facility Custody Item,عهدة المرافق
Facility Item,عنصر مرفق
Facility and Utility Master,بيانات الأصول والخدمات الأساسية
Fail,غير مجتاز
Failed,فاشل
Failed to apply the Apex configuration,فشل تطبيق إعداد Apex
Fair,مقبول
Faulty,معطل
February,فبراير
Final Exit,خروج نهائي
Finance Approved By,اعتمده من المالية
Finance Approved On,تاريخ اعتماد المالية
Finance Decision,قرار المالية
Finance Manager Dashboard,لوحة معلومات المدير المالي
Finance Notification Email,بريد إشعار المالية
Financial Information,المعلومات المالية
Financials,الماليات
Finding Description,وصف الملاحظة
Findings,الملاحظات
Findings by Severity,الملاحظات حسب درجة الخطورة
Fine / Violation,مخالفة
Fire,حريق
Fire Alarm Panel,لوحة إنذار الحريق
Fire Alarm Panel Present,لوحة إنذار الحريق موجودة
Fire Equipment Service,صيانة معدات الحريق
Fire Extinguisher,طفاية حريق
Fire Safety,السلامة من الحريق
First Aid Kit,صندوق الإسعافات الأولية
First Aid Kit Required,حقيبة الإسعافات الأولية مطلوبة
First Payment Date,تاريخ أول دفعة
First Payment Date cannot be before Lease Start Date.,لا يمكن أن يكون تاريخ أول دفعة قبل تاريخ بداية عقد الإيجار.
Fixed Asset (Capex),أصل ثابت (مصروفات رأس مالية)
Fleet,الأسطول
Fleet Manager Dashboard,لوحة معلومات مدير الأسطول
Fleet Supervisor Dashboard,لوحة معلومات مشرف الأسطول
"Fleet driver master record: identity, project, supervisor, vehicle linkage, and compliance.",سجل أساسي لسائق الأسطول: الهوية والمشروع والمشرف وربط المركبة والامتثال.
"Fleet vehicle master record. Stores plate, ownership, and operational status.",سجل أساسي لمركبة الأسطول. يخزّن اللوحة والملكية والحالة التشغيلية.
Floor,الطابق
Floor Number,رقم الطابق
Floor Plan,مخطط الطوابق
For Subcontractor or External Worker when Employee link is not available.,للمقاول من الباطن أو العامل الخارجي عند عدم توفّر ارتباط الموظف.
Forgotten Request,طلب منسي
Formal lease contract holder for one building. Carries the rent payment schedule. Landlord identity fields stay on Accommodation Building.,حامل عقد الإيجار الرسمي لمبنى واحد. يحمل جدول دفعات الإيجار. تبقى بيانات هوية المالك على سجل المبنى.
Frappe Standard,Frappe القياسي
Frequency,التكرار / الدورية
From Bed,من سرير
From Building,من مبنى
From Company,من الشركة
From Cost Center,من مركز التكلفة
From Cost Center and To Cost Center must be different when both are set.,يجب أن يختلف مركز التكلفة المصدر عن مركز التكلفة الهدف عند تحديد كليهما.
From Date,من تاريخ
From Date and To Date are required.,حقلا «من تاريخ» و«إلى تاريخ» إلزاميان.
From Driver,من السائق
From Location,من الموقع
From Project,من المشروع
From Project and To Project must be different for a cost transfer.,يجب أن يختلف المشروع المصدر عن المشروع الهدف في تحويل التكلفة.
From Room,من غرفة
From and To location must differ for a Facility Asset Movement.,يجب أن يختلف موقع البداية والنهاية في حركة أصول المنشأة.
Front Desk,مكتب الاستقبال
Frontend Base URL,العنوان الأساسي للواجهة الأمامية
Frontend Base URL must start with http:// or https:// (for example https://salis-fleet.com).,يجب أن يبدأ رابط الواجهة الأمامية بـ http:// أو https:// (مثال: https://salis-fleet.com).
Frontend Integration,تكامل الواجهة الأمامية
Fuel,وقود
Fuel Approval Console,وحدة اعتماد الوقود
Fuel Chip Returned,تم إرجاع شريحة الوقود
Fuel Claim,مطالبة وقود
Fuel Claim Register,سجل مطالبات الوقود
Fuel Claim Variance by Month,انحراف مطالبات الوقود حسب الشهر
Fuel Claim Voucher,سند مطالبة وقود
Fuel Claim vs Consumption,مطالبات الوقود مقابل الاستهلاك
Fuel Consumption (Litres),استهلاك الوقود (لترات)
Fuel Consumption Ledger,دفتر استهلاك الوقود
Fuel Consumption Summary,ملخص استهلاك الوقود
Fuel Daily Log,السجل اليومي للوقود
Fuel Exception Case,حالة استثناء وقود
Fuel Exception Register,سجل استثناءات الوقود
Fuel Level,مستوى الوقود
Fuel Litres Dispensed This Month,لترات الوقود المصروفة هذا الشهر
Fuel Misuse,إساءة استخدام الوقود
Fuel Platform,منصة الوقود
Fuel Quota,حصة الوقود
Fuel Reconciliation,مطابقة الوقود
Fuel Request,طلب وقود
Fuel Request Approval Threshold (Litres),حد اعتماد طلب الوقود (لترات)
Fuel Request Approval Threshold cannot be negative.,لا يمكن أن يكون حد اعتماد طلب الوقود سالباً.
Fuel Request Pending Max Days,الحد الأقصى لأيام انتظار طلب الوقود
Fuel Requests Approved This Month,طلبات الوقود المعتمدة هذا الشهر
Fuel Spend This Month,إنفاق الوقود لهذا الشهر
Fuel Spend Trend,اتجاه إنفاق الوقود
Fuel Spend by Platform,إنفاق الوقود حسب المنصة
Fuel Spend by Vehicle,إنفاق الوقود حسب المركبة
"Fuel is live. Quotas, requests, and claims now keep consumption and spend reconciled.",تم تشغيل الوقود. تحافظ الحصص والطلبات والمطالبات الآن على مطابقة الاستهلاك والإنفاق.
Fuel requests above this litre amount require approval.,طلبات الوقود التي تتجاوز هذا الحد باللترات تتطلب موافقة.
Fuel service platform or provider used for fueling fleet vehicles.,منصة أو مزوّد خدمة وقود يُستخدم لتزويد مركبات الأسطول بالوقود.
Fulfilled,مُنفّذ
Fulfilled By (Movement),نُفِّذ بواسطة (الحركة)
Fulfilled On,تاريخ التنفيذ
Fulfilled Trips,الرحلات المنفّذة
Full,ممتلئ
Full Admin,مسؤول كامل الصلاحيات
Full Name,الاسم الكامل
Full Rooms,الغرف الممتلئة
Full amount on the utility company's invoice (before sharing),المبلغ الكامل في فاتورة شركة الخدمات (قبل المشاركة)
Furniture,أثاث
GL Posted,تم ترحيل قيد الأستاذ العام
GPS Mismatch,عدم تطابق GPS
Gas,غاز
Gate Pass,تصريح بوابة
Gate Pass Reference,رقم تصريح البوابة
Gemini,جيميني
Gen.Beds,توليد الأسرة
General,عام
General Details,تفاصيل عامة
Generate Payment,توليد الدفع
Generate Rooms & Beds â,إنشاء الغرف والأسرّة ✓
Generate Safety Setup,توليد إعداد السلامة
Generate from Table,توليد من الجدول
Generated By,أُنشئ بواسطة
Generated Maintenance Requests,طلبات الصيانة المنشأة
Generating Rooms & Bedsâ¦,جارٍ إنشاء الغرف والأسرّة…
Generating Safety Setupâ¦,جارٍ إعداد منظومة السلامة…
Generator,مولد كهربائي
Generator Service,صيانة المولد الكهربائي
Good,جيد
Google Maps Link,رابط خرائط جوجل
Government Relations Cases Open,حالات العلاقات الحكومية المفتوحة
"Grants viewing/admin credentials for CCTV systems to a specific user, scoped to one or more buildings.",يمنح صلاحيات المشاهدة/الإدارة لأنظمة المراقبة لمستخدم محدد، ضمن نطاق مبنى أو أكثر.
Ground (G),الأرضي (G)
"Ground floor uses G, e.g. JED1-G01.",الطابق الأرضي يستخدم الرمز G، مثال: JED1-G01.
Group Housing Permit,تصريح السكن الجماعي
HR,الموارد البشرية
HR Case,قضية موارد بشرية
Habitat Dashboard,لوحة معلومات هابيتات
Habitat Hub,مركز الإسكان
Habitat Internal / No Financial Posting,داخلي في Habitat / بدون ترحيل مالي
Habitat Safety Incident,حادثة سلامة سكنية
Habitat Settings,إعدادات السكن
Half,نصف
Handover Check Items,بنود فحص التسليم
Handover Checklist,قائمة فحص التسليم
Handover Date,تاريخ التسليم
Handover Details,تفاصيل التسليم
Hard Disk,القرص الصلب
Has Ground Floor (Floor 0),يوجد طابق أرضي (الطابق 0)
Has Timestamps,يحتوي طوابع زمنية
Has custody,لديه عهدة
Health & Hygiene,الصحة والنظافة العامة
High,عالية
High Priority,أولوية عالية
Hindi,الهندية
Holder,الجهة الحائزة
House over capacity in a temporary bed,الإسكان بتجاوز السعة في سرير مؤقت
Housed,مُسكَن
Housing,السكن
Housing Allowance Suspended,تعليق بدل السكن
Housing Request,طلب سكن
Housing Supervisor Report,تقرير مشرف السكن
Housing over capacityâ¦,السكن بطاقة زائدة…
Housingâ¦,الإسكان…
How To Integrate,كيفية التكامل
How often rent payments are scheduled. Amount per installment is calculated automatically.,معدّل جدولة دفعات الإيجار. يُحسب مبلغ كل قسط تلقائياً.
Hygiene,النظافة
I am a,أنا
Identifier (e.g. Iqama/contractor id) for an unregistered worker.,معرّف (مثل الإقامة/معرّف المتعاقد) لعامل غير مسجّل.
Identity,الهوية
Idle Days,أيام التوقف
Idle Resident Report,تقرير مقيم غير مُشغَّل
Idle Residents,الساكنون غير المشغّلين
Idle Vehicle,مركبة خاملة
Idle Vehicle Days,أيام خمول المركبة
If different from contract default,إذا كان مختلفاً عن افتراضي العقد
If execution discovered an issue requiring formal inspection,إذا اكتشف التنفيذ مشكلة تتطلب تفتيشاً رسمياً
"If set, the linked vehicle should be released from this driver.",عند التحديد، يجب تحرير المركبة المرتبطة من هذا السائق.
Image,صورة
Immediate Action Taken,الإجراء الفوري المتّخذ
Imminent Checkouts,مغادرات وشيكة
In Progress,قيد التنفيذ
In Storage,في المستودع
In Transit,في الطريق
In-App Only,داخل التطبيق فقط
In-App and Email,داخل التطبيق والبريد
Inactive,غير نشط
Inactivity Evidence,إثبات عدم النشاط
Inactivity evidence is required to submit a fuel chip cancellation.,إثبات عدم النشاط مطلوب لاعتماد إلغاء شريحة الوقود.
Incident Date & Time,تاريخ ووقت الحادثة
Incident Details,تفاصيل الحادثة
Incident Type,نوع الحادثة
Indicates the resolved request has been recorded in the asset's maintenance history.,يشير إلى أن الطلب المُعالَج سُجِّل في سجل صيانة الأصل.
Info,معلومة
Information,معلومات
Injury,إصابة
Inspection,تفتيش
Inspection Date,تاريخ الفحص
Inspection Finding Item,بند ملاحظة التفتيش
Inspection Type,نوع الفحص
Inspector,المفتّش
Inspector (Employee),الفاحص (الموظف)
Installation Date,تاريخ التركيب
Insurance,التأمين
Insurance Claim,مطالبة تأمين
Insurance Policy,بوليصة التأمين
Integration Enabled,التكامل مُفعّل
Integration Help,مساعدة التكامل
Inter-City Relocation,ترحيل بين المدن
Inter-City Relocations This Month,الترحيلات بين المدن لهذا الشهر
Inter-City Transport Requests,طلبات النقل بين المدن
Intercompany Approval,موافقات حركة الشركات
Intercompany Movement Register,سجل الحركات بين الشركات
Intercompany Moves Pending Acknowledgement,نقل بين الشركات بانتظار الإقرار
Intercompany Permanent,نقل دائم بين الشركات
Intercompany Temporary,نقل مؤقت بين الشركات
Interior,داخلي
Internal Auditor Dashboard,لوحة معلومات المدقق الداخلي
Internal Billing Model,نموذج الفوترة الداخلية
Internal Billing Notes,ملاحظات الفوترة الداخلية
Internal Employee,موظف داخلي
Internal Store,المتجر الداخلي
Internal Transfer,نقل داخلي
Internal cost-allocation ledger. Maintained automatically by the system and not edited manually.,سجل توزيع التكاليف الداخلي. يُدار آلياً بواسطة النظام ولا يُحرَّر يدوياً.
"Internal fuel consumption ledger. Maintained automatically by the system from Fuel Daily Log and Done Fuel Request records, and not edited manually.",دفتر استهلاك وقود داخلي. يُحدّثه النظام آلياً من سجلات سجل الوقود اليومي وطلبات الوقود المنجزة، ولا يُحرّر يدوياً.
Internet,إنترنت
Invalid Odometer Reading,قراءة عداد مسافة غير صالحة
Invalid or inactive location token.,رمز الموقع غير صالح أو غير مُفعّل.
Invalid readiness status.,حالة جاهزية غير صالحة.
Invalid submission.,تقديم غير صالح.
Inventory Completed,اكتمل الجرد
Inventory In Progress,الجرد جارٍ
Inventory Notes,ملاحظات الجرد
Iqama Number,رقم الإقامة
Iqama Number (if any),رقم الإقامة (إن وُجد)
Is Active,نشط
Is Cancelled,ملغى
Is Cross Region,عابر للمناطق
Is External Supplier Worker?,هل هو عامل مورد خارجي؟
Is Intercompany Movement,حركة بين الشركات
Is Serialized,مرمز / ذو رقم تسلسلي
Is Temporary,مؤقت
Isolation,عزل
Issuance,الإصدار
Issue,مشكلة
Issue Date,تاريخ الإصدار / تاريخ الصرف
Issue Description,وصف المشكلة / وصف الصرف
Issue Location,موقع المشكلة
Issue Masar Link,إصدار رابط مسار
Issue Type,نوع المشكلة / نوع الصرف
Issue custody,صرف العهدة
Issue custody first,اصرف العهدة أولاً
Issued,مصروف
Issued Custody Items,العهد المصروفة
Issued To (Employee),المصروف للموظف
Issued To (Free Text),صُرفت لـ (نص حر)
Issuing Authority,جهة الإصدار
Issuing custodyâ¦,جارٍ إصدار العهدة…
Issuing worker linkâ¦,جارٍ إصدار رابط العامل…
Issuingâ¦,جارٍ الإصدار…
Item,صنف
Item Description,وصف الصنف / البند
Item Name,اسم الصنف
Item Type,نوع الصنف
Items,الأصناف
January,يناير
July,يوليو
June,يونيو
KPI,مؤشر الأداء
Kitchen,المطبخ
Labour Supplier,مورّد العمالة
Landlord & Lease Details,تفاصيل المالك والإيجار
Landlord Mobile,رقم جوال المؤجر
Landlord Name,اسم المؤجر
Landlord Office / Real Estate Agency,مكتب المؤجر / المكتب العقاري
Landlord Supplier,المؤجر (مورد)
Landlord-issued contract number or file reference.,رقم العقد الصادر من المالك أو مرجع الملف.
Large Worker Moves Pending Escalation,تنقلات العمالة الكبيرة بانتظار التصعيد
Last Generated By,أنشئ بواسطة
Last Generated On,آخر إنشاء في
Last Inspected,آخر فحص
Last Inspected Date,تاريخ آخر فحص
Last Inventory Date,تاريخ آخر جرد
Last Modified By Role,آخر تعديل بواسطة صلاحية
Last Movement Date,تاريخ آخر حركة
Last Printed On,آخر طباعة في
Last Renewed On,تاريخ آخر تجديد
Late,متأخر
Launchpad,لوحة الانطلاق
Lease,عقد الإيجار
Lease / Contract Reference,مرجع عقد الإيجار
Lease Contract,عقد الإيجار
Lease End Date,تاريخ نهاية عقد الإيجار
Lease End Date must be after Lease Start Date.,يجب أن يكون تاريخ نهاية عقد الإيجار بعد تاريخ بداية العقد.
Lease Expiry Lead Days,أيام التنبيه قبل انتهاء الإيجار
Lease Expiry Watchlist,قائمة مراقبة انتهاء عقود الإيجار
Lease Start Date,تاريخ بداية عقد الإيجار
Lease Status,حالة عقد الإيجار
Leases by Status,عقود الإيجار حسب الحالة
Leave,إجازة
Leave blank for permanent,اتركه فارغاً للدائم
Ledger Cost This Month,تكلفة الدفتر هذا الشهر
Ledger Cost by Type,تكلفة الدفتر حسب النوع
Ledger Entries,قيود الدفتر
Ledger Rows,أسطر الدفتر
Ledger Type,نوع الدفتر
Ledgered,تم ترحيله للدفتر
Legal,الشؤون القانونية
Legal Case,قضية قانونية
License Expired,انتهاء صلاحية الرخصة
License Expiry,انتهاء الرخصة
License Expiry Lead Days,أيام التنبيه قبل انتهاء الرخصة
License Number,رقم الرخصة
License Type,نوع الرخصة
License/Certificate Number,رقم الرخصة/الشهادة
Licenses Expiring Soon,الرخص التي ستنتهي قريباً
Lifecycle,دورة الحياة
Lightweight Habitat-owned catalog of maintenance materials. Not linked to ERPNext Stock/Item unless explicitly mapped.,فهرس مبسّط لمواد الصيانة تابع لهابيتات. غير مرتبط بمخزون/أصناف ERPNext ما لم يُربط صراحةً.
Link after registration,الربط بعد التسجيل
Linked,مرتبط
Linked Accommodation Assignment must be submitted.,يجب اعتماد التسكين المرتبط.
"Linked ERPNext Supplier for the rental office, where applicable.",المورّد المرتبط في ERPNext لمكتب التأجير، عند الانطباق.
Linked Employee,الموظّف المرتبط
Linked Maintenance,طلب الصيانة المرتبط
Linked Maintenance Request,طلب الصيانة المرتبط
Linked Maintenance Request Item,بند طلب الصيانة المرتبط
Linked On,تاريخ الربط
Linked Payment Entry,قيد الدفع المرتبط
Linked Safety Inspection Report,تقرير فحص السلامة المرتبط
Links,الروابط
Links this asset to its ERPNext Asset record for depreciation tracking.,يربط هذا الأصل بسجل الأصل في ERPNext لتتبّع الإهلاك.
Litres,اللترات
Litres cannot be negative.,لا يمكن أن تكون اللترات سالبة.
Live View + Playback,بث مباشر + إعادة تشغيل
Live View Only,بث مباشر فقط
"Live fleet glance: vehicles by status, today's trips, driver availability and open transport requests.",نظرة حية على الأسطول: المركبات حسب الحالة ورحلات اليوم وتوفّر السائقين وطلبات النقل المفتوحة.
Load Material Template,تحميل قالب المواد
Loading actionsâ¦,جارٍ تحميل الإجراءات…
Loading boardâ¦,جارٍ تحميل اللوحة…
Loading mapâ¦,جارٍ تحميل الخريطة…
Loadingâ¦,جارٍ التحميل…
Location,الموقع
Location Token,رمز الموقع
Log,سجل
Log Count,عدد السجلات
Log Date,تاريخ السجل
Log Inspection,تسجيل تفتيش
Log your first building/floor safety inspection.,سجّل أول تفتيش سلامة لمبنى أو طابق.
Logged At,وقت التسجيل
Logged to Asset Maintenance History,مُسجَّل في سجل صيانة الأصل
Logging inspectionâ¦,جارٍ تسجيل التفتيش…
Logs,السجلات
Lost,مفقود
Low,منخفضة
MOL Worker Housing Approval,اعتماد سكن العمالة من وزارة الموارد البشرية
Maintenance,صيانة
Maintenance Aging,تقادم طلبات الصيانة
Maintenance Backlog,متراكمات أعمال الصيانة
Maintenance Dispatch,إرسال للصيانة
Maintenance Findings,ملاحظات الصيانة
Maintenance Flow,مسار الصيانة
Maintenance Inspection Report,تقرير فحص الصيانة
Maintenance Master,إدارة مواد الصيانة
Maintenance Material,مادة الصيانة
Maintenance Material Template,قالب مواد الصيانة
Maintenance Material Template Item,عنصر قالب مواد الصيانة
Maintenance Procurement Item,بند مشتريات الصيانة
Maintenance Request,طلب صيانة
Maintenance Requests by Priority,طلبات الصيانة حسب الأولوية
Maintenance Requests by Status,طلبات الصيانة حسب الحالة
Maintenance Work Order,أمر عمل صيانة
Maintenance Work Orders Completed,أوامر عمل الصيانة المكتملة
Maintenance Work Orders In Progress,أوامر عمل الصيانة قيد التنفيذ
Maintenance Work Orders by Status,أوامر عمل الصيانة حسب الحالة
Manifest Passenger,راكب الكشف
Manual,يدوي
Manual Entry,إدخال يدوي
March,مارس
Mark Completed,تحديد كمكتمل
Mark Missed,تحديد كـ فائت
Mark Received,تأكيد الاستلام
Mark as Completed,وسم كمكتمل
Mark this Service Order as In Progress?,هل تريد تحديد حالة أمر الخدمة هذا كـ 'قيد التنفيذ'؟
Mark this Service Order as Missed? This indicates the scheduled work was not completed on time.,هل تريد تحديد حالة أمر الخدمة هذا كـ 'فائت'؟ يشير ذلك إلى عدم اكتمال العمل المجدول في الوقت المحدد.
Mark this Task Instance as Completed?,تحديد هذه المهمة كمكتملة؟
Mark this Task Instance as In Progress?,هل تريد تحديد حالة تنفيذ المهمة هذا كـ 'قيد التنفيذ'؟
Mark this Work Order as Completed? This will post an operational ledger row.,وسم أمر العمل هذا كمكتمل؟ سيُرحّل ذلك سطراً في السجل التشغيلي.
Mark this Work Order as In Progress?,هل تريد تحديد حالة أمر العمل هذا كـ 'قيد التنفيذ'؟
Marked Completed via controlled method.,تم الوسم كمكتمل عبر الطريقة المعتمدة.
Marked Missed â work was not completed by the scheduled date.,مُصنَّف كفائت — لم يكتمل العمل في الموعد المحدد.
Marking Completed...,جارٍ الوسم كمكتمل...
Masar Worker Token,رمز عامل مسار
"Master agreement with an external subcontractor (pest control, sewage suction, deep cleaning, generator service, fire equipment service).",اتفاقية رئيسية مع مقاول باطن خارجي (مكافحة آفات، شفط مجاري، تنظيف عميق، خدمة مولدات، خدمة معدات الحريق).
Master categories for issuable custody articles.,فئات أساسية لأصناف العهدة القابلة للصرف.
Master switch indicating that an external frontend is integrated with this backend. This is a documentation/coordination flag; it does not start or stop the API.,مفتاح رئيسي يشير إلى تكامل واجهة أمامية خارجية مع هذا الخادم الخلفي. وهو مؤشر توثيقي/تنسيقي فقط؛ لا يشغّل الواجهة البرمجية ولا يوقفها.
Master switch to enable approval routing across Salis transactions.,المفتاح الرئيسي لتفعيل توجيه الموافقات عبر معاملات سلس.
Master: recurring task template that drives automatic Scheduled Task Instance generation.,رئيسي: قالب مهمة متكرر يقود الإنشاء الآلي لسجلات تنفيذ المهام المجدولة.
"Master: useful life and write-down schedule for custody article categories. Operational only, no GL.",رئيسي: العمر الإنتاجي وجدول التخفيض لفئات أصناف العهدة. تشغيلي فقط، دون دفتر أستاذ عام.
Masters and Contracts,البيانات الأساسية والعقود
Material,المادة
Material Name,اسم المادة
Materials,مواد
Materials required for the repair.,المواد المطلوبة للإصلاح.
Max Damage Deduction per Checkout (SAR),الحد الأقصى لخصم التلفيات عند المغادرة (ريال)
Max Occupancy %,أعلى نسبة إشغال
May,مايو
Medium,متوسطة
Message,الرسالة
Meter & Sharing,العدّاد والمشاركة
Meter Number,رقم العدّاد
Meter Readings & Sharing,قراءات العدّاد والمشاركة
Method,الطريقة
Migrated From,تم ترحيله من
Min Occupancy %,أدنى نسبة إشغال
Missed,فائت
Missed Cleaning,تنظيف مفقود
Missed Cleaning Logs,سجلات التنظيف الفائتة
Missed Reason,سبب التغيب
Missed Subcontractor Visits,زيارات مقاول الباطن الفائتة
Mobile Number,رقم الجوال
Mobile Number (Optional),رقم الجوال (اختياري)
Month,الشهر
Monthly Amount (SAR),المبلغ الشهري (ريال)
Monthly Cost Bleeding,هدر التكلفة الشهري
Monthly Cost per Bed Capacity (SAR),تكلفة السرير الشهرية للسعة (ريال)
Monthly Litres,اللترات الشهرية
Monthly Rent (SAR),الإيجار الشهري (ريال)
Monthly Retainer (SAR),المبلغ الشهري الثابت (ريال)
Monthly fuel quota allocated to a vehicle/driver on a project. Tracks allocated vs consumed litres.,حصة وقود شهرية مخصّصة لمركبة/سائق في مشروع. تتتبّع اللترات المخصّصة مقابل المستهلكة.
Morning,صباحي
Moved By (Employee),نُقل بواسطة (الموظف)
Movement,حركة
Movement Areas,مجالات الحركة
Movement Category,تصنيف الحركة
Movement Context,سياق الحركة
Movement Cost Recovery,استرداد تكلفة حركة
Movement Cost Recovery Register,سجل استرداد تكاليف الحركة
Movement Cost Recovery amounts at or above this value (SAR) require Operations-tier authority; lower amounts require at least Regional-tier.,مبالغ استرداد تكلفة الحركة التي تبلغ هذه القيمة (ريال) أو تتجاوزها تتطلب صلاحية مستوى العمليات؛ وما دونها يتطلب المستوى الإقليمي على الأقل.
Movement Cost Summary,ملخص تكاليف الحركة
Movement Cost Transfer,تحويل تكلفة حركة
Movement Date,تاريخ الحركة
Movement KPI Summary,ملخص مؤشرات أداء الحركة
Movement Operations Dashboard,لوحة معلومات عمليات الحركة
Movement Reason,سبب الحركة
Movement Type,نوع الحركة
"Movement planner who fulfilled the request, set on submit (Movement fulfils the request).",مخطّط الحركة الذي نفّذ الطلب، يُضبط عند الاعتماد (الحركة تنفّذ الطلب).
Must be Admin Manager,يجب أن يكون مدير الشؤون الإدارية
Must be checked before the assignment can be submitted.,يجب تحديده قبل أن يتمكّن من اعتماد التسكين.
My Maintenance Requests,طلبات الصيانة الخاصة بي
My Name (Optional),اسمي (اختياري)
My Open Submissions,مُقدَّماتي المفتوحة
My Work,مهامي
My Work Center,مركز عملي
Naming Series,سلسلة الترقيم
National ID,رقم الهوية الوطنية
Nationality,الجنسية
Native Asset Movement,حركة أصل داخلية
Needs Cleaning,يحتاج تنظيفاً
Needs Improvement,يحتاج تحسيناً
Needs Operations Authorization,يتطلب تفويض العمليات
Needs Repair,يحتاج إصلاحاً
Network Switch,مقسم الشبكة (السويتش)
New,جديد
New Assignment,تخصيص جديد
New Hire,موظف جديد
Next Expiry Date,تاريخ الانتهاء القادم
Next â,التالي ←
Night,ليلي
No,لا
No Salis Driver is linked to your account.,لا يوجد سائق سلس مرتبط بحسابك.
No actions available.,لا توجد إجراءات متاحة.
No active Safety Task Catalog entries found. Run the app setup first.,لم يُعثر على إدخالات نشطة في دليل مهام السلامة. يرجى تشغيل إعداد التطبيق أولاً.
No articles found.,لا توجد أصناف.
No available drivers.,لا يوجد سائقون متاحون.
No beds found for this building.,لا توجد أسرّة لهذا المبنى.
No drivers assigned today.,لا يوجد سائقون مسندون اليوم.
No floor plan defined. Add floor rows before generating.,لم يُحدَّد مخطط طوابق. أضف صفوف الطوابق قبل التوليد.
No open safety or maintenance signals for this building.,لا توجد إشارات سلامة أو صيانة مفتوحة لهذا المبنى.
No open transport requests.,لا توجد طلبات نقل مفتوحة.
No pending fuel requests for this project.,لا توجد طلبات وقود معلّقة لهذا المشروع.
No pending fuel requests. The queue is clear.,لا توجد طلبات وقود معلّقة. القائمة خالية.
No photo on file,لا توجد صورة
No project yet,لا يوجد مشروع بعد
No registered workers match. Register a new arrival below.,لا يوجد عمال مسجّلون مطابقون. سجّل وصولاً جديداً أدناه.
No trips scheduled for today.,لا توجد رحلات مجدولة لليوم.
No vehicle is assigned to you. Ask your supervisor to assign one before requesting fuel.,لا توجد مركبة مسندة إليك. اطلب من مشرفك إسناد مركبة قبل طلب الوقود.
No vehicles in scope.,لا توجد مركبات ضمن النطاق.
Non-Financial Depreciation Snapshot,لقطة إهلاك غير مالي
Non-sleeping,غرف غير سكنية
"Normalized plate (spaces removed, uppercased). Set automatically.",لوحة منسَّقة (دون مسافات وبأحرف كبيرة). تُضبط تلقائياً.
Not Done,غير منجز
Not Found,غير موجود
Not Installed,غير مثبت
Not Recording,لا يسجل
Not Tracked,غير متتبَّع
Not permitted,غير مسموح
Note,ملاحظة
Notes,ملاحظات
Nothing on your work center right now.,لا شيء في مركز عملك حاليًّا.
Notification,إشعار
Notification Channel,قناة الإشعار
Notifications,الإشعارات
Notify Finance on Cross-Cost-Center Transfer,إشعار المالية عند النقل بين مراكز التكلفة
November,نوفمبر
Now tap an available bed to transfer the resident.,الآن انقر على سرير متاح لنقل المقيم.
Number of Passengers,عدد الركاب
Number of Upper Floors,عدد الطوابق العلوية
Number of days a Fuel Request may stay Pending before it is flagged as overdue.,عدد الأيام التي يبقى فيها طلب الوقود قيد الانتظار قبل وسمه كمتأخر.
Number of days before an expiry or due date to start raising alerts.,عدد الأيام قبل تاريخ الانتهاء أو الاستحقاق لبدء إطلاق التنبيهات.
Number of days the resident has been idle. Accrued by the v0.8.6 aging job; not set manually.,عدد الأيام التي ظل فيها الساكن غير مشغّل. تتراكم عبر مهمة احتساب الأعمار في الإصدار v0.8.6؛ ولا تُضبط يدوياً.
Number of days without a dispatch trip before an Active vehicle is flagged as idle.,عدد الأيام دون رحلة تشغيل قبل وسم المركبة النشطة بأنها خاملة.
Number of times this asset has been moved between buildings.,عدد مرّات نقل هذا الأصل بين المباني.
OK,سليم
Occupancy %,نسبة الإشغال (%)
Occupancy % Trend,اتجاه نسبة الإشغال
Occupancy Percent Trend,اتجاه نسبة الإشغال
Occupied,مشغول
Occupied Beds,الأسرة المشغولة
October,أكتوبر
Odometer,عداد المسافة
Odometer End,عداد المسافة (النهاية)
Odometer Reading,قراءة عداد المسافة
Odometer Start,عداد المسافة (البداية)
Odometer cannot be negative.,لا يمكن أن تكون قراءة عداد المسافة سالبة.
Office,مكتب
Office Details,تفاصيل المكتب
Office Name,اسم المكتب
Office Name is required.,اسم المكتب مطلوب.
Offline,غير متصل
On Entry,عند الدخول
On Leave,في إجازة
On-Time %,نسبة الالتزام بالمواعيد %
On-call Only,عند الطلب فقط
One row per scheduled rent payment on an Accommodation Lease. Linked to a Payment Entry once processed.,سطر لكل دفعة إيجار مجدولة على عقد الإيجار. يُربط بقيد دفع بمجرد معالجته.
Only Finance can approve or mark a payment as paid. This step cannot be bypassed.,المالية فقط تعتمد أو تؤكّد الدفع. لا يمكن تجاوز هذه الخطوة.
Only Open or In Progress Task Instances can be marked Completed.,لا يمكن إكمال إلا المهام المفتوحة أو قيد التنفيذ.
Only Service Orders with status In Progress can be marked Missed.,لا يمكن تحديد حالة 'فائت' إلا لأوامر الخدمة ذات الحالة 'قيد التنفيذ'.
Only Service Orders with status Scheduled can be marked In Progress.,لا يمكن تحديد حالة 'قيد التنفيذ' إلا لأوامر الخدمة ذات الحالة 'مجدول'.
Only Task Instances with status Open can be marked In Progress.,لا يمكن تحديد حالة 'قيد التنفيذ' إلا لتنفيذات المهام ذات الحالة 'مفتوح'.
Only Work Orders with status Planned can be marked In Progress.,لا يمكن تحديد حالة 'قيد التنفيذ' إلا لأوامر العمل ذات الحالة 'مخطط'.
Only a submitted transfer can be received.,لا يمكن استلام إلا النقل المعتمد.
Only submitted Maintenance Work Orders can be marked Completed.,لا يمكن وسم أوامر عمل الصيانة كمكتملة إلا بعد اعتمادها.
Only submitted Service Orders can be marked Missed.,لا يمكن تحديد حالة 'فائت' إلا لأوامر الخدمة المعتمدة.
Only submitted Service Orders can be started.,لا يمكن بدء تنفيذ أوامر الخدمة غير المعتمدة.
Only submitted Task Instances can be marked Completed.,لا يمكن تحديد المهمة كمكتملة إلا بعد اعتمادها.
Only submitted Task Instances can be started.,لا يمكن بدء تنفيذ المهام غير المعتمدة.
Only submitted Work Orders can be started.,لا يمكن بدء تنفيذ أوامر العمل غير المعتمدة.
Open,فتح
Open Action Inbox,فتح صندوق الإجراءات
Open Audit Remediation Plans,خطط معالجة التدقيق المفتوحة
Open Checkout Form,فتح نموذج تسجيل الخروج
Open Current Driver,فتح السائق الحالي
Open Current Vehicle,فتح المركبة الحالية
Open Custody Issues,طلبات صرف العهد المفتوحة
Open Dispatch Board,فتح لوحة التشغيل
Open Driver,فتح السائق
Open Exposure,الانكشاف المفتوح
Open Front Desk,فتح مكتب الاستقبال
Open Fuel Approval Console,فتح وحدة موافقة الوقود
Open Fuel Claim Disputes,نزاعات مطالبات الوقود المفتوحة
Open Fuel Exception Cases,حالات استثناء وقود مفتوحة
Open Maintenance,صيانة مفتوحة
Open Maintenance Requests,طلبات الصيانة المفتوحة
Open Movement Cost Recoveries,عمليات استرداد تكلفة حركة مفتوحة
Open Resident Requests,طلبات الساكنين المفتوحة
Open Safety Map,فتح خريطة السلامة
Open Subcontractor Service Orders,أوامر خدمة مقاول الباطن المفتوحة
Open Transport Requests,طلبات النقل المفتوحة
Open Vehicle,فتح المركبة
Open the Action Inbox,افتح صندوق الإجراءات
Open the Dispatch Board,افتح لوحة التشغيل
Open the Front Desk,افتح مكتب الاستقبال
Open the Safety Map,افتح خريطة السلامة
Open the front desk and place your first resident.,افتح مكتب الاستقبال وأسكِن أول مقيم.
Open the unified inbox that gathers everything pending your action across modules.,افتح الصندوق الموحد الذي يجمع كل ما ينتظر إجراءك عبر الوحدات.
Open the visual Dispatch Board to plan trips and assign vehicles to requests.,افتح لوحة التشغيل المرئية لتخطيط الرحلات وإسناد المركبات للطلبات.
Open the visual Front Desk board to check residents in and out.,افتح لوحة مكتب الاستقبال المرئية لتسجيل دخول الساكنين ومغادرتهم.
Operating Card,بطاقة التشغيل
Operational,تشغيلي
Operational Depreciation Aging,أعمار الإهلاك التشغيلي
Operational Depreciation Policy,سياسة الإهلاك التشغيلية
Operational Markup,هامش تشغيلي
Operational Memo,مذكرة تشغيلية
Operational Notifications,الإشعارات التشغيلية
Operational currency for Habitat cost fields. Fetched from Company if left blank.,العملة التشغيلية لحقول التكلفة في Habitat. تُجلب من الشركة إذا تُرك الحقل فارغاً.
Operations,العمليات
Operations Alert,تنبيه تشغيلي
Operations Director by default,مدير العمليات افتراضياً
"Operations requester, carried from the linked Transport Request (Operations owns the request).",مقدّم طلب العمليات، منقول من طلب النقل المرتبط (العمليات تملك الطلب).
Optional ERPNext Supplier FK for the landlord. Used to identify the payee for rent due reminders.,مرجع مورّد ERPNext اختياري للمالك. يُستخدم لتحديد المستفيد في تذكيرات استحقاق الإيجار.
"Optional Habitat pickup: when set, this stop is a worker housing pickup location (the Habitat-Salis bridge). The stop's coordinates/address can derive from the building.",التقاط هابيتات اختياري: عند ضبطه، تكون هذه المحطة موقع التقاط سكن عمالة (جسر هابيتات-سلس). ويمكن اشتقاق إحداثيات/عنوان المحطة من المبنى.
Optional future mapping to ERPNext Item/Stock. Leave blank to use Habitat catalog only.,ربط اختياري مستقبلي بصنف/مخزون ERPNext. اتركه فارغاً لاستخدام كتالوج Habitat فقط.
Optional logo shown in the portal header in place of the built-in brand mark.,شعار اختياري يظهر في ترويسة البوابة بدلاً من علامة الهوية المدمجة.
Optional override for the primary accent colour. Leave blank to use the colour defined by the selected theme.,تجاوز اختياري للون التمييز الأساسي. اتركه فارغاً لاستخدام اللون المحدَّد في السمة المختارة.
Optional photo of the bed/room condition at check-in (handover evidence).,صورة اختيارية لحالة السرير/الغرفة عند الدخول (دليل تسليم).
Optional photo of the bed/room condition at checkout (handover evidence).,صورة اختيارية لحالة السرير/الغرفة عند المغادرة (دليل تسليم).
Original Cost (SAR),التكلفة الأصلية (ريال)
Other,أخرى
Out of Service,خارج الخدمة
Outstanding,مستحق
Outstanding Fuel Exceptions,حالات استثناء وقود معلّقة
Outstanding Recoveries,عمليات استرداد معلّقة
Over Threshold,تجاوز الحد
Over-Capacity Alert Threshold (%),حد تنبيه تجاوز الطاقة الاستيعابية (%)
Over-Consumption,استهلاك زائد
Over-capacity,تجاوز السعة
Overall Result,النتيجة الإجمالية
Overall Status,الحالة العامة
Overdue,متأخر
Overdue Audit Remediation Plans,خطط معالجة التدقيق المتأخرة
Overdue Rental Settlements,تسويات الإيجار المتأخرة
Overdue Safety Tasks,مهام السلامة المتأخرة
Overdue Scheduled Tasks,المهام المجدولة المتأخرة
Overhead Absorption,تحميل المصاريف غير المباشرة
Overview,نظرة عامة
Owned,مملوكة
Owner Acknowledged,إقرار المالك
Owner Role,صلاحية المالك
Owner User,المستخدم المالك
Owner acknowledgement is required to submit a fuel chip cancellation.,إقرار المالك مطلوب لاعتماد إلغاء شريحة الوقود.
Ownership,الملكية
Ownership At Stop,الملكية عند الإيقاف
"Owning company for reporting and financial context. Defaulted from Salis Settings; reference only, posts no GL.",الشركة المالكة لأغراض التقارير والسياق المالي. مُهيّأة افتراضياً من إعدادات سلس؛ للمرجع فقط، ولا تُرحّل أي قيد في دفتر الأستاذ العام.
Owning company for reporting and financial context. Defaulted from Salis Settings; reference only. A transfer reallocates cost between projects within one company and posts no GL.,الشركة المالكة لأغراض التقارير والسياق المالي. مُهيّأة افتراضياً من إعدادات سلس؛ للمرجع فقط. يعيد التحويل توزيع التكلفة بين المشاريع داخل شركة واحدة ولا يُرحّل أي قيد في دفتر الأستاذ العام.
"Owning company, carried for reporting grouping. System-written; reference only, posts no GL.",الشركة المالكة، منقولة لأغراض تجميع التقارير. يكتبها النظام؛ للمرجع فقط، ولا تُرحّل أي قيد في دفتر الأستاذ العام.
Paid,مدفوع
Paid On,دُفع في تاريخ
Partially Occupied,مشغول جزئياً
Partially Occupied Rooms,الغرف المشغولة جزئياً
Partially Returned,مُرجَع جزئياً
Pass,مجتاز
Pass with Observations,اجتياز مع وجود ملاحظات
Passenger Count,عدد الركاب
Passenger Count Operations Threshold,حد عمليات عدد الركاب
Passenger Manifest,كشف الركاب
Passenger Manifests Today,كشوف الركاب اليوم
Passenger Name,اسم الراكب
Passenger counts above this number require Operations-tier authority.,أعداد الركاب التي تتجاوز هذا الرقم تتطلب صلاحية مستوى العمليات.
Passengers,الركاب
Passport Number,رقم الجواز
Payment,دفعة
Payment Entry,قيد الدفع
Payment Order,أمر الدفع
Payment Request,طلب دفع
Payment schedule can only be regenerated on a Draft lease.,لا يمكن إعادة توليد جدول الدفع إلا على عقد إيجار في مرحلة المسودة.
Payment schedule will be generated automatically on first save.,سيتم توليد جدول الدفعات آلياً عند الحفظ الأول.
Pending,قيد الانتظار
Pending Accommodation Checkouts,مغادرات السكن المعلقة
Pending Approval,بانتظار الاعتماد
Pending Approvals,الموافقات المعلقة
Pending Finance,بانتظار المالية
Pending Fuel Requests,طلبات الوقود المعلقة
Pending My Action,بانتظار اتخاذ إجرائي
Pending Transport Requests,طلبات نقل معلّقة
Pending Utility Bills,فواتير الخدمات المعلّقة
Percentage of the total invoice borne by this building/unit,النسبة المئوية من إجمالي الفاتورة التي يتحمّلها هذا المبنى/الوحدة
Period,الفترة
Period (Days),الفترة (أيام)
Period (Month),الفترة (الشهر)
Period Days,أيام الفترة
Period End,نهاية الفترة
Period From,الفترة من
Period Month,شهر الفترة
Period Start,بداية الفترة
Period To,الفترة إلى
Periodic,دوري
Periodic Inspection,الفحص الدوري
Permanent,دائم
Personal Access Token,رمز الوصول الشخصي
Pest Control,مكافحة الحشرات والآفات
Pest Control Required,مكافحة الآفات مطلوبة
Petrol,بنزين
Phone,الهاتف
Photo Evidence Required,يلزم إثبات بالصورة
Photo evidence that maintenance work was completed. Required before closing.,دليل مصوّر على اكتمال أعمال الصيانة. مطلوب قبل الإغلاق.
Photographic evidence captured for a driver attendance record.,دليل مصوّر يُلتقط لسجل حضور سائق.
"Physical Location (e.g., Laundry Room, Floor 2 Hallway)",الموقع الفعلي (مثال: غرفة الغسيل، ممر الطابق 2)
Physical facility asset movement with intercompany approval controls.,نقل مادي لأصل مرفق مع ضوابط اعتماد بين الشركات.
Physical meter ID as printed on the meter or invoice,معرّف العدّاد الفعلي كما هو مطبوع على العدّاد أو الفاتورة
Pick a building to start the arrival.,اختر مبنى لبدء الوصول.
Pick a buildingâ¦,اختر مبنى…
Pick a project first.,اختر مشروعاً أولاً.
Pick a projectâ¦,اختر مشروعاً…
Pick a worker first.,اختر عاملاً أولاً.
Pick an article.,اختر صنفاً.
Pickup,نقطة الانطلاق
Pickup Building,مبنى الالتقاط
Pickup Datetime,تاريخ ووقت الانطلاق
Pickup From,نقطة الانطلاق
Pickup Point,نقطة الالتقاط
Planned,مخطط
Planned End Date,تاريخ النهاية المخطط له
Planned End Date must be on or after Planned Start Date.,يجب أن يكون تاريخ النهاية المخطط له بعد تاريخ البداية أو مساوياً له.
Planned Start Date,تاريخ البداية المخطط له
Planned Time,الوقت المخطط
Planned departure date for a temporary stay. The supervisor is alerted as it approaches and if the worker is still checked in past it.,تاريخ المغادرة المخطّط لإقامة مؤقتة. يُنبّه المشرف عند اقترابه وإذا ظل العامل مسجّل الدخول بعده.
Plate,اللوحة
Plate (Normalized),اللوحة (مُنسَّقة)
Plate Number,رقم اللوحة
Platform,المنصة
Platform Details,تفاصيل المنصة
Platform Name,اسم المنصة
Platform Name is required.,اسم المنصة مطلوب.
Please attach a completion photo before marking as completed.,يرجى إرفاق صورة الإنجاز قبل وضع علامة مكتمل.
Please describe your request.,يرجى وصف طلبك.
Plumbing,سباكة
Policy Name,اسم السياسة
Poor,رديء
Poor Safety Task Executions,تنفيذات مهام السلامة الضعيفة
Portal & Naming,البوابة والترقيم
Post-Work,بعد العمل
Posted (memo),مُرحّل (مذكرة)
Poster Title,عنوان الملصق
Posting Date,تاريخ الترحيل
Posting Mode,نمط الترحيل
Pre-Work,قبل العمل
Pre-defined material sets per issue type. Load into Maintenance Request or Work Order procurement items.,مجموعات مواد معرّفة مسبقاً لكل نوع عطل. تُحمّل ضمن بنود توريد طلب الصيانة أو أمر العمل.
Preferred Language,اللغة المفضّلة
Prefix added before the room number (e.g. 'A' gives A101). Leave blank for numeric only.,"بادئة تُضاف قبل رقم الغرفة (مثال: ""A"" ينتج A101). اتركها فارغة للأرقام فقط."
Present,حاضر
Previous Building,المبنى السابق
Previous Location,الموقع السابق
Previous Reading,القراءة السابقة
Previous Repair Confirmation Details,تفاصيل تأكيد الإصلاحات السابقة
Previous Repairs Confirmed,تم تأكيد الإصلاحات السابقة
Previous Status,الحالة السابقة
Print handover,طباعة سند التسليم
Print slip,طباعة القسيمة
Priority,الأولوية
Process Fuel Claim,معالجة مطالبة وقود
Process a Fuel Claim,معالجة مطالبة وقود
Procurement Items,بنود المشتريات
Procurement Items Required,يلزم بنود مشتريات
Project,المشروع
Project Transfer,تحويل المشروع
Project is required.,المشروع مطلوب.
Property / Unit Name,اسم العقار / الوحدة
Provider,مزود الخدمة
Public URL,الرابط العام
"Public base URL of the external frontend that consumes this backend, for example https://salis-fleet.com.",العنوان الأساسي العام للواجهة الأمامية الخارجية التي تستهلك هذا الخادم الخلفي، مثل https://salis-fleet.com.
Purchase Invoice,فاتورة المشتريات
Purpose,الغرض
Purpose / Notes,الغرض / ملاحظات
Purpose is too long. Please keep it under 2000 characters.,الغرض طويل جداً. يرجى إبقاؤه أقل من 2000 حرف.
QR,رمز QR
QR Web Form,نموذج ويب QR
QR issued,صدر رمز QR
Qty,الكمية
Qty (signed),الكمية (موجبة/سالبة)
Qty Issued,الكمية المصروفة
Qty Returned,الكمية المعادة
Quantity,الكمية
Quantity Issued,الكمية المصروفة
Quarter,ربع
Quarterly,ربع سنوي
Quick Check-in,تسجيل دخول سريع
Quick Check-out,تسجيل خروج سريع
Quick Room Setup,إعداد الغرف السريع
Quota Applied,تم تطبيق الحصة
Quota Dispute,نزاع حصة
Quota Exceeded,تجاوز الحصة
Quota Increase,زيادة الحصة
Quota Increase Claim,مطالبة زيادة الحصة
Quota Litres,لترات الحصة
Quota period in YYYY-MM format (e.g. 2026-05).,فترة الحصة بصيغة YYYY-MM (مثال: 2026-05).
Quota-increase claim - requires Operations-tier approval and a Finance consult note.,طلب زيادة حصة الوقود — يستلزم موافقة مستوى العمليات وملاحظة استشارة مالية.
Raise Fuel Request,إنشاء طلب وقود
Raise Transport Request,إنشاء طلب نقل
Raise a Fuel Request,أنشئ طلب وقود
Raise a Transport Request,أنشئ طلب نقل
Raised By,أُنشئ بواسطة
Raised On,أُنشئ في
Rating,التقييم
Readiness Status,حالة جاهزية الغرفة
Readings & Completion,القراءات والإنجاز
Ready,جاهز
Reallocation,إعادة تخصيص
Reason,السبب
Reason Category,سبب عدم التشغيل
Receipt,استلام
Receive Transfer,استلام النقل
Received,مُستلَم
Received Date,تاريخ الاستلام
Receiving Confirmed,تم تأكيد الاستلام
Receiving Confirmed By,تأكيد الاستلام من قِبَل
Receiving Confirmed By is required for intercompany asset movement.,حقل 'تأكيد الاستلام من قِبَل' مطلوب لحركة الأصول بين الشركات.
Recent Error Logs,سجلات الأخطاء الأخيرة
Recipient address for the cross-cost-center transfer memo. Falls back to the Finance Manager role if left blank.,عنوان مستلم مذكرة التحويل بين مراكز التكلفة. يُستعاض عنه بدور المدير المالي إذا تُرك فارغاً.
Recommended Action,الإجراء الموصى به
Reconciled,تمت المطابقة
Record a Safety Inspection,سجّل تفتيش سلامة
Record a Vehicle Assignment,سجّل إسناد مركبة
"Record actual fuelling and spend, then reconcile it against the quota and request.",سجّل التزويد والإنفاق الفعلي، ثم طابقه مع الحصة والطلب.
Record an Accommodation Assignment,تسجيل تسكين
Recording,يُسجِّل
Records a vehicle stop event with reason and ownership context.,يسجّل حدث إيقاف مركبة مع السبب وسياق الملكية.
Records damage on returned custody articles. A salary deduction is applied only when damage deduction is enabled in Habitat Settings.,يسجّل التلف في أصناف العهدة المرتجعة. ولا يُطبّق خصم من الراتب إلا عند تفعيل خصم التلف في إعدادات هابيتات.
Records execution of a single safety task on a specific date for a specific building.,يسجّل تنفيذ مهمة سلامة واحدة في تاريخ محدد لمبنى محدد.
Records the handover of a vehicle from one driver to another.,يسجّل تسليم مركبة من سائق إلى آخر.
Recover from Driver,استرداد من السائق
Recovered,مُسترد
Recovery,الاسترداد
Recovery Type,نوع الاسترداد
Reference Document Type,نوع مستند المرجع
Reference Name,اسم المرجع
"Reference catalog of standardized safety tasks. Each task defines its department, frequency, priority, and instructions.",سجل مرجعي لمهام السلامة المعيارية. تحدّد كل مهمة قسمها ودوريتها وأولويتها وتعليماتها.
Reference only. Set externally after Finance posts payment in the accounting module. This DocType never creates or posts a GL/Payment Entry.,للمرجع فقط. يُضبط خارجياً بعد ترحيل المالية للدفعة في وحدة المحاسبة. لا يُنشئ هذا المستند ولا يرحّل أي قيد في دفتر الأستاذ العام أو قيد دفع.
Reference to the raised Salis Payment Request. Set automatically; this DocType never posts GL.,مرجع لطلب دفع سلس المُنشأ. يُضبط آلياً؛ ولا يرحّل هذا المستند أي قيد في دفتر الأستاذ العام.
Reference-only link to the Finance/HR Payment Request that handles the actual deduction. Movement does not post any payment.,رابط مرجعي فقط لطلب الدفع لدى المالية/الموارد البشرية الذي يتولى الخصم الفعلي. ولا تُرحّل الحركة أي دفعة.
Refresh,تحديث
Refresh Board,تحديث اللوحة
Refresh Map,تحديث الخريطة
Regenerate Payment Schedule,إعادة توليد جدول السداد
Regenerate Token,إعادة توليد الرمز
Regenerating invalidates the worker's current link and QR. Continue?,إعادة التوليد تُبطل رابط العامل ورمزه الحاليين. متابعة؟
Register,تسجيل
Register New Arrival (Passport),تسجيل وصول جديد (الجواز)
Register Salis Driver,تسجيل سائق سلس
Register Salis Vehicle,تسجيل مركبة سلس
Register a Salis Driver,سجّل سائق سلس
Register a Salis Vehicle,سجّل مركبة سلس
Register new arrival by passport,تسجيل وصول جديد برقم الجواز
Registered worker (Employee) who boarded. Leave blank and tick 'Unregistered' for a contractor/temp hire not on the request manifest.,"العامل المسجّل (الموظف) الذي صعد. اتركه فارغاً وفعّل ""غير مسجّل"" لمتعاقد/موظف مؤقت غير مدرج في كشف الطلب."
Registeringâ¦,جارٍ التسجيل…
Registration (Istimara),الاستمارة
Reimbursement,تعويض
Reject,رفض
Reject Fuel Request,رفض طلب الوقود
Rejected,مرفوض
Rejected by Client,مرفوض من قِبل العميل
Rejectingâ¦,جارٍ الرفض…
Related Driver,السائق المرتبط
Related Facility Asset,أصل المنشأة المرتبط
Related Tables,الجداول المرتبطة
Related Vehicle,المركبة المرتبطة
Release Approved,الإصدار معتمد
Release Approved By,اعتماد الإصدار من قِبَل
Release Approved By is required for intercompany asset movement.,حقل 'اعتماد الإصدار من قِبَل' مطلوب لحركة الأصول بين الشركات.
Release Vehicle,تحرير المركبة
Released,محرّر
Remark,ملاحظة
Remarks,ملاحظات
Remediation Action,إجراء المعالجة
Remediation Action Required,الإجراء العلاجي المطلوب
Remediation Actions,الإجراءات العلاجية
Remediation Deadline,الموعد النهائي للمعالجة
Remediation Plan,خطة المعالجة
Remove,إزالة
Renewal Cost Estimate (SAR),تكلفة التجديد التقديرية (ريال)
Renewal Lead Days,مهلة التجديد بالأيام
Rent,الإيجار
Rent (SAR),الإيجار (ريال)
Rent Due Day of Month,يوم استحقاق الإيجار من الشهر
Rent Payment Schedule,جدول سداد الإيجارات
Rental,إيجار
Rental Accrual (Amount),استحقاق الإيجار (المبلغ)
Rental Accrual Ledger,دفتر استحقاق الإيجار
Rental Accrual This Month,استحقاق الإيجار لهذا الشهر
Rental Accrual Trend,اتجاه استحقاق الإيجار
Rental Cost This Month,تكلفة الإيجار هذا الشهر
Rental Cost by Office,تكلفة الإيجار حسب المكتب
Rental Office,مكتب التأجير
Rental Return,إرجاع مؤجَّر
Rental Settlement,تسوية الإيجار
Rental Settlement Item,بند تسوية الإيجار
Rental Settlement Register,سجل تسويات الإيجار
Rental Settlement Statement,كشف تسوية الإيجار
Rental Variance Report,تقرير انحراف الإيجار
Rental Vehicle Movement,حركة مركبة مستأجرة
Rentals,الإيجارات
Rented,مستأجرة
Reopened,أُعيد فتحه
Repair,إصلاح
Replace,استبدال
Replaced,مُستبدَل
Report,تقرير
Reported By,مُبلغ من قبل
Reported On,تاريخ الإبلاغ
Representative,المندوب
Representatives,المناديب
Representatives Fleet Dashboard,لوحة أسطول المناديب
Representatives Transport Fulfilled This Month,نقل المندوبين المنفّذ هذا الشهر
Representatives Transport Requests Open,طلبات نقل المندوبين المفتوحة
Request,طلب
Request Date,تاريخ الطلب
Request Details,تفاصيل الطلب
Request ID,رقم الطلب
Request Type,نوع الطلب
Request fuel for a vehicle to start the fuelling and reconciliation cycle.,اطلب وقوداً لمركبة لبدء دورة التزويد والتسوية.
Request submitted successfully.,تم إرسال الطلب بنجاح.
Requested By,مقدَّم بواسطة
Requested By (Operations),طلب بواسطة (العمليات)
Requested Litres,اللترات المطلوبة
Requested Litres must be greater than zero.,يجب أن تكون اللترات المطلوبة أكبر من صفر.
Requester,مقدّم الطلب
Requester Name,اسم مقدّم الطلب
Requester Type,نوع مقدّم الطلب
Requests Raised,الطلبات المُنشأة
Requests Served,الطلبات المخدومة
Require approval when an assignment or transfer crosses project boundaries.,اشتراط الموافقة عند تجاوز الإسناد أو النقل لحدود المشروع.
Required before the case can move beyond Open.,"مطلوب قبل أن تتجاوز الحالة وضع ""مفتوحة""."
Required for Accident or Violation stops.,مطلوب لحالات الإيقاف بسبب حادث أو مخالفة.
Required for Violation or Termination stops.,مطلوب لحالات الإيقاف بسبب مخالفة أو إنهاء خدمة.
Requires Procurement,يتطلب شراء
Resident,المقيم
Resident / worker is required.,المقيم / العامل مطلوب.
Resident Supervisor Dashboard,لوحة معلومات مشرف الساكنين
Resident Type,نوع المقيم
Residents and Rooms,الساكنون والغرف
Residual Value (%),القيمة المتبقية (%)
Resignation,استقالة
Resolution,المعالجة
Resolution Category,نوع المعالجة
Resolution Note,ملاحظة المعالجة
Resolution Notes,ملاحظات المعالجة
Resolution Notes are required to close a Habitat Safety Incident.,ملاحظات المعالجة مطلوبة لإغلاق حادثة السلامة السكنية.
Resolution Notes are required to resolve or close a Maintenance Request.,ملاحظات المعالجة مطلوبة لمعالجة طلب الصيانة أو إغلاقه.
Resolution Notes are required when closing or resolving a request.,ملاحظات المعالجة مطلوبة عند إغلاق الطلب أو معالجته.
Resolution Notes are required when resolving an Idle Resident Report.,ملاحظات المعالجة مطلوبة عند إغلاق بلاغ المقيم غير المشغّل.
Resolved,تمت المعالجة
Resolved By,تمت المعالجة بواسطة
Resolved On,تاريخ المعالجة
Response SLA (Hours),اتفاقية مستوى خدمة الاستجابة (بالساعات)
Responsible Department,الإدارة المسؤولة
Responsible Facility Supervisor,مشرف المنشأة المسؤول
Responsible Role,الصلاحية المسؤولة
Result,النتيجة
Retry,إعادة المحاولة
Return,إرجاع
Return Date,تاريخ الإرجاع
Return Status,حالة الإرجاع
Return Time,وقت العودة
Return from Leave,العودة من الإجازة
Return from Repair,إعادة بعد الإصلاح
Returned,مُعاد
Returned By (Employee),أُعيد بواسطة (الموظف)
Returned Items,الأصناف المعادة
Returned from Leave,عائد من إجازة
Returns And Outstanding Items,المرتجعات والبنود المعلّقة
Reversal Of,عكس قيد
Revert Due Date,تاريخ الاسترجاع المستحق
Reverted,مُسترجَع
Review Apex Integration Settings,مراجعة إعدادات تكامل أبيكس
Review Integration Settings,مراجعة إعدادات التكامل
Review the Active Resident Register,راجع سجل الساكنين النشطين
Review the Safety Task Catalog,مراجعة دليل مهام السلامة
"Review the shared integration switchboard: frontend URL, API version, and allowed origins.",راجع لوحة التكامل المشتركة: رابط الواجهة، وإصدار الواجهة البرمجية، والمصادر المسموح بها.
Revoked,مُلغى
Rework Required,يلزم إعادة العمل
Role,الدور
Role Profile,ملف الدور الوظيفي
Room,الغرفة
Room & Bed Generation,توليد الغرف والأسرة
Room Bed Transfer,نقل سرير الغرفة
Room Cleaning Details,تفاصيل تنظيف الغرفة
Room Condition Snapshot,صورة حالة الغرفة
Room Generator â Step 1 of 3: Building Code,منشئ الغرف — الخطوة 1 من 3: رمز المبنى
Room Generator â Step 2 of 3: Floor Plan,منشئ الغرف — الخطوة 2 من 3: مخطط الطابق
Room Generator â Step 3 of 3: Review,منشئ الغرف — الخطوة 3 من 3: المراجعة
Room Number,رقم الغرفة
Room Number Prefix,بادئة رقم الغرفة
Room Setup,إعداد الغرف
Room Status Breakdown,تفصيل حالة الغرف
Room Type,نوع الغرفة
Room not ready,الغرفة غير جاهزة
Room-level maintenance ticket. Can be generated automatically from a safety inspection report.,تذكرة صيانة على مستوى الغرفة. يمكن إنشاؤها آلياً من تقرير تفتيش السلامة.
Rooms,الغرف
Rooms Cleaned,الغرف التي تم تنظيفها
Rooms Generated,تم توليد الغرف
Rooms Generated On,تاريخ توليد الغرف
Rooms Planned,تم تخطيط الغرف
Rooms Total,إجمالي الغرف
Rooms on Floor,عدد الغرف في الطابق
Route,المسار
Route Name,اسم المسار
Route Plan,خطة المسار
Route Stop,محطة المسار
Router,راوتر
SLA (Days),مستوى الخدمة (أيام)
SLA Breached,تجاوز مستوى الخدمة
SLA Breached â this request requires immediate attention.,تجاوز اتفاقية مستوى الخدمة — هذا الطلب يستلزم اهتماماً فورياً.
Safety,السلامة
Safety Findings,ملاحظات السلامة
Safety Inspection Report,تقرير فحص السلامة
Safety Inspections,تفتيشات السلامة
Safety Inspections Over Time,تفتيشات السلامة عبر الزمن
Safety Inspections Recorded,فحوصات السلامة المسجلة
Safety Map,خريطة السلامة
Safety Open Findings,نتائج السلامة المفتوحة
Safety Operations,عمليات السلامة
Safety Profile,ملف السلامة
Safety Readiness,جاهزية السلامة
Safety Section — No Issues,قسم السلامة — لا توجد ملاحظات
Safety Setup,إعداد السلامة
Safety Setup Generated By,أنشأ إعداد السلامة
Safety Setup Generated On,تاريخ إنشاء إعداد السلامة
Safety Setup Generator,مولّد إعداد السلامة
Safety Setup Status,حالة إعداد السلامة
Safety Task (from Catalog),مهمة السلامة (من الدليل)
Safety Task Building Scope,نطاق مبنى مهمة السلامة
Safety Task Catalog,دليل مهام السلامة
Safety Task Execution,تنفيذ مهمة السلامة
Safety Task Executions by Result,تنفيذ مهام السلامة حسب النتيجة
Safety and Task Master,بيانات السلامة والمهام
Safety is set up. Scheduled tasks and inspections are active.,تم إعداد السلامة. المهام المجدولة والتفتيشات مفعّلة الآن.
Salary Component,مكوّن الراتب
Salary Component (Deduction type) used when posting custody damage as Additional Salary. Must exist in HRMS before enabling.,مكون الراتب (نوع خصم) المستخدم لترحيل تلفيات العهد كراتب إضافي. يجب أن يكون موجوداً في HRMS قبل التفعيل.
Salary Deduction,خصم من الراتب
Salis,سلس
Salis Dispatch Board,لوحة توجيه سلس
Salis Driver,سائق
Salis Finance Manager Dashboard,لوحة معلومات مدير سلس المالي
Salis Fleet Master,بيانات أسطول سلس
Salis Fleet Register,سجل الأسطول
Salis Fuel Setup,إعداد وقود سلس
Salis Go-Live,إطلاق تشغيل سلس
Salis Payment Register,سجل المدفوعات
Salis Payment Request,طلب دفع
Salis Portal Theme,سمة بوابة سلس
Salis Settings,إعدادات سلس
Salis Vehicle,مركبة
Salis Vehicle Compliance,امتثال المركبة
Salis is live. Use the Dispatch Board to plan trips and assign vehicles.,تم تشغيل سلس. استخدم لوحة التشغيل لتخطيط الرحلات وإسناد المركبات.
Same-Company Relocation,نقل داخل نفس الشركة
Sanitary Fixtures,تجهيزات صحية
Satisfactory,مُرضٍ
Save this code to follow up with your supervisor.,احتفظ بهذا الرمز للمتابعة مع مشرفك.
Schedule,الجدول الزمني
Scheduled,مجدول
Scheduled Awaiting Dispatch,مجدولة بانتظار الإرسال
Scheduled Date,التاريخ المجدول
Scheduled Job Log,سجل المهام المجدولة
Scheduled Task,مهمة مجدولة
Scheduled Task Compliance,الالتزام بالمهام المجدولة
Scheduled Task Instance,تنفيذ مهمة مجدولة
Scheduled Task Instances by Status,سجلات تنفيذ المهام المجدولة حسب الحالة
Scheduled Task Template,قالب جدولة المهام
Scheduled Tasks Open,المهام المجدولة المفتوحة
Scheduled Visit Frequency,دورية الزيارات المجدولة
Scope,النطاق
Scrapped,مشطوب
Search articles,ابحث عن الأصناف
Search articlesâ¦,البحث في المواد…
Search worker name or passportâ¦,البحث باسم العامل أو جواز السفر…
Security,أمن
Security & Systems,الأمن والأنظمة
See who is currently housed across your buildings.,اطّلع على المقيمين حالياً في مبانيك.
"Select 'Building' if leasing an entire building, or 'Apartment' if leasing a single unit.",اختر 'مبنى' إذا كان العقد لعمارة كاملة، أو 'شقة' إذا كان العقد لوحدة مستقلة.
Select a building before issuing.,اختر مبنى قبل الصرف.
Select a building to load the board.,اختر مبنى لتحميل اللوحة.
Select a building to load the catalog.,اختر مبنى لتحميل الكتالوج.
Select a building to load the map.,اختر مبنى لتحميل الخريطة.
Select a row from the Rent Payment Schedule to generate a payment.,اختر صفاً من جدول الدفعات لتوليد الدفع.
Select an employee before issuing.,اختر موظفاً قبل الصرف.
"Select an employee, then tap items to issue.",اختر موظفاً ثم انقر على الأصناف لصرفها.
Select at least one passenger.,اختر راكباً واحداً على الأقل.
Select from the Habitat material catalog. Optional — use instead of or alongside ERPNext Item.,اختر من كتالوج مواد Habitat. اختياري — استخدمه بدلاً من صنف ERPNext أو إلى جانبه.
Select the vehicle to release.,اختر المركبة المراد تحريرها.
Semi-Annual,نصف سنوي
Send a memo-only notification to Finance when a Material Transfer moves stock between buildings on different cost centers. No GL Entry is posted.,إرسال إشعار مذكرة فقط إلى المالية عند نقل المواد للمخزون بين مبانٍ على مراكز تكلفة مختلفة. دون ترحيل أي قيد في دفتر الأستاذ العام.
September,سبتمبر
Sequence,التسلسل
Serial No,الرقم التسلسلي
Serial No.,الرقم التسلسلي
Serial Number,الرقم التسلسلي
Series,التسلسل
"Server-derived Delegation-of-Authority flag: when set, only an Operations-tier authorization is allowed. Read by the workflow transition condition; cannot be hand-set.",مؤشر تفويض صلاحيات مشتق من الخادم: عند ضبطه، لا يُسمح إلا بتفويض من مستوى العمليات. تقرؤه شروط انتقال سير العمل؛ ولا يمكن ضبطه يدوياً.
Server-derived: submitted Administrative Trips this month for the project (incl. this one).,مشتق من الخادم: الرحلات الإدارية المعتمدة هذا الشهر للمشروع (متضمناً هذه الرحلة).
Service Contract,عقد الخدمة
Service Cost (SAR),تكلفة الخدمة (ريال)
Service Details,تفاصيل الخدمة
Service Line,خط الخدمة
Service Order marked In Progress.,تم تحديد حالة أمر الخدمة كـ 'قيد التنفيذ'.
Service Order marked Missed.,تم تحديد حالة أمر الخدمة كـ 'فائت'.
Service Type,نوع الخدمة
"Set Beds/Room to 0 for non-sleeping rooms (office, storage).",اضبط عدد الأسرة/الغرفة على 0 للغرف غير السكنية (مكتب، مخزن).
"Set a fuel quota, request fuel, and reconcile the claim.",حدد حصة وقود، واطلب الوقود، وطابق المطالبة.
Set automatically when this request is generated from a safety inspection report.,يُضبط آلياً عند إنشاء هذا الطلب من تقرير تفتيش سلامة.
Set later by the Arrival Batch intake (built in a subsequent batch).,يُعبَّأ لاحقاً عند معالجة دفعة الوصول.
Set the monthly litre allowance for a vehicle so consumption can be reconciled.,حدد البدل الشهري باللترات لمركبة ليتسنى مطابقة الاستهلاك.
Set to the session user on creation; read-only so the segregation-of-duties gate cannot be spoofed.,يُضبط إلى مستخدم الجلسة عند الإنشاء؛ وهو للقراءة فقط بحيث لا يمكن التحايل على بوابة الفصل بين المهام.
Set up your fleet and dispatch your first movement.,جهّز أسطولك ونفّذ أول حركة.
Set when a subcontractor visit is created from this request,يُضبط عند إنشاء زيارة مقاول من هذا الطلب
"Set when a temporary top-up has been reverted (by the daily auto-revert job once overdue, or manually). Allowed on submit so the scheduler can flip it on the submitted request.",يُضبط عند عكس تعبئة مؤقتة (عبر مهمة العكس التلقائي اليومية بمجرد تأخّرها، أو يدوياً). ويُسمح به عند الاعتماد ليتمكّن المجدوِل من تفعيله على الطلب المعتمد.
Set when the driver/employee has acknowledged responsibility for the loss.,يُضبط عند إقرار السائق/الموظف بالمسؤولية عن الخسارة.
Set when the request is approved.,يُضبط عند اعتماد الطلب.
Set when the transfer is approved.,يُضبط عند اعتماد التحويل.
Set when the write-off case is approved.,يُضبط عند اعتماد حالة الشطب.
Set when this claim is a quota-increase claim. Quota-increase claims always require Operations-tier authority.,يُضبط عندما تكون هذه المطالبة مطالبة زيادة حصة. وتتطلب مطالبات زيادة الحصة دائماً صلاحية مستوى العمليات.
Set when this request's litres have been posted to the quota's consumed total. Guards against double-application on resubmit/amend.,يُضبط عند ترحيل لترات هذا الطلب إلى إجمالي المستهلك من الحصة. يمنع التطبيق المزدوج عند إعادة التقديم أو التعديل.
Settled,تمت التسوية
Settlement,التسوية
"Settlement period, e.g. 2026-05.",فترة التسوية، مثال: 2026-05.
Settlements Pending Approval,التسويات بانتظار الاعتماد
Setup,الإعداد
Setup Status,حالة الإعداد
Severe,شديدة
Severity,الخطورة
Sewage Tank Suction,نزح خزان الصرف الصحي
Shared Meter,عدّاد مشترك
Sharing Note,ملاحظة المشاركة
Shift,الوردية
Short code used to prefix generated room numbers.,رمز مختصر يُستخدم كبادئة لأرقام الغرف المُنشأة.
Show Brand,إظهار العلامة التجارية
Show Link & QR,عرض الرابط ورمز QR
Show Zero Balances,عرض الأرصدة الصفرية
"Show the AFMCO brand mark and wordmark in the portal header. Turn off for a minimal, unbranded header.",إظهار علامة AFMCO واسمها في ترويسة البوابة. أوقِف التفعيل للحصول على ترويسة بسيطة بدون علامة تجارية.
Signed Evidence,إثبات موقّع
Signed handover evidence is required before submitting.,إثبات تسليم موقّع مطلوب قبل الاعتماد.
Single configuration record controlling the look and feel of the Salis Driver Portal (the mobile web app at /driver).,سجل إعداد مفرد يتحكم في شكل ومظهر بوابة سائق سلس (تطبيق الويب للجوال على /driver).
Single configuration record for the Salis Fleet Management module.,سجل إعداد مفرد لوحدة إدارة أسطول سلس.
Single monthly utility bill linked to a Utility Account. Posts to Accommodation Ledger on submit.,فاتورة مرافق شهرية واحدة مرتبطة بحساب مرافق. تُرحَّل إلى سجل السكن عند الاعتماد.
"Single service visit, such as one pest control visit or one sewage tank suction.",زيارة خدمة واحدة، مثل زيارة مكافحة آفات واحدة أو شفط خزان مجاري واحد.
Site,الموقع
Site Name,اسم الموقع
Site Token,رمز الموقع
Sleeping rooms,غرف السكن
Smoke Detector,كاشف دخان
Smoke Detectors Present,كاشفات الدخان موجودة
Snapshot,لقطة
Snapshot Date,تاريخ اللقطة
Snapshots,اللقطات
Source,المصدر
Source & Tracking,المصدر والتتبّع
Source Channel,قناة المصدر
Source DocType,نوع المستند المصدر
Source Document,المستند المصدر
Source Handover,تسليم المصدر
Source Inspection Report,تقرير الفحص المصدر
Source Line ID,معرّف سطر المصدر
Source Reference,مرجع المصدر
Source Type,نوع المصدر
Source and destination buildings must be different.,يجب أن يكون مبنى المصدر والوجهة مختلفين.
Source and target beds must be different.,يجب أن يختلف سرير المصدر عن سرير الوجهة.
Source bed has no active resident to transfer.,السرير المصدر لا يحتوي على مقيم نشط للنقل.
Specific Buildings,مباني محددة
"Specific Fixed Asset this request concerns (e.g., AC-001, BED-014). Enables full maintenance history per asset.",الأصل الثابت المحدد الذي يخص هذا الطلب (مثل AC-001، BED-014). يتيح سجل صيانة كامل لكل أصل.
Specific Location,الموقع المحدّد
Specific Rate for this Building (SAR),تسعيرة المبنى الخاصة (ريال)
Sponsorship Fee,رسوم كفالة
Staircase,الدرج
Stamped automatically when Finance approves. Read-only.,يُختم آلياً عند اعتماد المالية. للقراءة فقط.
Standard,قياسي
Standard Rate Per Visit (SAR),أجرة الزيارة القياسية (ريال)
Standard Unit Cost (SAR),تكلفة الوحدة القياسية (ريال)
"Standard: quota consumption + ledger posting. Top-up: add litres, optionally temporary. Chip: issue / replace / cancel a fuel chip.",قياسي: استهلاك الحصة + الترحيل للدفتر. تعبئة: إضافة لترات، مؤقتة اختيارياً. شريحة: إصدار / استبدال / إلغاء شريحة وقود.
Start Date,تاريخ البدء
Start Datetime,تاريخ ووقت البدء
Start Task,بدء المهمة
Start Work,بدء العمل
Started,بدأ
Starting Room Number,بداية ترقيم الغرف
Status,الحالة
Status & Assignment,الحالة والإسناد
Stay Type,نوع الإقامة
Sticker Requested,تم طلب الملصق
Stop,محطة
Stop Date,تاريخ الإيقاف
Stop Details,تفاصيل الإيقاف
Stop Name,اسم المحطة
Stop Reason,سبب الإيقاف
Stopped,متوقف
Stops,المحطات
Storage,مخزن
Straight Line,القسط الثابت
Structural,إنشائي
Subcontractor,مقاول من الباطن
Subcontractor Building Coverage,تغطية مباني مقاول الباطن
Subcontractor Dispatched,تم تكليف مقاول الباطن
Subcontractor Service Contract,عقد خدمة مقاول الباطن
Subcontractor Service Order,أمر خدمة المقاول
Subcontractor Service Orders by Status,أوامر خدمة مقاول الباطن حسب الحالة
Subject,الموضوع
Submit Request,إرسال الطلب
Submit the settlement before raising a payment request.,اعتمد التسوية قبل إنشاء طلب دفع.
Submittable: formal work order derived from a Maintenance Request.,قابل للاعتماد: أمر عمل رسمي مشتق من طلب صيانة.
Submittable: official on-site maintenance inspection record.,قابل للاعتماد: سجل تفتيش صيانة ميداني رسمي.
Submittable: one execution of a Scheduled Task Template. Auto-generated by the daily scheduler job.,قابل للاعتماد: تنفيذ واحد لقالب مهمة مجدولة. يُنشأ آلياً بواسطة مهمة الجدولة اليومية.
Submittable: periodic snapshot of operational asset book values. No GL impact.,قابل للاعتماد: لقطة دورية للقيم الدفترية للأصول التشغيلية. دون أثر على دفتر الأستاذ العام.
Submittable: records facility/operational custody articles issued to a responsible party.,قابل للاعتماد: يسجّل أصناف عهدة المرافق/التشغيل المصروفة لجهة مسؤولة.
Submittable: records the return of custody articles against a prior Custody Issue.,قابل للاعتماد: يسجّل إرجاع أصناف العهدة مقابل صرف عهدة سابق.
Submitted By Me,المُقدَّمة منّي
Submitted To (Recipients),مقدم إلى (المستلمون)
Submitted to Movement,مُرسل إلى الحركة
Suggestion,اقتراح
Sum of Fuel Consumption Ledger litres for this vehicle and period. Computed by the system.,مجموع لترات دفتر استهلاك الوقود لهذه المركبة وهذه الفترة. يحتسبه النظام.
Sum of the vehicle line amounts (accrued).,مجموع مبالغ أسطر المركبات (المستحقة).
Supervisor,مشرف
Supervisor Approved,معتمد من المشرف
Supervisor Confirmed Completion,أكد المشرف اكتمال العمل
Supervisor Delay,تأخر المشرف
Supervisor E-Signature,التوقيع الإلكتروني للمشرف
Supervisor Inventory,جرد المشرف
Supervisor Rating,تقييم المشرف
Supervisor Salary,راتب المشرف
Supervisor accountable for this asset; appears on facility custody report,المشرف المسؤول عن هذا الأصل؛ يظهر في تقرير عُهدة المنشأة
Supplier,المورّد
Supplier Cost Recovery,استرداد تكلفة المورد
Supplier Markup Percent,نسبة هامش المورد
Supplier-Billed Cost This Month,التكلفة المحمَّلة على المورّد هذا الشهر
Supporting evidence for the loss and its valuation. Required before the recovery can be Approved.,أدلة داعمة للخسارة وتقييمها. مطلوبة قبل أن يتسنى اعتماد الاسترداد.
Suspected Fraud,اشتباه احتيال
System Details,تفاصيل النظام
System Info,معلومات النظام
"System-written, read-only periodic snapshot of vehicle utilisation over a trailing window. Never hand-entered; derived from completed Dispatch Trips.",لقطة دورية للقراءة فقط يكتبها النظام لاستخدام المركبات عبر نافذة زمنية متحركة. لا تُدخل يدوياً؛ وتُشتق من رحلات التشغيل المكتملة.
Target DocType,نوع المستند المستهدف
Target Document,المستند المستهدف
Target ERPNext Asset,أصل ERPNext المستهدف
Target bed is already occupied.,السرير المستهدف مشغول بالفعل.
Task,المهمة
Task Code,رمز المهمة
Task Completions Over Time,إنجاز المهام عبر الزمن
Task Instance marked Completed.,تم تحديد المهمة كمكتملة.
Task Instance marked In Progress.,تم تحديد حالة تنفيذ المهمة كـ 'قيد التنفيذ'.
Task Title,عنوان المهمة
Task Title (English),عنوان المهمة (بالإنجليزية)
Task Type,نوع المهمة
Task closed,أُغلقت المهمة
Task completed.,اكتملت المهمة.
Task started â status set to In Progress.,بدأت المهمة — الحالة: قيد التنفيذ.
Tasks Completed This Month,المهام المكتملة هذا الشهر
Tasks Due Today,المهام المستحقة اليوم
Technician Notes,ملاحظات الفني
Telecom,اتصالات
Temp,مؤقت
Template,القالب
Template Items,عناصر القالب
Template Name,اسم القالب
Template can only be loaded into a Draft document.,يمكن تحميل القالب فقط في مستند مسودة.
Template loading is only supported for Maintenance Request and Maintenance Work Order.,تحميل القالب مدعوم فقط لـ 'طلب صيانة' و'أمر عمل صيانة'.
Temporary,مؤقت
Temporary (Over-Capacity) Bed,سرير مؤقت (فوق الطاقة الاستيعابية)
Temporary Stay Lead Days,أيام التنبيه قبل المغادرة المؤقتة
Temporary Top-up,تعبئة مؤقتة
Temporary Top-up Not Reverted,تعبئة مؤقتة لم تُسترجَع
Temporary Window,النافذة المؤقتة
Temporary Worker,عامل مؤقت
Temporary workers board via the tripâs unregistered manifest.,لوحة العمال المؤقتين عبر بيان الرحلة غير المسجل.
Terminated,مُنهى
Termination,إنهاء خدمة
That vehicle is not assigned to you. You can only request fuel for your own vehicle.,تلك المركبة غير مسندة إليك. يمكنك طلب الوقود لمركبتك فقط.
The Dispatch Trip being executed. Its linked Transport Request carries the worker manifest this log records boarding against.,رحلة التشغيل الجاري تنفيذها. ويحمل طلب النقل المرتبط بها كشف العمالة الذي يسجّل هذا السجل الصعود مقابله.
The building this asset was located in before its current location.,المبنى الذي كان هذا الأصل موجوداً فيه قبل موقعه الحالي.
The closer must differ from the person who raised the case.,يجب أن يختلف من يُغلق الحالة عمّن رفعها.
"The driver's current assigned vehicle, captured for reference.",المركبة المسندة حالياً للسائق، مسجّلة للمرجع.
"The housing pickup (Habitat) for this boarding, when the stop is a worker accommodation. The Habitat-Salis bridge.",نقطة التقاط السكن لهذا الصعود، عندما تكون المحطة سكن عمالة. وهي جسر هابيتات-سلس.
The route stop where this worker boarded (mirrors the Route Stop name on the trip's route).,محطة المسار التي صعد منها هذا العامل (تطابق اسم محطة المسار في مسار الرحلة).
The user who raised this case. Set automatically.,المستخدم الذي أنشأ هذه الحالة. يُضبط آلياً.
The user who resolved or closed the case. Must differ from Reported By (segregation of duties).,المستخدم الذي عالج الحالة أو أغلقها. يجب أن يختلف عن المُبلِّغ (الفصل بين المهام).
Theme,السمة
This Custody Issue has no issued-to Employee; nothing to hand over.,سند صرف العهدة هذا لا يحمل موظفاً مصروفاً له؛ لا يوجد ما يُسلَّم.
This Maintenance Work Order is already Completed.,أمر عمل الصيانة هذا مكتمل بالفعل.
This bed is in a room that is not ready. Resolve room readiness before check-in.,هذا السرير في غرفة غير جاهزة. عالج جاهزية الغرفة قبل تسجيل الدخول.
This bed is out of service and cannot be assigned.,هذا السرير خارج الخدمة ولا يمكن تخصيصه.
This building has no rooms or beds yet.,لا توجد غرف أو أسرّة في هذا المبنى بعد.
This driver has been cleared on all movement-domain items listed below.,تم تخليص هذا السائق من جميع بنود نطاق الحركة المدرجة أدناه.
This resident has custody items. Opening the full Checkout form to clear custody.,لدى هذا المقيم عُهد. يتم فتح نموذج تسجيل الخروج الكامل لتصفية العهدة.
This vehicle is under maintenance and should not be dispatched.,هذه المركبة تحت الصيانة ولا يجوز توزيعها.
This will clear and rebuild the entire payment schedule. Continue?,سيؤدي هذا إلى حذف جدول الدفعات وإعادة بنائه بالكامل. هل تريد المتابعة؟
This worker link is invalid or has been disabled.,رابط العامل غير صالح أو تم تعطيله.
This worker token is disabled â the personal link will not resolve.,رمز العامل معطّل — لن يعمل الرابط الشخصي.
ThreeQuarter,ثلاثة أرباع
Tick for a contractor/temp hire not registered on the trip's worker manifest.,فعّله لمتعاقد/موظف مؤقت غير مسجّل في كشف عمالة الرحلة.
Timed %,النسبة الموقّتة (%)
Times,الأوقات
To Bed,إلى سرير
To Building,إلى مبنى
To Company,إلى الشركة
To Cost Center,إلى مركز التكلفة
To Date,إلى تاريخ
To Driver,إلى السائق
To Driver must differ from From Driver.,يجب أن يختلف (إلى السائق) عن (من السائق).
To Location,إلى الموقع
To Project,إلى المشروع
To Room,إلى غرفة
Today's Dispatch Trips,رحلات توجيه اليوم
Token,الرمز
Top-up,تعبئة
Top-up Litres,لترات التعبئة
Top-up Litres must be greater than zero.,يجب أن تكون لترات التعبئة أكبر من صفر.
Total,الإجمالي
Total Accrued,إجمالي المستحق
Total Amount,المبلغ الإجمالي
Total Asset Book Value,إجمالي القيمة الدفترية للأصول
Total Bed Capacity,إجمالي الطاقة الاستيعابية (أسرة)
Total Beds,إجمالي الأسرة
Total Book Value (SAR),إجمالي القيمة الدفترية (ريال)
Total Capacity,إجمالي السعة
Total Cost (SAR),إجمالي التكلفة (ريال)
Total Deduction Amount,إجمالي مبلغ الخصم
Total Dispatch Trips,إجمالي رحلات الإرسال
Total Estimated Replacement Cost (SAR),إجمالي تكلفة الاستبدال التقديرية (ريال)
Total Floors,إجمالي الطوابق
Total Invoice Amount (SAR),إجمالي مبلغ الفاتورة (ريال)
Total Litres,إجمالي اللترات
Total Movements Recorded,إجمالي الحركات المسجلة
Total Occupancy %,إجمالي نسبة الإشغال (%)
Total Procurement Cost (SAR),إجمالي تكلفة المشتريات (ريال)
Total Recovered,إجمالي المسترد
Total Rooms,إجمالي الغرف
Total Scheduled Amount (SAR),إجمالي المبلغ المجدول (ريال)
Total Site Cost (SAR),إجمالي تكلفة الموقع (ريال)
Total Site Cost for Period (SAR),إجمالي تكلفة الموقع للفترة (ريال)
Total Stops,إجمالي المحطات
Total litres consumed against this quota.,إجمالي اللترات المستهلكة من هذه الحصة.
Totals,الإجماليات
Tracking,التتبع
"Tracks idle/forgotten residents occupying accommodation without an active deployment, to surface accommodation cost bleed and assign responsibility for resolution.",يتتبّع الساكنين غير المشغّلين/المنسيّين الذين يشغلون السكن دون تشغيل فعّال، لإبراز نزيف تكلفة السكن وإسناد مسؤولية المعالجة.
"Tracks remediation actions imposed by a client audit. Each action has owner, deadline, evidence.",يتتبّع إجراءات المعالجة المفروضة من تدقيق العميل. لكل إجراء مسؤول وموعد نهائي وإثبات.
Transfer,نقل
Transfer Board,لوحة النقل
Transfer Date,تاريخ النقل
Transfer Type,نوع التحويل
Transfer failed. Please try again.,فشل النقل. يرجى المحاولة مجدداً.
Transferred,مُحوَّل
Transferringâ¦,جارٍ النقل…
Transfers responsibility of one or more Facility Assets to a supervisor.,ينقل مسؤولية أصل مرفق واحد أو أكثر إلى مشرف.
Transport,النقل
Transport Fulfilment SLA,اتفاقية مستوى خدمة تنفيذ النقل
Transport Request,طلب نقل
Transport Request Worker,عامل طلب النقل
Transport Requests by Service Line,طلبات النقل حسب خط الخدمة
Transport SLA Breaches Open,مخالفات اتفاقية مستوى خدمة النقل المفتوحة
Transport request submitted successfully.,تم تقديم طلب التنقل بنجاح.
Triage Notes,ملاحظات الفرز
Triaged,تم الفرز
Trigger alert if monthly bill deviates from average by more than this percentage.,أطلق تنبيهاً إذا انحرفت الفاتورة الشهرية عن المتوسط بأكثر من هذه النسبة.
Trip,الرحلة
Trip Boarding Event,حدث صعود الرحلة
Trip Cost,تكلفة الرحلة
Trip Date,تاريخ الرحلة
Trip Fulfilment Ledger,دفتر تنفيذ الرحلات
Trip Fulfilment Ledger Rows,صفوف دفتر تنفيذ الرحلات
Trip Fulfilment Rate,معدل تنفيذ الرحلات
Trip Start Log,سجل بدء الرحلة
Trip fulfilment ledger. Maintained automatically by the system when a Dispatch Trip is completed and not edited manually.,دفتر تنفيذ الرحلات. يُحدّثه النظام آلياً عند اكتمال رحلة تشغيل، ولا يُحرّر يدوياً.
Trips,الرحلات
Trips Count,عدد الرحلات
Trips Dispatched Today,الرحلات المُرسَلة اليوم
Trips This Month,الرحلات هذا الشهر
Type,النوع
Typically IT Specialist,عادةً أخصائي تقنية المعلومات
UOM,وحدة القياس
URL,الرابط
Unassigned Floor,طابق غير محدد
Under Investigation,قيد التحقيق
Under Maintenance,تحت الصيانة
Under Renewal,تحت التجديد
Under Renovation,تحت الترميم
Under Repair,تحت الإصلاح
Under Review,تحت المراجعة
Unified child table for inspection findings used by Safety Inspection Report and Maintenance Inspection Report.,جدول تابع موحّد لملاحظات التفتيش يستخدمه تقرير تفتيش السلامة وتقرير تفتيش الصيانة.
Unit,الوحدة
Unit Cost (SAR),تكلفة الوحدة (ريال)
Unit of Measure,وحدة القياس
Units Consumed,الوحدات المستهلكة
Unknown,غير معروف
Unpaid,غير مدفوع
Unregistered,غير مسجّل
Unregistered manifest,كشف غير مسجّل
Unresolved Alerts,التنبيهات غير المحلولة
Unsatisfactory,غير مُرضٍ
Unspecified,غير محدد
Updating status...,جارٍ تحديث الحالة...
Upload Photo (Optional),رفع صورة (اختياري)
"Upper floors numbered 1, 2, 3â¦",الطوابق العلوية مرقمة 1، 2، 3…
Urdu,الأردية
"Use when the issue concerns a specific facility asset (e.g., CCTV camera, fire alarm panel)",استخدمه عندما تخص المشكلة أصل مرفق محدد (مثل كاميرا مراقبة، لوحة إنذار حريق)
Used for variance alerts. Updated monthly by the variance scan job.,يُستخدم لتنبيهات الانحراف. يُحدَّث شهرياً بواسطة مهمة فحص الانحراف.
"Used in room/bed codes, e.g. JED1-G01.",يُستخدم في رموز الغرف والأسرة، مثال: JED1-G01.
Useful Life (Years),العمر الإنتاجي (سنوات)
Useful Life (Years) must be greater than zero.,العمر الإنتاجي (بالسنوات) يجب أن يكون أكبر من صفر.
User,المستخدم
User Requesting Access,المستخدم طالب الصلاحية
Utilisation %,نسبة الاستغلال %
Utility Account,حساب الخدمات العامة
Utility Bill Entry,تسجيل فاتورة الخدمات العامة
Utility Bills Under Review,فواتير الخدمات تحت المراجعة
Utility Bills by Status,فواتير الخدمات حسب الحالة
Utility Cost Share (%),نسبة تحمل تكاليف المرافق (%)
Utility Cost Share must be between 0 and 100.,يجب أن تكون نسبة تحمل تكاليف المرافق بين 0 و 100.
Utility Type,نوع المرفق الخدمي
Utility Variance Report,تقرير انحراف استهلاك الخدمات
"Utility account number per building (electricity, water, telecom). Links incoming bills to a building cost center.",رقم حساب المرافق لكل مبنى (كهرباء، ماء، اتصالات). يربط الفواتير الواردة بمركز تكلفة المبنى.
Vacant Beds,الأسرة الشاغرة
Valid,ساري
Valid From,صالح من
Valid Until,صالح حتى
Validated,مُدقّق
Value,القيمة
Value (SAR),القيمة (ريال)
Variance,الانحراف
Variance (L),الفرق (لتر)
Variance Alert Sent,تم إرسال تنبيه انحراف الخدمة
Variance Alert Threshold (%),حد تنبيه انحراف الخدمة
Variance Litres,فرق اللترات
Variance from Average (%),الانحراف عن المتوسط (%)
Variance from Avg (%),الانحراف عن المتوسط (%)
Vehicle,مركبة
Vehicle & Driver,المركبة والسائق
Vehicle Assignment,إسناد مركبة
Vehicle Category,فئة المركبة
Vehicle Compliance Register,سجل امتثال المركبات
Vehicle Damage,أضرار مركبة
Vehicle Damage Write-Off,شطب أضرار مركبة
Vehicle Damage Write-Off cases at or above this estimated cost (SAR) require Operations-tier authority; lower-value cases require at least Regional-tier.,حالات شطب تلف المركبات التي تبلغ هذه التكلفة التقديرية (ريال) أو تتجاوزها تتطلب صلاحية مستوى العمليات؛ والحالات الأقل قيمة تتطلب المستوى الإقليمي على الأقل.
Vehicle Handover,تسليم مركبة
Vehicle Handover Item,بند تسليم المركبة
Vehicle Handover Receipt,إيصال تسليم المركبة
Vehicle Identity,هوية المركبة
Vehicle Returned,تم إرجاع المركبة
Vehicle Stop,إيقاف مركبة
Vehicle Utilisation,استغلال المركبات
Vehicle Utilisation Snapshot,لقطة استغلال المركبة
Vehicle damage write-off case raised from a handover discrepancy. Tiered write-off authority gate on submit.,حالة شطب تلف مركبة تُنشأ من تباين في التسليم. بوابة صلاحية شطب متدرّجة عند الاعتماد.
Vehicle wash service platform or provider used for cleaning fleet vehicles.,منصة أو مزوّد خدمة غسيل يُستخدم لتنظيف مركبات الأسطول.
Vehicles,المركبات
Vehicles In Service,المركبات في الخدمة
Vehicles Stopped,المركبات الموقوفة
Vehicles Under Maintenance,المركبات تحت الصيانة
Vehicles by Status,المركبات حسب الحالة
Verified by Client,تم التحقق من قِبل العميل
Version of the documented API contract the frontend is built against. Additive changes are safe; breaking changes increment this value and require a notice to integrators.,إصدار عقد الواجهة البرمجية الموثّق الذي بُنيت عليه الواجهة الأمامية. التغييرات الإضافية آمنة؛ أما التغييرات الكاسرة فترفع هذه القيمة وتستلزم إشعار المتكاملين.
View Active Resident Register,عرض سجل الساكنين النشطين
View Safety Task Catalog list,عرض قائمة دليل مهام السلامة
View the interactive safety map; rooms with open maintenance pulse.,اعرض خريطة السلامة التفاعلية؛ تنبض الغرف ذات الصيانة المفتوحة.
Views,العروض والتقارير
Villa,فيلا
Violation,مخالفة
Voucher Detail No,رقم تفصيل القسيمة
Voucher No,رقم القسيمة
Voucher Type,نوع القسيمة
Waiting Evidence,بانتظار الإثباتات
Waived,مُعفى
Warning,تحذير
Warranty Expiry,انتهاء الضمان
Wash Date,تاريخ الغسيل
Wash Platform,منصة الغسيل
Wash Request,طلب غسيل
Wash Type,نوع الغسيل
Water,ماء
Water Tank,خزان المياه
Water Tank Cleaning,تنظيف خزان المياه
Water Tank Inspection Required,فحص خزان المياه مطلوب
Web QR,رمز QR للويب
Website,الموقع الإلكتروني
Weekly on-site safety field inspection. Generates maintenance requests on submit.,تفتيش سلامة ميداني أسبوعي. يُنشئ طلبات صيانة عند الاعتماد.
What do you need help with?,ما الذي تحتاج المساعدة فيه؟
"When OFF (default), accommodation assignment does not touch Salary Structure Assignment.",عند الإيقاف (الافتراضي)، لا يمسّ تسكين السكن إسناد هيكل الراتب.
"When OFF, Accommodation Ledger rows are operational memos with no GL impact.",عند الإيقاف، تكون أسطر سجل السكن مذكرات تشغيلية دون أثر على دفتر الأستاذ العام.
"When ON, checkout damage amounts post to Additional Salary. Default OFF.",عند التفعيل، تُرحَّل مبالغ تلف المغادرة إلى الراتب الإضافي. الافتراضي: إيقاف.
"When ON, expiry/overdue scheduler jobs post a timeline comment on the source document (and any configured Notification emails fire). When OFF, jobs run silently.",عند التفعيل، تنشر مهام المجدول الخاصة بانتهاء الصلاحية/التأخّر تعليقاً على الخط الزمني للمستند المصدر (وتُرسل أي رسائل إشعار مُهيّأة). عند الإيقاف، تعمل المهام بصمت.
When do you need pickup?,متى تحتاج إلى الاستقبال؟
"When unchecked, the worker's personal Masar link stops resolving.",عند إلغاء التفعيل، يتوقف رابط مسار العامل الشخصي عن العمل.
Where is the issue?,أين المشكلة؟
Window,الفترة
Window Days,أيام النافذة
Window Days must be at least 1 day.,يجب أن تكون أيام النافذة يوماً واحداً على الأقل.
Within SLA,ضمن اتفاقية مستوى الخدمة
Witness Role,دور الشاهد
Work Description,وصف العمل
Work Order marked Completed.,تم وسم أمر العمل كمكتمل.
Work Order marked In Progress.,تم تحديد حالة أمر العمل كـ 'قيد التنفيذ'.
Work started â status set to In Progress.,بدأ العمل — الحالة: قيد التنفيذ.
Worked Hours,ساعات العمل
Worker,عامل
Worker Access,وصول العامل
Worker Count,عدد العمال
Worker Identity,هوية العامل
Worker Name,اسم العامل
Worker Route (Masar),مسار العامل (مسار)
Worker Transport Plan,خطة نقل العمال
Worker Type,نوع العامل
Workers,العمال
Workers / Destination,العمالة / الوجهة
Workers Moved,العمالة المنقولة
Workers Requests Open,طلبات العمالة المفتوحة
Workers Requests by Status,طلبات العمالة حسب الحالة
Workers Transport Dashboard,لوحة نقل العمالة
Workers Transport Fulfilled This Month,نقل العمالة المنفّذ هذا الشهر
Workers Transport Over Time,نقل العمالة عبر الزمن
Workers Transport Requests Open,طلبات نقل العمالة المفتوحة
Write-Off,شطب
Write-Off Operations Threshold (SAR),حد عمليات الشطب (ريال)
"YYYY-MM, e.g. 2026-05",YYYY-MM، مثال: 2026-05
Year,السنة
Yes,نعم
You cannot approve or pay a Payment Request you raised; a different Finance approver is required.,لا يمكنك الموافقة أو الدفع لطلب دفع أنشأته؛ يجب أن يوافق عليه معتمد مالي مختلف.
Your Name (Optional),اسمك (اختياري)
Your request has been submitted. Save your tracking code shown below to follow up with your supervisor.,تم تقديم طلبك. احفظ رمز التتبع أدناه للمتابعة مع مشرفك.
Your tracking code:,رمز المتابعة الخاص بك:
Your transport request was submitted. Save your tracking code to follow up with your supervisor.,تم تقديم طلب التنقل. احفظ رمز التتبع للمتابعة مع مشرفك.
bed,سرير
bed_status,حالة السرير
beds,أسرة
datetime,التاريخ والوقت
"e.g., SAF-001, SEC-005",مثل: SAF-001، SEC-005
"e.g., Saudi Electricity Co., NWC, Mobily",مثل: الشركة السعودية للكهرباء، شركة المياه الوطنية، موبايلي
entries,المدخلات
free,شاغر
item_type,نوع الصنف
n/a,غير متاح
none,لا شيء
occupied,مشغول
party_type,نوع الطرف
party_type and party are required.,حقلا party_type و party مطلوبان.
readiness_status,حالة الجاهزية
reference_doctype,نوع المرجع
room_floor,طابق الغرفة
room_type,نوع الغرفة
rooms,غرف
total_cost,التكلفة الإجمالية
â Back,← رجوع
