(temporary),مؤقت
0 if the worker bank/IBAN detail was rejected; such a slip is excluded from the WPS file and logged.,القيمة صفر إذا رُفضت بيانات حساب العامل أو الآيبان؛ يُستبعد هذا الإيصال من ملف WPS ويُسجَّل.
1 = a verified worker consent is required before P-192 may apply this deduction (the payroll consent gate).,القيمة واحد تعني وجوب موافقة موثّقة من العامل قبل أن يطبّق P-192 هذا الخصم (بوابة موافقة الرواتب).
1 = an iqama-renewal-recharge consent held closed until the D9 legality decision is seeded. The deduction gate blocks the apply regardless.,القيمة واحد تعني أن موافقة خصم رسوم تجديد الإقامة محجوزة حتى يُرصد قرار المشروعية D9. وتمنع بوابة الخصم التطبيق في جميع الأحوال.
1 = deductions exceeded gross; the excess is capped/deferred (recoverable at exit). WPS net never goes below zero.,القيمة واحد تعني أن الخصومات تجاوزت الإجمالي؛ يُحدّ الفائض أو يُؤجَّل (قابل للاسترداد عند إنهاء الخدمة). ولا ينزل صافي WPS تحت الصفر أبداً.
1 = every deduction on this slip carries a verified consent; else the slip is held.,القيمة واحد تعني أن كل خصم في هذا الإيصال يحمل موافقة موثّقة؛ وإلا يُحجز الإيصال.
1 = the contact EXPLICITLY stated there are no deductions. This is the ONLY way a declaration reads as clear; silence is not clear.,القيمة واحد تعني أن جهة الاتصال صرّحت صراحةً بعدم وجود خصومات. وهذه هي الطريقة الوحيدة لاعتبار الإقرار صريحاً؛ فالصمت لا يُعدّ إقراراً.
1 = the rule adjusted the client-side Billable Line.,القيمة واحد تعني أن القاعدة عدّلت بند الفوترة على جانب العميل.
1 = the rule raised a worker Deduction Candidate.,القيمة واحد تعني أن القاعدة أنشأت خصماً مرشحاً على العامل.
1 = the rule was INFERRED (not owner-confirmed) and forces the run to PENDING-REVIEW.,القيمة واحد تعني أن القاعدة مُستنتَجة (غير مؤكدة من المالك) وتُلزم التشغيل بحالة قيد المراجعة.
1 = the same event also produced a Billable Line adjustment (the perf-to-money dual route).,القيمة واحد تعني أن الحدث نفسه أنتج أيضاً تعديلاً على بند الفوترة (المسار المزدوج من الأداء إلى المال).
1 = the same reply also carried a correction to a prior period; it routes to a correction notice and is never silently folded in.,القيمة واحد تعني أن الرد نفسه حمل أيضاً تصحيحاً لفترة سابقة؛ فيوجَّه إلى إشعار تصحيح ولا يُدمج بصمت أبداً.
1 = the sum of the pre-VAT subtotals equals the run's total Billable.,القيمة واحد تعني أن مجموع الإجماليات الفرعية قبل ضريبة القيمة المضافة يساوي إجمالي الفوترة للتشغيل.
1 = this penalty adjusts the client Billable Line.,القيمة واحد تعني أن هذه الغرامة تعدّل بند الفوترة على العميل.
1 = this penalty raises a worker Deduction (payroll side). The two checks together express the performance-to-money dual route.,القيمة واحد تعني أن هذه الغرامة تنشئ خصماً على العامل (جانب الرواتب). ويعبّر الفحصان معاً عن المسار المزدوج من الأداء إلى المال.
1 day,يوم واحد
4-digit building number.,رقم المبنى المكوّن من أربعة أرقام.
4-digit secondary (additional) number.,الرقم الفرعي (الإضافي) المكوّن من أربعة أرقام.
8-character SPL code: 4 letters + 4 digits (e.g. RCTB4359).,رمز العنوان المختصر المكوّن من ثمانية خانات: أربعة أحرف زائد أربعة أرقام (مثال: RCTB4359).
A 'clear' declaration must explicitly confirm no deductions; silence is not clear.,الإقرار «الصريح» يجب أن يؤكد صراحةً عدم وجود خصومات؛ فالصمت لا يُعدّ إقراراً.
A Critical operations alert was raised,تم رفع تنبيه عمليات حرج
A Facility Asset is required on a delivery.,يجب تحديد أصل منشأة في التسليم.
A Fuel Claim must be created with status Draft; {0} is reached through the workflow.,يجب إنشاء مطالبة الوقود بالحالة مسودة؛ يتم الوصول إلى {0} عبر سير العمل.
A Fuel Exception Case must be created with status Open; {0} is reached through the workflow.,يجب إنشاء حالة استثناء الوقود بالحالة مفتوحة؛ يتم الوصول إلى {0} عبر سير العمل.
A Fuel Request must be created with status Pending; {0} is reached through the workflow.,يجب إنشاء طلب الوقود بالحالة قيد الانتظار؛ يتم الوصول إلى {0} عبر سير العمل.
A Masar worker link can only be issued to an Employee. This worker is linked once their Iqama is issued and a permanent Employee record exists.,لا يمكن إصدار رابط عامل مسار إلا لموظف. يُربط هذا العامل بمجرد إصدار إقامته ووجود سجل موظف دائم.
A Security-category finding requires photo evidence before it can escalate. Please attach an Evidence Photo before submitting.,يتطلب اكتشاف من فئة الأمن دليلاً بالصور قبل تصعيده. الرجاء إرفاق صورة دليل قبل التقديم.
A Utility Bill Entry already overlaps this account's billing period: {0},يوجد بالفعل تسجيل فاتورة خدمات عامة يتداخل مع فترة فوترة هذا الحساب: {0}
A Work Order already exists for this Maintenance Request: {0},يوجد بالفعل أمر عمل لطلب الصيانة هذا: {0}
A building is required to build the checklist.,يلزم مبنى لبناء قائمة الفحص.
A building is required to compute due cadences.,يلزم مبنى لحساب الوتائر المستحقّة.
A building is required to load the inventory.,يجب تحديد مبنى لتحميل المخزون.
A building is required to log an inspection.,المبنى مطلوب لتسجيل التفتيش.
A building is required to submit a round.,يلزم مبنى لاعتماد جولة.
A building is required to submit counts.,يجب تحديد مبنى لإرسال أعداد الجرد.
A building is required to submit rounds.,يلزم مبنى لاعتماد الجولات.
A cadence is required to build the checklist.,تلزم وتيرة لبناء قائمة الفحص.
A cadence is required to submit a round.,تلزم وتيرة لاعتماد جولة.
A chip action (Issue / Replace / Cancel) is required.,يلزم تحديد إجراء للشريحة (إصدار / استبدال / إلغاء).
A chip number is required to {0} a fuel chip.,يلزم رقم شريحة من أجل {0} شريحة وقود.
A code can only be regenerated once the delivery is Released.,لا يمكن إعادة توليد الرمز إلا بعد تحرير التسليم.
A completion photo is required before closing a Maintenance Work Order.,يجب إرفاق صورة إنجاز قبل إغلاق أمر عمل الصيانة.
A custody damage assessment has been submitted and may create a salary deduction,تم إرسال تقييم تلف عهدة وقد يترتب عليه خصم من الراتب
A device is active until the driver opts out or the browser endpoint stops accepting pushes.,يبقى الجهاز نشطًا حتى يلغي السائق الاشتراك أو يتوقف عنوان المتصفح عن استقبال الإشعارات.
A driver clearance is blocked and must be resolved before the driver is redeployed,تم تعليق إخلاء طرف سائق ويجب حله قبل إعادة توظيف السائق
A failed safety task ({0}) on a task that requires evidence must carry a photo. Please attach an Evidence Photo before submitting.,مهمة سلامة راسبة ({0}) على مهمة تتطلب دليلاً يجب أن تحمل صورة. الرجاء إرفاق صورة دليل قبل التقديم.
A handover discrepancy was recorded. Please raise a Vehicle Damage Write-Off for vehicle {0} to obtain tiered write-off approval.,سُجِّل تباينٌ في التسليم. الرجاء رفع إعدام تلف للمركبة {0} للحصول على موافقة الإعدام المُتدرّجة.
A large worker-transport request needs management escalation,طلب نقل عمال كبير يتطلب تصعيدًا إلى الإدارة
A line is missing its item.,أحد السطور ينقصه الصنف.
A linked Employee is required to raise departure transport (the manifest cannot carry a Temporary Worker).,يلزم موظف مرتبط لإنشاء نقل المغادرة (لا يمكن للبيان أن يحمل عاملاً مؤقتاً).
A maintenance request has been assigned to you,تم إسناد طلب صيانة إليك
A maintenance request raised automatically when the task execution indicates a repair is needed.,طلب صيانة يُنشأ آلياً عندما يشير تنفيذ المهمة إلى الحاجة لإصلاح.
A maintenance request spawned from a safety finding requires the Facilities Supervisor in parallel,طلب صيانة ناتج عن ملاحظة سلامة يتطلب إشراف مشرف المنشأة بالتوازي
A manifest can list at most {0} expected workers.,يمكن أن يضم كشف الوصول {0} عاملاً متوقعاً كحد أقصى.
A new Dispatch Trip must start as Planned; {0} is reached through the workflow.,يجب أن تبدأ رحلة التشغيل الجديدة بالحالة مُخطَّطة؛ يتم الوصول إلى {0} عبر سير العمل.
A new maintenance request awaits triage,طلب صيانة جديد بانتظار الفرز
A new resident request has been received and awaits triage,تم استلام طلب ساكن جديد وهو بانتظار الفرز
A payment request can only be raised on an Approved settlement (current status: {0}).,لا يمكن إنشاء طلب دفع إلا على تسوية معتمدة (الحالة الحالية: {0}).
A push subscription endpoint is required.,عنوان اشتراك الإشعارات مطلوب.
A reason is required to reject a handover.,يلزم سبب لرفض التسليم.
A reason is required to waive an exception.,يلزم إدخال سبب للتنازل عن الاستثناء.
A rejection reason is required.,سبب الرفض مطلوب.
A rent payment is due today and remains unpaid,دفعة إيجار مستحقة اليوم ولم تُسدد بعد
A request reference is required.,مرجع الطلب مطلوب.
A round date is required to submit a round.,يلزم تاريخ جولة لاعتماد جولة.
A round date is required to submit rounds.,يلزم تاريخ الجولة لاعتماد الجولات.
A row here may be a whole building or a single leased unit — name it as the property is known operationally.,السجل هنا قد يكون مبنى كاملاً أو وحدة مستأجرة واحدة — سمِّه بالاسم المتداول للعقار في التشغيل.
A run uses the profile in force at the period cutoff.,تستخدم العملية الملف المعمول به عند إغلاق الفترة.
A severe or critical safety incident has been reported and requires immediate management attention,تم الإبلاغ عن حادث سلامة جسيم أو حرج ويتطلب اهتمامًا فوريًا من الإدارة
A submitted Accommodation Checkout already exists for this assignment: {0},توجد بالفعل مغادرة سكن مُقدَّمة لهذا التسكين: {0}
A temporary top-up requires a revert due date.,تتطلب التعبئة المؤقتة تحديد تاريخ استحقاق للاسترجاع.
A trip has been scheduled,تمت جدولة رحلة
A valid GPS position (latitude and longitude) is required.,يلزم موقع GPS صحيح (خط العرض وخط الطول).
A vehicle compliance document is expiring soon — please start renewal,وثيقة امتثال مركبة على وشك الانتهاء — يُرجى بدء التجديد
A vehicle has been reported stolen,تم الإبلاغ عن سرقة مركبة
A vehicle has overstayed in the workshop,تجاوزت مركبة المدة المسموح بها في الورشة
A verified Deduction Consent is required before this deduction can post.,يلزم وجود موافقة خصم موثّقة قبل ترحيل هذا الخصم.
A worker link token is required.,رمز رابط العامل مطلوب.
A {0} Safety Round already exists for {1} on {2} ({3}). Tick Is Re-inspection to record a follow-up round.,توجد بالفعل جولة سلامة {0} لـ {1} في {2} ({3}). فعّل خيار إعادة التفتيش لتسجيل جولة متابعة.
ABSENT,غائب
AC,تكييف
AC Maintenance,صيانة المكيفات
AFMCO,AFMCO
API Contract Version,إصدار عقد الواجهة البرمجية
AR,عربي
Abbreviation,الاختصار
About,حول
Absconding,هروب من العمل
Absent,غائب
Accent Color,لون التمييز
Accent Color must be a valid CSS colour.,يجب أن يكون لون التمييز لون CSS صالحًا.
Accept & House,قبول وإسكان
Access Identity,هوية الوصول
Access Level,مستوى الصلاحية
Accident,حادث
Accommodation,السكن
Accommodation Building (Pickup),مبنى السكن (نقطة الالتقاط)
Accommodation Building and Project are required for an Accommodation to Project Shuttle.,مبنى السكن والمشروع مطلوبان لرحلة النقل من السكن إلى المشروع.
Accommodation Check-in,تسجيل وصول السكن
Accommodation Cost Distribution,توزيع تكلفة السكن
Accommodation Cost by Type,تكلفة الإسكان حسب النوع
Accommodation Custody Item,بند عهدة السكن
Accommodation Custody Return Item,بند إرجاع عهدة السكن
Accommodation Go-Live,إطلاق تشغيل السكن
Accommodation Leases by Status,عقود السكن حسب الحالة
Accommodation Ledger,دفتر تكاليف السكن
Accommodation Ledger Summary,ملخص دفتر تكاليف السكن
Accommodation Manager Dashboard,لوحة معلومات مدير السكن
Material Transfer,نقل مواد السكن
Material Transfer Item,بند نقل مواد السكن
Accommodation Occupancy Summary,ملخص الإشغال
Accommodation Stock Balance,رصيد مخزون السكن
Accommodation Stock Ledger,دفتر مخزون السكن
Accommodation Type,نوع السكن
Accommodation is live. Use the Front Desk for daily check-in/out.,تم تشغيل السكن. استخدم مكتب الاستقبال للدخول والمغادرة اليومية.
Accommodation refrigerator. Durable appliance subject to hygiene inspection.,ثلاجة سكن. جهاز معمّر يخضع لتفتيش النظافة.
Accommodation to Project Shuttle,نقل من السكن إلى المشروع
Account Identity,هوية الحساب
Account Number,رقم الحساب
Accounting Acknowledged,الإقرار المحاسبي
Accounting Acknowledged is required before submitting a permanent intercompany transfer.,الإقرار المحاسبي مطلوب قبل اعتماد نقل دائم بين الشركات.
Accrual,الاستحقاق
Accrual Date,تاريخ الاستحقاق
Accrual Rows,أسطر الاستحقاق
Accrued Total,إجمالي المستحق
Accrued Total (SAR),إجمالي المستحق (ريال)
Accrued Total minus Ledger Accrued Total — non-zero means the entered vehicle lines disagree with the accrual ledger.,إجمالي الاستحقاق مطروحًا منه إجمالي استحقاق دفتر الأستاذ — أي قيمة غير صفرية تعني أن بنود المركبات المُدخلة لا تتطابق مع دفتر استحقاق الإيجار.
Accrued total. Sum of the vehicle line amounts when lines are entered; otherwise derived from the linked Rental Accrual Ledger.,إجمالي الاستحقاق. مجموع مبالغ بنود المركبات عند إدخال البنود؛ وإلا فيُشتق من دفتر استحقاق الإيجار المرتبط.
Acknowledge,إقرار
Acknowledge receipt,تأكيد الاستلام
Acknowledge selected ({0}),إقرار المحدد ({0})
Acknowledged,مُستلم
Acknowledged By,معتمد من قِبَل
Acknowledged By (Employee),أقر بالاستلام (الموظف)
Acknowledged By (Finance),اعتمد من قِبَل (مالية)
Acknowledged On,تاريخ الاعتماد
Acknowledged by {0},تم الإقرار بواسطة {0}
Acknowledgement Received,تم استلام الإقرار
Acknowledgement Received must be set before a recovery can be {0}.,"يجب تعيين ""تم استلام الإقرار"" قبل أن يمكن {0} الاسترداد."
Action,الإجراء
Action Inbox,صندوق الإجراءات الواردة
Action Inbox (Board),صندوق الإجراءات (لوحة متابعة)
Action failed. Please review and try again.,فشل الإجراء. يرجى المراجعة وإعادة المحاولة.
Activate Bed,تفعيل السرير
Activate Room,تفعيل الغرفة
Activated By,فُعِّل بواسطة
Activation,التفعيل
Activation Date,تاريخ التفعيل
Active,نشط
Active Accommodation Assignments,التسكينات النشطة
Active CCTV Cameras,كاميرات المراقبة المفعّلة
Active Drivers,السائقون النشطون
Active Leases,عقود الإيجار النشطة
Active Occupants,الساكنون الحاليون
Active Occupants: {0},الشاغلون النشطون: {0}
Active Rentals,عقود الإيجار النشطة
Active Resident Register,سجل السكان النشطين
Active Residents,المقيمون النشطون
Active Vehicle Assignments,إسنادات المركبات النشطة
Active Vehicles,المركبات النشطة
Active Vehicles by Category,المركبات النشطة حسب الفئة
Actor,المُنفِّذ
Actors,الأطراف
Actual End Date,تاريخ النهاية الفعلي
Actual Occupancy,الإشغال الفعلي
Actual Start Date,تاريخ البداية الفعلي
Actual Start Date and Actual End Date are required to mark Completed.,تاريخ البدء الفعلي وتاريخ الانتهاء الفعلي مطلوبان للوسم كمكتمل.
Actual Visit Date,تاريخ الزيارة الفعلي
Adapter,المحوّل
Adapter Code,رمز المحوّل
Adapter Name,اسم المحوّل
Add,إضافة
Add Compliance Record,إضافة سجل امتثال
Add Details,أضف التفاصيل
Add Floor,إضافة طابق
"Add any extra detail, then save to submit the request.",أضف أي تفاصيل إضافية، ثم احفظ لتقديم الطلب.
Add at least one expected worker to the manifest.,أضف عاملاً واحداً متوقعاً على الأقل إلى البيان.
Add at least one floor with rooms.,أضِف طابقاً واحداً على الأقل بغرف.
Add at least one item to the cart before issuing.,أضف صنفاً واحداً على الأقل قبل الصرف.
Add at least one item to the cart before returning.,أضف بنداً واحداً على الأقل إلى السلة قبل الإرجاع.
Add the Items,أضف الأصناف
"Add the first driver, including license details used for clearance and dispatch.",أضف أول سائق، متضمناً بيانات الرخصة المستخدمة لإخلاء الطرف والتشغيل.
Add the first vehicle compliance record so expiry alerts are active.,أضف أول سجل امتثال للمركبة حتى تُفعَّل تنبيهات انتهاء الصلاحية.
"Add the first vehicle to the fleet so it can be assigned, fuelled, and dispatched.",أضف أول مركبة إلى الأسطول ليتسنى إسنادها وتزويدها بالوقود وتشغيلها.
Added to return: {0},أُضيف إلى الإرجاع: {0}
Added: {0},تمت الإضافة: {0}
Additional (Unregistered) Passengers,ركاب إضافيون (غير مسجلين)
Additional Information,معلومات إضافية
Additional Passengers,ركاب إضافيون
Additional Salary,راتب إضافي
Additional Salary Deduction,خصم إضافي من الراتب
Additional Salary Deduction Entry,قيد خصم إضافي من الراتب
Address,العنوان
Administrative / document-signing requests with more than this many trips this month require Operations-tier authority. A blank or zero value falls back to the built-in default.,الطلبات الإدارية أو طلبات توقيع المستندات التي تتجاوز هذا العدد من الرحلات خلال الشهر تتطلب صلاحية على مستوى العمليات. القيمة الفارغة أو الصفر تعود إلى الافتراضي المدمج.
Administrative Details,تفاصيل إدارية
Administrative Trip,رحلة إدارية
Administrative Trip / Document Signing,رحلة إدارية / توقيع مستندات
Administrative Trip Operations Threshold,حد رحلات العمليات الإدارية
Advance this request to {0},تقديم هذا الطلب إلى {0}
After,بعد
After this moment the personal link stops resolving (an expired link is refused). Regenerate to issue a fresh link with a new expiry.,بعد هذه اللحظة يتوقف الرابط الشخصي عن العمل (يُرفض الرابط المنتهي). أعد التوليد لإصدار رابط جديد بمدة صلاحية جديدة.
Age,العمر
Age (Days),العمر (أيام)
Age (Years),العمر (سنوات)
Air Conditioning,تكييف الهواء
Alert,تنبيه
Alert Aging SLA (Hours),اتفاقية مستوى خدمة تقادم التنبيهات (بالساعات)
Alert Lead Days,أيام التنبيه المسبق
Alert Lead Days cannot be negative.,لا يمكن أن تكون أيام التنبيه المسبق سالبة.
Alert Type,نوع التنبيه
Alert acknowledged,تم الإقرار بالتنبيه
Alert queue,طابور التنبيهات
Alert resolved,تم حل التنبيه
Alerts,تنبيهات
All,الكل
All Assets Physically Verified,تم الجرد الفعلي لجميع الأصول
All Assets Physically Verified must be checked before submitting the custody assignment.,"يجب تحديد ""تم التحقق الفعلي من جميع الأصول"" قبل تقديم تكليف العهدة."
All Custody Cleared,تم إخلاء طرف جميع العهد
All Items Verified,تم التحقق من جميع البنود
All clear — no open alerts,لا توجد تنبيهات مفتوحة
All three exit checkpoints must be cleared before confirming receipt.,يجب إخلاء نقاط الخروج الثلاث جميعها قبل تأكيد الاستلام.
Allocation,تخصيص
Allocation Audit,تدقيق التوزيع
Allocation Basis,أساس التوزيع
Allocation Period End,نهاية فترة التوزيع
Allocation Period Start,بداية فترة التوزيع
Allow Over-Capacity,السماح بتجاوز الطاقة الاستيعابية
Allow drivers to access the self-service portal.,السماح للسائقين بالوصول إلى بوابة الخدمة الذاتية.
Allow pop-ups to print the slip.,اسمح بالنوافذ المنبثقة لطباعة القسيمة.
Allowed Origins,المصادر المسموح بها
Also Billing Adjustment,تعديل فوترة أيضاً
Amended From,مُعدّل من
Amount,المبلغ
Amount (SAR),المبلغ (ريال)
Amount Band,شريحة المبلغ
Amount From,المبلغ من
Amount From cannot exceed Amount To.,لا يمكن أن يتجاوز «المبلغ من» «المبلغ إلى».
Amount Recovered,المبلغ المُسترد
Amount Recovered (SAR),المبلغ المسترد (ريال)
Amount To,المبلغ إلى
Amount claimed by the rental office.,المبلغ المطالب به من مكتب التأجير.
Amount must be greater than zero.,يجب أن يكون المبلغ أكبر من صفر.
Amount or Rate,المبلغ أو المعدل
Amount recovered cannot be negative.,لا يمكن أن يكون المبلغ المسترد سالبًا.
Amount the worker is acknowledging. Must respect the per-type cap and the 50% combined-wage ceiling on the Salary Deduction Policy.,المبلغ الذي يقرّ به العامل. يجب أن يلتزم بالحد الأقصى لكل نوع وبسقف 50% من إجمالي الأجر المنصوص عليه في سياسة الخصم من الراتب.
Amounts,المبالغ
An Administrative Trip cannot be linked to labour accommodation.,لا يمكن ربط الرحلة الإدارية بسكن العمال.
An Administrative Trip cannot carry a worker manifest.,لا يمكن أن تحمل الرحلة الإدارية كشف عمال.
An additional passenger's ID expiry is not a valid date.,تاريخ انتهاء هوية أحد الركاب الإضافيين غير صالح.
An idle resident has been reported and routed to the responsible department,تم الإبلاغ عن ساكن متوقف عن العمل وإحالته إلى القسم المسؤول
An itemized declaration must list the declared deductions.,الإقرار المُفصَّل يجب أن يسرد الخصومات المُعلَنة.
An open Idle Resident Report already exists for employee {0}: {1}.,يوجد بالفعل تقرير مقيم غير مُشغَّل مفتوح للموظف {0}: {1}.
An over-capacity (temporary) bed was created to house a worker beyond the room's physical capacity,تم إنشاء سرير فوق السعة (مؤقت) لإسكان عامل يتجاوز السعة الفعلية للغرفة
An overlapping lease already exists for this building: {0},يوجد بالفعل عقد إيجار متداخل لهذا المبنى: {0}
An unregistered rider (not an Employee on the manifest).,راكب غير مسجل (ليس موظفًا في كشف الركاب).
Annual,سنوي
Annual Cleaning Staff Cost (SAR),تكلفة عمالة النظافة السنوية (ريال)
Annual Cost per Bed Capacity (SAR),التكلفة السنوية لكل سرير سعة استيعابية (ريال)
Annual Electricity (SAR),تكلفة الكهرباء السنوية (ريال)
Annual Expenses,المصروفات السنوية
Annual Other Expenses (SAR),المصاريف السنوية الأخرى (ريال)
Annual Rent (SAR),الإيجار السنوي (ريال)
Annual Supervision Cost (SAR),تكلفة الإشراف السنوية (ريال)
Annual Total Cost (SAR),إجمالي التكلفة السنوية (ريال)
Annual Water (SAR),تكلفة المياه السنوية (ريال)
Annually,سنوياً
Anonymous,مجهول الهوية
Anonymous Tracking Code,رمز تتبع مجهول الهوية
Apartment,شقة
Apex Core is configured. The accommodation and fleet modules now share these settings.,تم تهيئة نواة أبيكس. تشترك الآن وحدتا السكن والأسطول في هذه الإعدادات.
Apex Integration Settings,إعدادات تكامل أبيكس
Apex Settings,إعدادات أبيكس
Apex Setup,إعداد أبيكس
Apex messaging gateway test message.,رسالة اختبار بوابة مراسلة Apex.
Appearance,المظهر
Appliance,جهاز
Applicable Days,الأيام السارية
Applied Rate,المعدل المُطبَّق
Applies to All Buildings,يسري على جميع المباني
Apply an operational markup to external-supplier accommodation costs in the Supplier Cost Recovery report.,تطبيق هامش تشغيلي على تكاليف السكن الخاصة بالموردين الخارجيين في تقرير استرداد تكلفة المورّد.
Applying…,جارٍ التطبيق…
Approval,الاعتماد
Approval (SoD),الاعتماد (فصل المهام)
Approval Controls,ضوابط الموافقة
Approval Status,حالة الاعتماد
"Approval and payment stage of the request, from draft to pending finance review, then approved and paid, or rejected or cancelled.",مرحلة اعتماد وسداد الطلب، من مسودة إلى بانتظار المراجعة المالية، ثم معتمد ومدفوع، أو مرفوض أو ملغى.
"Approval and payment stage of the utility bill, from draft and received through review and approval to paid, or held as rejected or disputed.",مرحلة اعتماد وسداد فاتورة الخدمة، من مسودة ومستلمة مرورًا بالمراجعة والاعتماد حتى السداد، أو معلّقة كمرفوضة أو محل نزاع.
"Approval and validity state of the service contract, from draft and pending approval to active, or rejected, expired, or terminated.",حالة اعتماد وسريان عقد الخدمة، من مسودة وبانتظار الاعتماد إلى ساري، أو مرفوض أو منتهٍ أو مفسوخ.
Approval failed for {0}.,فشلت الموافقة على {0}.
"Approval lifecycle of the custody handover between holders, moving from draft and pending receipt through review and approval to a confirmed, rejected, or cancelled handover.",دورة اعتماد مناولة العهدة بين الحائزين، تنتقل من مسودة وبانتظار الاستلام مرورًا بالمراجعة والاعتماد حتى مناولة مؤكدة أو مرفوضة أو ملغاة.
"Approval stage of the cost transfer, from draft and pending approval to approved and posted as a memo entry, or rejected or cancelled.",مرحلة اعتماد تحويل التكلفة، من مسودة وبانتظار الاعتماد إلى معتمد ومقيّد كقيد تذكيري، أو مرفوض أو ملغى.
Approval state. Driven by the Custody Damage Assessment Workflow.,حالة الاعتماد. يحرّكها سير عمل تقييم ضرر العهدة.
Approval workflow drives the first four states (Draft → Pending Approval → Approved / Rejected); the remaining states are the post-approval lifecycle of an approved lease.,يتحكم سير الموافقة في الحالات الأربع الأولى (مسودة ← بانتظار الموافقة ← معتمد / مرفوض)؛ أما الحالات المتبقية فهي دورة حياة عقد الإيجار بعد اعتماده.
Approvals,الموافقات
Approve,اعتماد
Approve Handover,اعتماد التسليم
Approve and Generate,اعتماد وتوليد
Approve fuel request {0}?,اعتماد طلب الوقود {0}؟
Approved,معتمد
Approved At,تاريخ الاعتماد
Approved By,معتمد من
Approved Fuel Awaiting Fulfilment,وقود معتمد بانتظار التنفيذ
Approved Last 48h,المُعتمَدة آخر 48 ساعة
Approved On,تاريخ الاعتماد
Approved by Finance,معتمد من المالية
Approved by Supervisor,معتمد من المشرف
Approved: {0},مُعتمَد: {0}
Approver Role,دور المعتمد
Approver of the POST (checker). Must differ from the preparer.,معتمِد الترحيل (المدقّق). يجب أن يختلف عن المُعِدّ.
Approving creates the rooms and beds and saves the floor plan on the building.,الاعتماد يُنشئ الغرف والأسرّة ويحفظ مخطط الطوابق في المبنى.
Approving…,جارٍ الموافقة…
April,أبريل
Arabic,العربية
Are you sure you want to generate safety setup templates for this building?,هل أنت متأكد أنك تريد توليد قوالب إعداد السلامة لهذا المبنى؟
Area,المنطقة
Area Photo Evidence,إثبات صور المناطق
Area evidence for {0} is required before submit.,إثبات المنطقة لـ {0} مطلوب قبل الترحيل.
"Area {0} must have a Cleaned photo, or be marked Not Cleaned / N/A with a note.",يجب أن تحتوي المنطقة {0} على صورة (تم التنظيف)، أو أن تُعلَّم (لم يُنظَّف / لا ينطبق) مع ملاحظة.
Arguments passed to the scanner (e.g. --audience client).,الوسائط المُمرَّرة إلى الماسح (مثل ‎--audience client‎).
Arrange Departure Transport,ترتيب نقل المغادرة
Arrival,وصول
Arrival Batch,دفعة وصول
Arrival Batch Worker,عامل دفعة الوصول
Arrival Card,بطاقة الوصول
Arrival Cards,بطاقات الوصول
Arrival Context,سياق الوصول
Arrival Date,تاريخ الوصول
Arrival Date plus Window Days. Computed by the controller.,تاريخ الوصول زائد أيام النافذة. يحسبه المتحكم تلقائياً.
Arrival Manifest,بيان الوصول
Arrival Slip,قسيمة الوصول
Arrivals Desk,مكتب الوصول
Arrivals Desk (Board),مكتب الوصول (لوحة متابعة)
Arrivals Desk (Screen),مكتب الوصول (شاشة إدخال)
Arrivals Intake,استقبال الوافدين
Arrivals Today,الوافدون اليوم
Arrivals today,الوافدون اليوم
Arrived,وصل
Arrived As,وصل بصفة
Arrived At,وقت الوصول
Arrived this session ({0}),وصلوا في هذه الجلسة ({0})
Article,الصنف
Article Details,تفاصيل الصنف
Article Name,اسم الصنف
"Article {0} was not issued on Custody Issue {1}, so it cannot be returned.",الصنف {0} لم يُصرف في صرف العهدة {1}، لذا لا يمكن إرجاعه.
Article…,المادة…
As Needed,عند الحاجة
As On Date,حتى تاريخ
Ascending authority rank within the action (1 = lowest band). Higher band = higher approval authority.,ترتيب الصلاحية التصاعدي داخل الإجراء (واحد = أدنى شريحة). الشريحة الأعلى تعني صلاحية اعتماد أعلى.
Assembled,مُجمَّع
Assembler of the run. Must differ from the approver / issuer (SoD).,مُجمِّع التشغيل. يجب أن يختلف عن المعتمِد أو المُصدِر (فصل المهام).
Assembly,التجميع
Assembly version for this client/branch/period; a re-run is a new version.,إصدار التجميع لهذا العميل/الفرع/الفترة؛ وكل إعادة تشغيل تُعدّ إصداراً جديداً.
Assess Damage,تقييم الضرر
"Assessed seriousness of the incident, driving escalation and response urgency from minor low-severity events up to critical incidents needing immediate action.",درجة خطورة الحادث المقدّرة، تحرّك التصعيد وسرعة الاستجابة من الأحداث البسيطة منخفضة الخطورة حتى الحوادث الحرجة التي تتطلب إجراءً فوريًا.
Assessment,التقييم
Assessment Date,تاريخ التقييم
Asset,أصل
Asset / Article,أصل / صنف
Asset Category,تصنيف الأصول
Asset Lines,بنود الأصول
Asset Link,رابط الأصل
Asset Location,موقع الأصول
Asset Movements Over Time,حركة الأصول عبر الزمن
Asset Name,اسم الأصل
Asset Reference,مرجع الأصل
Asset table cannot be empty.,لا يمكن أن يكون جدول الأصول فارغاً.
Assets Moved This Month,الأصول المنقولة هذا الشهر
Assets in Custody,الأصول في العهدة
Assign a vehicle to a driver or project to start the movement lifecycle.,أسنِد مركبة إلى سائق أو مشروع لبدء دورة حياة الحركة.
Assign an employee to a bed to start the accommodation lifecycle.,اربط الموظف بسرير لبدء دورة السكن.
Assign the Bed,خصّص السرير
Assign the Driver,عيّن السائق
Assign the specific bed. This starts occupancy tracking and cost allocation.,خصّص السرير المحدّد. يبدأ هذا تتبّع الإشغال وتوزيع التكاليف.
Assign to me,إسناد إليّ
Assign to me ({0}),إسناد إليّ ({0})
Assigned,مُسنَد
Assigned Building,المبنى المخصص
Assigned Driver,السائق المسند
Assigned Requests,الطلبات المُسندة
Assigned Tasks,المهام المسندة
Assigned To,مخصص لـ
Assigned To (Employee),مخصص للموظف
Assigned To is required when status is Assigned.,حقل 'مخصص لـ' مطلوب عندما تكون الحالة 'مُسنَد'.
Assigned Today,المسندون اليوم
Assigned Trip,الرحلة المُسندة
Assigned Vehicle,المركبة المسندة
Assigned requests need {0} seats but vehicle {1} seats only {2}.,تحتاج الطلبات المُسندة إلى {0} مقعداً لكن المركبة {1} تتسع لـ {2} فقط.
Assigned to Trip,مُسند إلى رحلة
Assigned to driver {0} via {1}.,أُسند إلى السائق {0} عبر {1}.
Assigned to you,مُسنَد إليك
Assignee,المُكلَّف
Assignment,الإسناد
Assignment Period,فترة الإسناد
Assignment Type,نوع التسكين
Assignment {0} (driver {1}) cancelled.,تم إلغاء التعيين {0} (السائق {1}).
Assigns a vehicle to a driver and project for a defined period.,يُسنِد مركبة إلى سائق ومشروع لفترة محددة.
Assumed Fleet Speed (km/h),السرعة المفترضة للأسطول (km/h)
Assumed average fleet speed (km/h) used to estimate the worker's live ride ETA from the driver's GPS position; blank or zero uses the built-in default.,متوسط سرعة الأسطول المفترض (كم/س) المستخدم لتقدير الوقت المتوقع لوصول رحلة العامل المباشرة من موقع السائق عبر تحديد المواقع؛ وتُستخدم القيمة الافتراضية المدمجة عند تركه فارغًا أو صفرًا.
At,في
At least one asset line is required.,يجب إدخال بند أصول واحد على الأقل.
At least one damaged item is required.,يجب إدخال بند تالف واحد على الأقل.
At least one finding is required on a Maintenance Inspection Report.,يجب تسجيل ملاحظة واحدة على الأقل في تقرير فحص الصيانة.
At least one item is required on a Custody Handover.,يلزم بند واحد على الأقل في تسليم العهدة.
At least one item is required on a Custody Issue.,يجب إدخال صنف واحد على الأقل لصرف العهدة.
At least one item is required on a Custody Return.,يجب إدخال صنف واحد على الأقل لإرجاع العهدة.
At least one item is required on a Goods Receipt.,يلزم بند واحد على الأقل في استلام البضائع.
At least one item is required on a Material Transfer.,يجب إدخال صنف واحد على الأقل في نقل المواد.
At least one worker is required for an Inter-City Relocation.,يلزم عامل واحد على الأقل لعملية النقل بين المدن.
Atelier,أتيليه
Attach the internal authorization (management sign-off) approving this deduction type.,أرفق التفويض الداخلي (اعتماد الإدارة) الذي يقر نوع الحسم هذا.
Attach the signed legal opinion / policy approving these deductions under KSA Labor Law.,أرفق الرأي القانوني / السياسة الموقّعة التي تعتمد هذه الخصومات بموجب نظام العمل السعودي.
Attachment,مرفق
Attendance,الحضور
Attendance Date,تاريخ الحضور
Attendance Details,تفاصيل الحضور
Attendance Images,صور الحضور
Attendance for {0} on {1} already exists.,حضور {0} في {1} موجود بالفعل.
"Attendance outcome recorded for the driver on the day, distinguishing present and late from absent or approved leave for payroll and availability.",نتيجة حضور السائق المسجّلة لليوم، تميّز الحاضر والمتأخر عن الغائب أو الإجازة المعتمدة لأغراض الرواتب والجاهزية.
Audience,الجهة المستهدفة
Audit,التدقيق
Audit Event,حدث تدقيق
Audit Event is append-only; record a new compensating event instead of editing.,حدث التدقيق للإضافة فقط؛ سجّل حدثاً تعويضياً جديداً بدلاً من التعديل.
Audit Event is immutable and cannot be deleted.,حدث التدقيق غير قابل للتغيير ولا يمكن حذفه.
Audit Finding,ملاحظة التدقيق
Audit Findings Received,تم استلام نتائج التدقيق
Audit Reference,مرجع التدقيق
Audit Remediation Building Scope,نطاق معالجة ملاحظات المباني
Audit Remediation Item,بند معالجة التدقيق
Audit Remediation Plan,خطة معالجة تدقيق العميل
Audit Remediation Plans by Status,خطط معالجة التدقيق حسب الحالة
Audit Remediation Status,حالة معالجة التدقيق
Audit of which penalty rule fired per worker. A gated / inferred row forces the run to PENDING-REVIEW.,تدقيق قاعدة الغرامة التي طُبِّقت لكل عامل. أي صف محجوز أو مُستنتَج يُلزم التشغيل بحالة قيد المراجعة.
August,أغسطس
Auth Secret,المفتاح السري للمصادقة
Authority,الصلاحية
Authorization,التفويض
Authorization & Delivery,التفويض والتسليم
Authorization (DoA / SoD),التفويض (تفويض الصلاحيات / فصل المهام)
Authorization Document,مستند التفويض
Authorization Document is required to enable the Rent / Housing deduction rule.,مستند التفويض مطلوب لتفعيل قاعدة حسم الإيجار / السكن.
Authorized By,مفوض من قبل
Authorized By is required to enable the Rent / Housing deduction rule.,حقل «اعتمده» مطلوب لتفعيل قاعدة حسم الإيجار / السكن.
Auto,تلقائي
Auto-Generate Beds,توليد الأسرة تلقائياً
"Auto-assign new maintenance requests across the maintenance team. DISABLED by default: replace the placeholder user with your real team, then enable.",إسناد طلبات الصيانة الجديدة تلقائيًا على فريق الصيانة. مُعطَّل افتراضيًا: استبدل المستخدم النائب بفريقك الفعلي ثم فعّله.
"Auto-assign new resident requests to a triage owner (round robin). DISABLED by default: replace the placeholder user with your real triage team, then enable.",إسناد طلبات السكان الجديدة تلقائيًا إلى مسؤول فرز (بالتناوب). معطّل افتراضيًا: استبدل المستخدم النائب بفريق الفرز الفعلي ثم فعّله.
"Auto-assign new support tickets across the division support team (load balancing). DISABLED by default: replace the placeholder user with your real support team, then enable.",إسناد تذاكر الدعم الجديدة تلقائيًا عبر فريق دعم القسم (موازنة الحمل). معطّل افتراضيًا: استبدل المستخدم النائب بفريق الدعم الفعلي ثم فعّله.
Auto-calculated on validate. Positive = above average; negative = below average.,يُحسب آلياً عند التحقق. الموجب = أعلى من المتوسط؛ السالب = أقل من المتوسط.
Auto-computed sum of all payment schedule rows.,مجموع محسوب آلياً لكل أسطر جدول الدفعات.
Auto-create Facility Asset Movement on Transfer,إنشاء حركة أصل منشأة آلياً عند النقل
Auto-derived from the building's physical beds.,مشتق آلياً من الأسرّة الفعلية للمبنى.
Auto-fetched from Building,يُجلب آلياً من المبنى
Auto-filled from Utility Account. Adjust if different for this bill.,يُعبّأ تلقائياً من حساب الخدمة. عدّله إذا كان مختلفاً لهذه الفاتورة.
Auto-generated from Accommodation Checkout {0}. Review replacement costs and submit.,أُنشئ تلقائيًا من مغادرة السكن {0}. راجع تكاليف الاستبدال ثم قدّمه.
Auto-generated from Building and Expected Date on save. Read-only by design.,يُولَّد آلياً من المبنى والتاريخ المتوقع عند الحفظ. للقراءة فقط بحكم التصميم.
Auto-generated from {0} {1},مُولَّد آلياً من {0} {1}
Auto-generated summary of meter sharing calculation,ملخّص يُنشأ تلقائياً لحساب مشاركة العدّاد
Auto-resolved: {0},تمت المعالجة تلقائيًا: {0}
Auto-reverted: overdue temporary top-up (was due {0}).,تم العكس تلقائيًا: تعبئة مؤقتة متأخرة (كانت مستحقة في {0}).
Auto-submit Target Payment,الترحيل التلقائي للدفعة المستهدفة
Automation Links,روابط الأتمتة
Available,متاح
Available Beds,الأسرّة المتاحة
Available Capacity,السعة المتاحة
Available Capacity Trend,اتجاه السعة المتاحة
Available Rooms,الغرف المتاحة
Available: {0},متاح: {0}
Average,متوسط
Average Monthly Bill (SAR),متوسط الفاتورة الشهرية (ريال)
Average Vehicle Utilisation %,متوسط نسبة استغلال المركبات %
Avg Available Capacity,متوسط السعة المتاحة
Avg Cost / Litre,متوسط التكلفة لكل لتر
Avg Occupancy %,متوسط نسبة الإشغال
Avg Utilisation %,متوسط نسبة الاستخدام (%)
Avg Vehicle Utilisation % (All-Time),متوسط نسبة استغلال المركبات (الإجمالي)
Awaiting Approval,بانتظار الاعتماد
Awareness and Training,التوعية والتدريب
Back,رجوع
Back to the system,العودة إلى النظام
Background notifications are not enabled.,الإشعارات في الخلفية غير مفعّلة.
Balady Certificate,شهادة بلدي
Balance Qty,الكمية المتبقية
Band Sequence,تسلسل الشريحة
"Band lower bound (inclusive). WITHHELD in the repo: no default, seeded out-of-repo from the owner's DoA policy. Never invented.",الحد الأدنى للشريحة (شامل). محجوب في المستودع: بلا قيمة افتراضية، ويُزرع من خارج المستودع وفق سياسة تفويض الصلاحيات لدى المالك. ولا يُختلَق أبداً.
"Band upper bound (inclusive). Leave blank for the top, open-ended band that escalates to the Owner. WITHHELD: no default, seeded out-of-repo.",الحد الأعلى للشريحة (شامل). اتركه فارغاً للشريحة العليا المفتوحة التي تُصعَّد إلى المالك. محجوب: بلا قيمة افتراضية، ويُزرع من خارج المستودع.
Base Accommodation Cost,تكلفة السكن الأساسية
Basement,قبو
Basement {0},القبو {0}
Basis / Evidence,الأساس / الأدلة
Basis / Evidence is required before a recovery can be Approved.,يجب توفير الأساس / الأدلة قبل اعتماد عملية الاسترداد.
Basis Consistency,اتساق الأساس
Bathroom,دورة المياه
Bathrooms,دورات المياه
Bed,سرير
Bed Capacity,الطاقة الاستيعابية (أسرة)
Bed Code,رمز السرير
Bed capacity per room exceeds maximum of 50. Floor {0}: {1} beds configured.,سعة الأسرّة لكل غرفة تتجاوز الحد الأقصى 50. الطابق {0}: تم تهيئة {1} سرير.
"Bed mosquito net. Consumable, routinely purchased per site.",ناموسية سرير. صنف استهلاكي يُشترى دورياً لكل موقع.
Bed sheet / linen set for worker accommodation. Consumable bedding item.,شرشف / طقم مفروشات لسكن العمال. صنف مفروشات استهلاكي.
Bed {0} is not linked to a room and building.,السرير {0} غير مرتبط بغرفة ومبنى.
Bed {0} is occupied. Check the resident out before deactivating it.,السرير {0} مشغول. أخرِج الساكن قبل تعطيله.
Bed {0} was just taken by another assignment ({1}). Please select a different bed.,تم حجز السرير {0} للتو بتعيين آخر ({1}). يُرجى اختيار سرير مختلف.
Bed {0}: {1},السرير {0}: {1}
"Bed-availability state of the room derived from occupancy, marking whether it can still take residents, is full, or is temporarily out for maintenance.",حالة توفر الأسرّة في الغرفة المشتقة من الإشغال، تبيّن ما إذا كانت لا تزال تستقبل مقيمين، أو ممتلئة، أو خارج الخدمة مؤقتًا للصيانة.
Bedding & Linen,مفروشات وبياضات
Beds,الأسرّة
Beds Out of Service,الأسرة خارج الخدمة
Beds by Building,الأسرّة حسب المبنى
Beds by Status,الأسرة حسب الحالة
Beds per Room,عدد الأسرة لكل غرفة
"Beds per Room must be greater than 0 when Auto-Generate Beds is enabled. Floor {0}, type {1}.",يجب أن يكون عدد الأسرّة لكل غرفة أكبر من 0 عند تفعيل التوليد التلقائي للأسرّة. الطابق {0}، النوع {1}.
Before,قبل
Bengali,البنغالية
Bi-weekly,كل أسبوعين
Bill,الفاتورة
Bill Amount (SAR),قيمة الفاتورة (ريال)
Bill Identity,هوية الفاتورة
Bill PDF,الفاتورة بصيغة PDF
Bill a rental office for its vehicles and print the statement.,افتر مكتب تأجير على مركباته واطبع البيان.
Bill amounts cannot be negative.,لا يمكن أن تكون مبالغ الفاتورة سالبة.
Billable Line,بند الفوترة
Billed Days,الأيام المفوترة
Billed To Supplier,يُحاسَب على المورد
Billed days for this line.,الأيام المفوترة لهذا البند.
Billing,الفوترة
Billing Cycle,دورة الفوترة
Billing Model,نموذج الفوترة
Billing Period From,فترة الفوترة من
Billing Period To,فترة الفوترة إلى
Billing Period To must be on or after Billing Period From.,يجب أن يكون تاريخ نهاية فترة الفوترة مساوياً لتاريخ البداية أو بعده.
Billing Period and Amount,فترة ومبلغ الفوترة
Billing Recipient Email,البريد الإلكتروني لمستلم الفاتورة
Billing Unit,وحدة الفوترة
Billing and Variance,الفوترة والفرق
"Bind to one adapter, or leave blank for the global default map.",اربطها بمحوّل واحد، أو اتركها فارغة لتكون الخريطة الافتراضية العامة.
Block Assignment On Expired Compliance,منع الإسناد عند انتهاء الامتثال
Block Split,تقسيم الكتل
Block vehicle assignment when the linked vehicle has expired compliance.,منع إسناد المركبة عند انتهاء صلاحية امتثال المركبة المرتبطة.
Blocked,محظور
Blocked Driver Clearances,إخلاءات طرف السائقين المحظورة
Boarded,على متن
Boarded At,وقت الصعود
Boarded Count,عدد الصاعدين
"Boarded count, derived from the boarding events below (never hand-set).",عدد الصاعدين، مشتق من أحداث الصعود أدناه (لا يُضبط يدوياً مطلقاً).
Boarding,الصعود
Boarding Active Poll (Seconds),استطلاع الصعود النشط (ثوانٍ)
Boarding Auto-Confirm (Minutes),التأكيد التلقائي للصعود (دقائق)
Boarding Event Created,تم إنشاء حدث الصعود
Boarding Events,أحداث الصعود
Boarding Grace (Minutes),مهلة الصعود (دقائق)
Boarding Notify Max Count,الحد الأقصى لعدد إشعارات الصعود
Boarding Notify Window (Seconds),نافذة إشعار الصعود (ثوانٍ)
Boarding Scan Log,سجل مسح الصعود
Boarding Scan Log rows are append-only and cannot be edited.,صفوف سجل مسح الصعود للإضافة فقط ولا يمكن تعديلها.
Boarding State,حالة الصعود
Boarding and Departure Flow,تدفق الصعود والمغادرة
"Boarding state of a worker for the trip, tracking whether boarding is pending, the worker claimed a seat, actually boarded, was rejected by the driver, or was absent.",حالة صعود العامل للرحلة، تتابع ما إذا كان الصعود قيد الانتظار، أو حجز العامل مقعدًا، أو صعد فعليًا، أو رفضه السائق، أو تغيّب.
Boards and Dashboards,لوحات المتابعة ولوحات المعلومات
Book Value,القيمة الدفترية
Book Value (SAR),القيمة الدفترية (ريال)
Bookkeeping,المسك المحاسبي
Both a source bed and a target bed are required.,يلزم تحديد سرير المصدر وسرير الوجهة معاً.
Branch Coverage,تغطية الفرع
Branch Site,موقع الفرع
Brand Logo,شعار العلامة التجارية
Brand Logo must be an uploaded file (a /files/ path).,يجب أن يكون شعار العلامة التجارية ملفًا مرفوعًا (مسار /files/).
Build the catalog of issuable articles that the custody flow hands out.,ابنِ كتالوج المواد القابلة للصرف التي يصرفها مسار العهدة.
Build your article catalog and issue your first custody at the kiosk.,ابنِ كتالوج المواد واصرف أول عهدة من الكشك.
Building,المبنى
Building (Store),المبنى (المستودع)
Building A,المبنى أ
Building Address,عنوان المبنى
Building B,المبنى ب
Building Code Locked,رمز المبنى مقفل
Building License,رخصة المبنى
Building Licenses by Status,رخص المباني حسب الحالة
Building Number,رقم المبنى
Building Operations Summary,تقرير مشرف السكن
Building Store,مخزن المبنى
Building arrival cards…,جارٍ إنشاء بطاقات الوصول…
Building is at full capacity ({0} of {1}). Over-capacity not allowed.,المبنى ممتلئ بالكامل ({0} من {1}). تجاوز السعة غير مسموح به.
Building is required to mark Completed.,المبنى مطلوب للوسم كمكتمل.
Building safety inspection.,تفتيش سلامة المبنى.
Building {0} is not flagged as a Procurement Intake Store.,المبنى {0} غير مُعلَّم كمخزن استلام مشتريات.
"Building-level fixed asset: CCTV camera, DVR/NVR, hard disk, router, switch, generator. Custody is on the supervisor, not on an employee.",أصل ثابت على مستوى المبنى: كاميرا مراقبة، مسجّل DVR/NVR، قرص صلب، موجّه، مبدّل، مولّد. العهدة على المشرف وليست على موظف.
Buildings Granted,المباني المرخصة
Buildings In Scope,المباني المشمولة بالعمل
Buildings Over Occupancy Threshold,المباني المتجاوزة لحد الإشغال
Bump on any client format revision. Revisions create a new version; never overwrite.,ارفع الإصدار عند أي تعديل على صيغة العميل. التعديلات تنشئ إصدارًا جديدًا ولا تستبدل القديم.
By,بواسطة
CCTV Camera,كاميرا مراقبة
COD Shortage,عجز الدفع عند الاستلام
COMPLETE,مكتمل
COMPLETE lines are the sole input to reconciliation. A line with any open GATE data-quality flag stays INCOMPLETE and does not proceed.,السطور المكتملة (COMPLETE) هي المُدخل الوحيد للتسوية. يبقى أي سطر عليه علامة جودة بيانات حاجبة (GATE) مفتوحة غير مكتمل (INCOMPLETE) ولا يمضي قُدُمًا.
Cadence,الوتيرة
Camera Access Building Scope,نطاق الوصول لكاميرات المبنى
Camera Access Grant,منح صلاحية الوصول للكاميرات
Cameras in Building,الكاميرات في المبنى
Cancel,إلغاء
Cancellation,الإلغاء
Cancellation Reason,سبب الإلغاء
Cancellation Reason is mandatory.,سبب الإلغاء إلزامي.
Cancellation Reason is required before cancelling a Depreciation Snapshot.,يلزم تحديد سبب الإلغاء قبل إلغاء لقطة الاستهلاك.
Cancellation Reason is required before cancelling a Facility Asset Movement.,يلزم تحديد سبب الإلغاء قبل إلغاء نقل أصول المنشأة.
Cancellation Reason is required before cancelling a Maintenance Inspection Report.,يلزم تحديد سبب الإلغاء قبل إلغاء تقرير فحص الصيانة.
Cancellation Reason is required before cancelling a Maintenance Work Order.,يلزم تحديد سبب الإلغاء قبل إلغاء أمر عمل الصيانة.
Cancellation Reason is required before cancelling a Scheduled Task Instance.,يلزم تحديد سبب الإلغاء قبل إلغاء سجل تنفيذ المهمة المجدولة.
Cancellation Reason is required before cancelling a delivery.,سبب الإلغاء مطلوب قبل إلغاء التسليم.
Cancelled,مُلغى
Candidate amount (computed at runtime; gated on the owner-confirmed penalty thresholds; never invented).,المبلغ المرشّح (يُحسب وقت التشغيل؛ محجوز على حدود الغرامة المؤكدة من المالك؛ ولا يُختلَق أبداً).
Cannot advance {0} from {1} to {2} here. Open the request to set the required fields.,لا يمكن تقديم {0} من {1} إلى {2} هنا. افتح الطلب لتعبئة الحقول المطلوبة.
Cannot cancel Custody Damage Assessment {0} because Additional Salary Deduction Entry {1} is submitted.,تعذر إلغاء تقييم تلف العهدة {0} لأن قيد حسم الراتب الإضافي {1} معتمد.
Cannot cancel Custody Issue {0} because it is referenced by active Custody Return {1}.,لا يمكن إلغاء صرف العهدة {0} لأنه مرجوع إليه من إرجاع عهدة نشط {1}.
Cannot cancel Custody Return {0} because it is referenced by active Custody Damage Assessment {1}.,لا يمكن إلغاء إرجاع العهدة {0} لأنه مرجوع إليه من تقييم تلفيات عهدة نشط {1}.
"Cannot check out while the resident still holds custody. Resolve each item (return it, or mark it Lost/Damaged): {0}",لا يمكن إتمام المغادرة بينما لا يزال النزيل يحتفظ بعهدة. عالِج كل بند (أعِده، أو حدّده مفقوداً/تالفاً): {0}
Cannot hand over {0} unit(s) of {1} from {2}: only {3} available in the store.,لا يمكن تسليم {0} وحدة من {1} من {2}: المتوفر في المخزن {3} فقط.
Cannot issue {0} unit(s) of {1} from {2}: only {3} available in the store.,لا يمكن صرف {0} وحدة من {1} من {2}: المتوفر في المخزن {3} فقط.
Cannot mark Missed before the scheduled date ({0}).,لا يمكن وضع علامة فائت قبل التاريخ المجدول ({0}).
Cannot release: one or more workers have a missing or invalid IBAN.,تعذّر الإصدار: هناك عامل أو أكثر بآيبان مفقود أو غير صالح.
Cannot release: {0} slip(s) still lack a verified deduction consent.,تعذّر الإصدار: ما زال {0} من الإيصالات يفتقر إلى موافقة خصم موثّقة.
Cannot return {0} unit(s) of {1}: {2} were issued and {3} already returned.,لا يمكن إرجاع {0} وحدة من {1}: تم صرف {2} وأُرجعت {3} بالفعل.
Cannot transfer {0} unit(s) of {1} from {2}: only {3} available in the store.,لا يمكن نقل {0} وحدة من {1} من {2}: المتوفر في المخزن {3} فقط.
Canonical Field,الحقل المعياري
Canonical Timesheet Lines emitted or merged by this batch.,سطور الدوام المعيارية التي أنشأتها أو دمجتها هذه الدفعة.
Canonical attendance code. Per-format source tokens (incl. Arabic free-text and client-specific vocabularies) map onto this one enum in the status-code map.,رمز الحضور المعياري. تُربَط الرموز المصدرية لكل صيغة (بما فيها النصوص العربية الحرة ومفردات العملاء الخاصة) بهذا الرمز الموحّد ضمن خريطة رموز الحالة.
Canonical domain.process.case_type.state grammar key for dedup and cross-entity correlation.,مفتاح النحو المعياري domain.process.case_type.state لإزالة التكرار والربط بين الكيانات.
Canonical fields this format must supply. A missing GATE field marks the line INCOMPLETE and blocks reconciliation until closed or waived.,الحقول المعيارية التي يجب أن توفّرها هذه الصيغة. أي حقل من نوع GATE ناقص يضع السطر في حالة INCOMPLETE ويوقف التسوية حتى يُغلق أو يُتنازَل عنه.
Cap Amount per Event (SAR),الحد الأقصى للمبلغ لكل واقعة (ريال سعودي)
Capacity,السعة
Capacity & Status,السعة والحالة
Capacity Denominator,مقام السعة المعتمد
Capacity Policies,سياسات السعة
Capacity and Occupancy,السعة والإشغال
Capacity reductions blocked ({0} room(s) have occupied surplus beds):,تعليق تخفيضات السعة ({0} غرفة/غرف بها أسرّة زائدة مشغولة):
Caps (KSA Labor Law),الحدود القصوى (نظام العمل السعودي)
Caption,التعليق
"Capture a movement need so it can be validated, scheduled, and dispatched.",سجّل حاجة حركة ليتسنى التحقق منها وجدولتها وتشغيلها.
Captured At,وقت الالتقاط
Captured By,بواسطة
Card,بطاقة
Cards / Table,كروت / جدول
Carried through from the P-190 Payable Line; a partial pay is never silent.,مُرحَّل من بند المستحقات P-190؛ والدفع الجزئي لا يمر بصمت أبداً.
Cart,السلة
Cart is empty.,السلة فارغة.
Case,حالة
Case Closed,تم إغلاق القضية
Case Details,تفاصيل الحالة
Casualties,الإصابات
Casualties cannot be negative.,لا يمكن أن تكون الإصابات سالبة.
Catalog master for individual issuable articles.,بيانات فهرس أساسية للأصناف القابلة للصرف الفردية.
Catalogue format family this profile parses.,عائلة الصيغ في الكتالوج التي يحلّلها هذا الملف.
Category,الفئة
Category Details,تفاصيل الفئة
Category Name,اسم الفئة
Category Name is required.,اسم الفئة مطلوب.
"Category of cost being transferred between cost centres, whether fuel, rental, trip cost, or another type, used for internal cost reallocation.",فئة التكلفة المُحوّلة بين مراكز التكلفة، سواء وقود أو إيجار أو تكلفة رحلة أو نوع آخر، تُستخدم لإعادة توزيع التكاليف داخليًا.
"Category of the safety incident in the accommodation, routing fire, electrical, injury, structural, hygiene, and security events to the appropriate response and reporting path.",فئة حادث السلامة في السكن، توجّه أحداث الحريق والكهرباء والإصابات والأضرار الإنشائية والنظافة والأمن إلى مسار الاستجابة والإبلاغ المناسب.
Cell Number,رقم الجوال
Certificate File,ملف الشهادة
Change,التغيير
Charge Fee Basis,أساس رسوم الخدمة
Check In,تسجيل الدخول
Check Item,بند الفحص
Check Out,تسجيل الخروج
"Check for durable items (beds, AC units, washing machines); leave unchecked for consumables.",فعّل الخيار للأصناف المعمّرة (الأسرّة، وحدات التكييف، الغسالات)؛ واتركه دون تفعيل للمستهلكات.
Check-in,تسجيل الوصول
Check-in Date,تاريخ التسكين
Check-in Evidence,دليل تسجيل الدخول
Check-in slip,قسيمة التسكين
Check-out Date,تاريخ المغادرة
Check-out Reason,سبب الخروج
Check-out cancelled. Reason: {0},أُلغيت المغادرة. السبب: {0}
Check-out processed via {0} on {1},تمت معالجة المغادرة عبر {0} في {1}
Checked Out,تمت المغادرة
Checked in: {0},تسجيل الدخول: {0}
Checked out: {0},تسجيل الخروج: {0}
Checker: who verified the consent. Must differ from who obtained it (maker-checker).,المدقّق: من تحقّق من الموافقة. يجب أن يختلف عمّن حصل عليها (مبدأ الصانع والمدقّق).
Checklist Items,بنود قائمة الفحص
Checklist Template,قالب قائمة الفحص
Checklist lines must be a list.,يجب أن تكون سطور قائمة الفحص قائمةً.
Checklist lines must be valid JSON.,يجب أن تكون بنود قائمة الفحص بصيغة JSON صحيحة.
Checklist template can only be loaded into a Draft handover.,لا يمكن تحميل قالب قائمة الفحص إلا في تسليم بحالة مسودة.
Checklist template {0} is not active.,قالب قائمة الفحص {0} غير نشط.
Checkout,مغادرة السكن
Checkout Date,تاريخ تسجيل الخروج
Checkout Details,تفاصيل المغادرة
Checkout Pending Clearance,إخلاءات بانتظار التسوية
Checkout Reason,سبب مغادرة السكن
Checkout date cannot be earlier than assignment check-in date.,لا يمكن أن يكون تاريخ المغادرة قبل تاريخ بدء التسكين.
Child link row for the Rate Card enabled-components multiselect. One row per component the card charges; the row points at a Rate Card Component Type.,صف ربط فرعي لاختيار المكوّنات المفعّلة في بطاقة الأسعار. صف لكل مكوّن تحتسبه البطاقة؛ ويشير الصف إلى نوع مكوّن بطاقة الأسعار.
Child: one article line on a Custody Issue.,تابع: سطر صنف واحد في صرف عهدة.
Child: one article line on a Custody Return.,تابع: سطر صنف واحد في إرجاع عهدة.
Child: one asset line in a Non-Financial Depreciation Snapshot.,فرعي: سطر أصل واحد في لقطة إهلاك غير مالية.
Child: one damaged article line on a Custody Damage Assessment.,تابع: سطر صنف تالف واحد في تقييم تلفيات العهدة.
Child: one expected worker on a pre-arrival manifest.,جدول فرعي: عامل واحد متوقع في بيان ما قبل الوصول.
Chip,شريحة
Chip Action,إجراء الشريحة
Chip Cancellation,إلغاء الشريحة
Chip Number,رقم الشريحة
Choose the Building,اختر المبنى
Choose the Room,اختر الغرفة
Choose the Vehicle,اختر المركبة
Choose the type of fuel request.,اختر نوع طلب الوقود.
Choose the type of transport service needed.,اختر نوع خدمة النقل المطلوبة.
Choose whether the recipient is an Employee or another worker type.,اختر ما إذا كان المستلم موظفاً أو نوعاً آخر من العمّال.
Choose whether the resident is an Employee or a Temporary Worker.,اختر ما إذا كان المقيم موظفاً أو عاملاً مؤقتاً.
City,المدينة
City Name,اسم المدينة
Civil Defence Certificate,ترخيص الدفاع المدني
Claim,المطالبة
Claim period in YYYY-MM format (e.g. 2026-05).,فترة المطالبة بصيغة YYYY-MM (مثال: 2026-05).
Claimed Amount (SAR),المبلغ المطالب به (ريال)
Claimed Amount cannot be negative.,لا يمكن أن يكون المبلغ المُطالب به سالبًا.
Claimed Litres,اللترات المطالب بها
Claimed Litres must be greater than zero.,يجب أن تكون اللترات المطالب بها أكبر من صفر.
Claimed Total,إجمالي المطالب به
Claimed Total (SAR),إجمالي المطالب به (ريال)
Claimed Total and Accrued Total cannot be negative.,لا يمكن أن يكون الإجمالي المُطالب به وإجمالي الاستحقاق سالبين.
Claimed Total minus Accrued Total.,إجمالي المطالب به ناقص إجمالي المستحق.
Claimed litres minus consumed litres. Positive = claim exceeds recorded consumption.,اللترات المطالب بها مطروحًا منها اللترات المستهلكة. القيمة الموجبة = المطالبة تتجاوز الاستهلاك المسجَّل.
Classification,التصنيف
"Classification of fleet vehicles (e.g., Sedan, Pickup, Bus).",تصنيف مركبات الأسطول (مثل سيدان أو بيك أب أو حافلة).
Classifies why this trip is requested; the transport supervisor reads it when assigning requests onto a trip.,يصنّف سبب طلب هذه الرحلة؛ يطّلع عليه مشرف النقل عند إسناد الطلبات إلى الرحلة.
Classify the maintenance issue.,صنّف عطل الصيانة.
Clean,سليم
Cleaned,تم التنظيف
Cleaner,عامل النظافة
Cleaner (Employee),العامل (الموظف)
Cleaner Name,اسم العامل
Cleaner Type,نوع العامل
"Cleaner who supplied the evidence, resolved from the tokenized portal.",عامل النظافة الذي قدّم الإثبات، يُحدَّد من البوابة المُرمَّزة.
Cleaning,خدمات النظافة
Cleaning Area Photo,صورة منطقة التنظيف
Cleaning Compliance %,نسبة الالتزام بالتنظيف
Cleaning Compliance Ledger,سجل الامتثال للنظافة
Cleaning Compliance Ledger rows are immutable and cannot be edited.,صفوف سجل الامتثال للنظافة غير قابلة للتغيير ولا يمكن تعديلها.
Cleaning Compliance Ledger rows cannot be deleted.,لا يمكن حذف صفوف سجل الامتثال للنظافة.
Cleaning Date,تاريخ التنظيف
Cleaning Equipment,معدات نظافة
Cleaning Log,سجل النظافة
Cleaning Log Room Detail,تفاصيل غرف سجل التنظيف
Cleaning Logs,سجلات التنظيف
Cleaning Logs Recorded,سجلات النظافة المسجلة
Cleaning Record,سجل التنظيف
Cleaning Reports,تقارير النظافة
Cleaning Staff Salary,رواتب عمالة النظافة
Cleanup applied while reading the source value.,التنظيف المُطبَّق عند قراءة القيمة المصدرية.
Clear,مسح
Clear filters,مسح المرشّحات
Clearance,إخلاء طرف
Clearance Reason,سبب إخلاء الطرف
Clearance is blocked. Outstanding movement-domain items remain open.,إخلاء الطرف موقوف. توجد بنود نطاق حركة مفتوحة لم تُسوَّ.
Clearance is blocked. The following must be resolved first: {0}.,إخلاء الطرف محظور. يجب معالجة ما يلي أولًا: {0}.
Clearance required: rider {0} is on leave/inactive but still holds vehicle {1}. Recover the vehicle and custody.,إخلاءٌ مطلوب: السائق {0} في إجازة/غير نشط لكنّه ما يزال يحوز المركبة {1}. استردّ المركبة والعهدة.
Clearance {0} cancelled; driver restored to Active.,أُلغيت المخالصة {0}؛ وأُعيد السائق إلى حالة نشِط.
Cleared,تم إخلاء الطرف
Cleared By,تم الإخلاء بواسطة
Cleared On,تاريخ الإخلاء
Cleared and released via {0} (reason {1}; vehicle {2}).,تم الإخلاء والإفراج عبر {0} (السبب {1}؛ المركبة {2}).
Click a free bed to house him.,انقر على سرير شاغر لإسكانه.
Client,العميل
Client Approval,موافقة العميل
Client Approval Contact,جهة اتصال موافقة العميل
Client Approval Message Ref,مرجع رسالة موافقة العميل
Client Approval Status,حالة موافقة العميل
Client Approved,مُعتمَد من العميل
Client Approved At,تاريخ اعتماد العميل
Client Audit Reference / Ticket,رقم مرجع/تذكرة تدقيق العميل
Client Code,رمز العميل
Client Name,اسم العميل
Client Name Registry,سجل أسماء العملاء
Client Point of Contact,مسؤول التواصل لدى العميل
Client Project,مشروع العميل
Client Reconciliation Config,إعدادات تسوية العميل
Client Requested Deadline,الموعد النهائي المطلوب من العميل
Client VAT registration / CR the e-invoice must carry. WITHHELD in the repo; seeded out-of-repo.,رقم تسجيل ضريبة القيمة المضافة أو السجل التجاري للعميل الذي يجب أن تحمله الفاتورة الإلكترونية. محجوب في المستودع؛ ويُزرع من خارج المستودع.
Client legal name / VAT does not match the Client Name Registry; issuance held.,الاسم النظامي أو الرقم الضريبي للعميل لا يطابق سجل أسماء العملاء؛ الإصدار محجوز.
Client this run pays workers for.,العميل الذي يدفع هذا التشغيل رواتب العمال لصالحه.
Close,إغلاق
Close a Rental Settlement,إغلاق تسوية إيجار
Closed,مغلق
Closed By,أُغلق بواسطة
Closed Maintenance,صيانة مغلقة
Closed On,تاريخ الإغلاق
Closed by Client,أُغلق من قِبل العميل
Closed in the Last 48h,مُنجَزة آخر 48 ساعة
Closed periods are locked against further ingestion.,الفترات المغلقة مقفلة أمام أي إدخال إضافي.
Closing…,جارٍ الإغلاق…
Code Attempts,محاولات الرمز
Code Expires At,انتهاء صلاحية الرمز
Code Hash,بصمة الرمز
Code Locked Until,الرمز مقفل حتى
Code Verified On,تاريخ التحقق من الرمز
Combined ceiling for all deduction types per pay period; KSA Labor Law Art. 91 caps this at 50%.,السقف المجمّع لجميع أنواع الخصومات في كل فترة رواتب؛ يحدّده نظام العمل السعودي المادة 91 بحد أقصى 50%.
Commercial Terms,الشروط التجارية
Common Area,منطقة مشتركة
Company,الشركة
Company & Currency,الشركة والعملة
Company whose payroll these deductions post against. Falls back to Habitat Settings company when blank.,الشركة التي تُرحَّل هذه الخصومات على مسير رواتبها. تعود إلى شركة إعدادات Habitat عند تركها فارغة.
Company's share (%) of shared utility bills for this building. Agreed with the property management office. Does not affect rent.,حصة الشركة (٪) من فواتير المرافق المشتركة لهذا المبنى. متفق عليها مع مكتب إدارة العقار. لا تؤثر على الإيجار.
Complaint,شكوى
Complete,إكمال
Complete Trip,إتمام الرحلة
Complete a Maintenance Work Order,إكمال أمر عمل صيانة
Completed,مكتمل
Completed (timed),المكتملة (موقّتة)
Completed Date,تاريخ الإنجاز
Completed Dispatch Trips,رحلات الإرسال المكتملة
Completed Trips This Month,الرحلات المكتملة هذا الشهر
Completed Trips Today,الرحلات المكتملة اليوم
Completeness,الاكتمال
Completion,الإنجاز
Completion Date,تاريخ الاكتمال
Completion Notes,ملاحظات الإنجاز / التقرير الختامي
Completion Notes are required when the trip status is Completed.,ملاحظات الإنجاز مطلوبة عندما تكون حالة الرحلة مكتملة.
Completion Photo,صورة الإنجاز
Completion Photo Evidence,صورة إثبات الإنجاز
Completion photo required to close this work order.,صورة الإنجاز مطلوبة لإغلاق أمر العمل.
Compliance,الامتثال
Compliance %,نسبة الامتثال (%)
Compliance & Expiry,الامتثال والانتهاء
Compliance Documents,مستندات الامتثال
Compliance Status,حالة الامتثال
Compliance Type,نوع الوثيقة
Compliance and Audit Reports,تقارير الالتزام والتدقيق
Compliance and Licensing,الامتثال والتراخيص
Compliance and Rentals,الامتثال والإيجارات
Compliance and Rentals Go-Live,إطلاق تشغيل الامتثال والإيجارات
"Compliance and Rentals is live. Driver clearances, vehicle compliance, and rental settlements are tracked.",تم تشغيل الامتثال والإيجارات. يجري تتبّع إخلاء طرف السائقين وامتثال المركبات وتسويات الإيجار.
Compliance at risk,الامتثال في خطر
"Compliance document attached to a building (Balady, Civil Defence Certificate, Group Housing Permit, Lease Contract).",مستند امتثال مرتبط بمبنى (بلدي، شهادة الدفاع المدني، تصريح سكن جماعي، عقد إيجار).
Compliant,ملتزم
Component,المكوّن
Component Key,مفتاح المكوّن
Component Label,تسمية المكوّن
Component Routing Rule,قاعدة توجيه المكوّن
Component Type,نوع المكوّن
Compound Block,بلوك مجمع
Computed: Current Reading − Previous Reading,محسوب: القراءة الحالية − القراءة السابقة
Condemnation,إتلاف
Condition,الحالة
Condition Notes,ملاحظات الحالة
Condition at Check-in,الحالة عند الدخول
Condition at Handover,الحالة عند التسليم
"Condition of the facility item recorded at handover, flagging faulty units and items that could not be located during the custody check.",حالة صنف المرفق المسجّلة عند المناولة، تشير إلى الوحدات المعطلة والأصناف التي تعذّر العثور عليها أثناء جرد العهدة.
"Condition of the item when handed back, compared against its issue condition to decide whether a damage or loss charge applies to the holder.",حالة الصنف عند إعادته، تُقارن بحالته وقت الصرف لتحديد ما إذا كان ينطبق على الحائز رسم تلف أو فقدان.
Condition on Issue,الحالة عند صرف العهدة
Condition on Return,الحالة عند إرجاع العهدة
Configuration,التهيئة
Configure required safety controls. Use 'Generate Safety Setup' button to create task templates.,"اضبط ضوابط السلامة المطلوبة. استخدم زر ""توليد إعداد السلامة"" لإنشاء قوالب المهام."
Configuring Apex,تهيئة Apex
Confirm,تأكيد
Confirm Habitat Settings,اعتماد إعدادات هابيتات
Confirm Handover,تأكيد التسليم
Confirm On-Site Receipt,تأكيد الاستلام في الموقع
Confirm Receipt,تأكيد الاستلام
Confirm Salis Settings,اعتماد إعدادات سلس
Confirm Source,مصدر التأكيد
Confirm Transfer,تأكيد النقل
"Confirm driver and vehicle compliance records, then settle your first rental cost.",أكّد سجلات امتثال السائقين والمركبات، ثم سوِّ أول تكلفة إيجار.
Confirm that all items have been verified before approving.,أكِّد التحقق من جميع البنود قبل الاعتماد.
Confirm the default payment method and the deduction and GL-posting toggles.,اعتمد طريقة الدفع الافتراضية ومفاتيح الاستقطاع والقيد المحاسبي.
"Confirm the fleet defaults: company, cost center, approvals, and the fuel-request threshold.",اعتمد القيم الافتراضية للأسطول: الشركة، ومركز التكلفة، والاعتمادات، وحد طلب الوقود.
Confirm the shared Apex settings that the Habitat and Salis modules build on.,اعتمد إعدادات أبيكس المشتركة التي تبني عليها وحدتا هابيتات وسلس.
Confirm the standardized safety tasks that drive scheduled work.,راجع مهام السلامة القياسية التي تنشئ العمل المجدول.
Confirm your safety catalog and log your first inspection.,اعتمد فهرس السلامة وسجّل أول تفتيش.
Confirmation,التأكيد
Confirmation Method,طريقة التأكيد
Confirmed,مؤكَّد
Confirmed Receipt,تأكيد الاستلام
Confirmed Receipt is the primary path. Choose Signature when the holder cannot type-confirm and signs instead.,تأكيد الاستلام هو المسار الأساسي. اختر التوقيع عندما يتعذّر على الحائز التأكيد كتابةً فيوقّع بدلاً من ذلك.
Connector Notes,ملاحظات الموصّل
Consent,الموافقة
Consent (KSA Labor Law),الموافقة (نظام العمل السعودي)
Consent Attachment,مرفق الموافقة
Consent Checked,تم تدقيق الموافقة
Consent Complete,الموافقة مكتملة
Consent Date,تاريخ الموافقة
Consent Given,تم منح الموافقة
Consent Given must be checked before submitting the acknowledgment.,"يجب تحديد ""تم منح الموافقة"" قبل تقديم الإقرار."
Consent Method,طريقة الموافقة
Consent Obtained By,الموافقة حصل عليها
Consent Scope,نطاق الموافقة
Consent Valid From,الموافقة سارية من
Consent Valid To,الموافقة سارية إلى
Consent Verified By,الموافقة تحقّق منها
Consented Cap Amount,مبلغ السقف المُوافَق عليه
Constant value written to the target field when Static is checked (for example a fixed payment_type or party_type).,قيمة ثابتة تُكتب في الحقل المستهدف عند تفعيل خيار ثابت (مثل نوع دفع أو نوع طرف محدد).
Consumable Expired,مستهلك منتهي الصلاحية
Consumable Lifespan (Months),العمر الافتراضي للمستهلك (بالأشهر)
"Consumable {0} held by {1} since {2} is {3} month(s) old, past its {4}-month lifespan.",المستهلك {0} بحوزة {1} منذ {2} وعمره {3} شهرًا، متجاوزًا عمره الافتراضي البالغ {4} شهرًا.
Consumed Litres,اللترات المستهلكة
Consumed litres ({0}) exceed the monthly quota ({1}).,اللترات المستهلكة ({0}) تتجاوز الحصة الشهرية ({1}).
Consumed {0} L via Fuel Request {1}.,تم استهلاك {0} لتر عبر طلب الوقود {1}.
Consumption,الاستهلاك
Consumption (kWh / m³),الاستهلاك (كيلوواط ساعي / متر مكعب)
Consumption period in YYYY-MM format (e.g. 2026-05).,فترة الاستهلاك بصيغة YYYY-MM (مثال: 2026-05).
Contact,جهة الاتصال
Contact Person,الشخص المسؤول
Contact mobile number. PII — readable only by privileged roles (permlevel 1).,رقم الجوال للتواصل. بيانات شخصية — لا يقرؤها إلا أصحاب الصلاحيات المميزة (مستوى الصلاحية 1).
Contact your Fleet Manager to be granted a project.,تواصل مع مدير الأسطول لمنحك مشروعًا.
Contact your system administrator to request access.,تواصل مع مسؤول النظام لطلب الصلاحية.
Content,المحتوى
Contract,العقد
Contract Document,وثيقة العقد
Contract End,نهاية العقد
Contract End Date,تاريخ نهاية العقد
Contract End Date must be after Contract Start Date.,يجب أن يكون تاريخ نهاية العقد بعد تاريخ بدايته.
Contract End cannot be before Contract Start.,لا يمكن أن يكون تاريخ انتهاء العقد قبل تاريخ بدايته.
Contract Start,بداية العقد
Contract Start Date,تاريخ بداية العقد
Contract Term,مدة العقد
Contract-Derived References,مراجع مشتقة من العقد
Contracted daily rental rate. Carried into the Rental Accrual Ledger memo for each in-service day.,سعر الإيجار اليومي المتعاقد عليه. يُنقل إلى مذكرة دفتر استحقاق الإيجار عن كل يوم في الخدمة.
Contractor & Service,المقاول والخدمة
Contractor / Temp ID,معرّف المتعاقد / المؤقت
Control,التحكم
Convert to Document,تحويل إلى مستند
Converted from resident request {0},مُحوَّل من طلب مقيم {0}
Correction,تصحيح
Correction Flagged,مُعلَّم كتصحيح
Correction Of,تصحيح لـ
Corridors,الممرات
Cost,التكلفة
Cost Allocation,توزيع التكلفة
Cost Attribution,عزو التكلفة
Cost Bearing (%),نسبة تحمّل التكلفة (٪)
Cost Bleeding (SAR),هدر التكلفة (ريال)
Cost Center,مركز التكلفة
Cost Center is required. Please set it or configure a default Cost Center on Building {0}.,مركز التكلفة مطلوب. يُرجى تعيينه أو تهيئة مركز تكلفة افتراضي على المبنى {0}.
Cost Recovery Aging,أعمار استرداد التكاليف
Cost Recovery Aging Backlog,متأخرات استرداد التكاليف
Cost Recovery Operations Threshold (SAR),حد عمليات استرداد التكاليف (ريال)
Cost Recovery by Type,استرداد التكلفة حسب النوع
Cost Sharing,تقاسم التكلفة
Cost Summary,ملخص التكاليف
Cost by Dimension,التكلفة حسب البُعد
"Cost category of the accommodation ledger line, separating recurring housing costs such as rent and utilities from staffing and maintenance charges for per-building cost analysis.",فئة تكلفة سطر دفتر أستاذ السكن، تفصل تكاليف الإسكان المتكررة كالإيجار والمرافق عن رسوم التوظيف والصيانة لتحليل التكلفة لكل مبنى.
Cost center for grouping; defaults from Salis Settings. Reference only — no GL.,مركز التكلفة لأغراض التجميع؛ يُؤخذ افتراضيًا من إعدادات ساليس. للمرجعية فقط — بلا قيد محاسبي.
Cost of Repair,تكلفة الإصلاح
Cost of Repair (SAR),تكلفة الإصلاح (ريال)
Cost of Repair cannot be negative.,لا يمكن أن تكون تكلفة الإصلاح سالبة.
Costing,احتساب التكلفة
Costing & Mapping,احتساب التكلفة والربط
Costs and Leasing,التكاليف والتأجير
Costs and Settlement,التكاليف والتسوية
Could not acknowledge the selected alerts.,تعذّر الإقرار بالتنبيهات المحددة.
Could not advance the request. Please try again.,تعذّر متابعة الطلب. حاول مرة أخرى.
Could not apply {0},تعذّر تطبيق {0}
Could not approve the handover. Please try again.,تعذّر اعتماد التسليم. حاول مرة أخرى.
Could not assign the selected alerts.,تعذّر إسناد التنبيهات المحددة.
Could not close the task,تعذّر إغلاق المهمة
Could not complete the Work Order. No changes were saved. Please try again or contact support.,تعذّر إكمال أمر العمل. لم تُحفظ أي تغييرات. يرجى المحاولة مجدداً أو التواصل مع الدعم الفني.
Could not complete the alert action.,تعذّر إكمال إجراء التنبيه.
Could not complete the generation. Please try again.,تعذّر إتمام التوليد. يرجى المحاولة مجدداً.
Could not confirm receipt. Please try again.,تعذّر تأكيد الاستلام. يرجى إعادة المحاولة.
Could not confirm the handover. Please try again.,تعذّر تأكيد التسليم. حاول مرة أخرى.
Could not create the payment. Please try again.,تعذّر إنشاء الدفعة. يُرجى المحاولة مرة أخرى.
Could not create the target document. Please try again.,تعذّر إنشاء المستند المستهدف. حاول مرة أخرى.
Could not generate a unique worker token. Please try again.,تعذّر إنشاء رمز عامل فريد. يرجى المحاولة مجدداً.
Could not identify the worker.,تعذّر تحديد هوية العامل.
Could not issue the cart. Please review and try again.,تعذّر صرف السلة. يرجى المراجعة والمحاولة مجدداً.
Could not issue the worker link. Please try again.,تعذّر إصدار رابط العامل. حاول مرة أخرى.
Could not load employee photo.,تعذّر تحميل صورة الموظف.
Could not load fleet data. Please try again.,تعذّر تحميل بيانات الأسطول. حاول مرة أخرى.
Could not load held custody.,تعذّر تحميل العهدة المحتفظ بها.
Could not load pending fuel requests.,تعذّر تحميل طلبات الوقود المعلّقة.
Could not load the approval queue,تعذّر تحميل قائمة الاعتماد
Could not load the board for this building.,تعذّر تحميل اللوحة لهذا المبنى.
Could not load the board. Check your connection and try again.,تعذّر تحميل اللوحة. تحقق من اتصالك وحاول مجدداً.
Could not load the building.,تعذّر تحميل المبنى.
Could not load the building. Please retry.,تعذّر تحميل المبنى. يرجى المحاولة مجدداً.
Could not load the catalog.,تعذّر تحميل السجل.
Could not load the checklist template. Please try again.,تعذّر تحميل قالب قائمة الفحص. يرجى المحاولة مجدداً.
Could not load the dispatch board. Please check your connection and try again.,تعذّر تحميل لوحة التوجيه. يرجى التحقق من اتصالك والمحاولة مجدداً.
Could not load the material template. Please try again.,تعذّر تحميل قالب المواد. يرجى المحاولة مجدداً.
Could not load the safety map. Please try again.,تعذّر تحميل خريطة السلامة. يرجى المحاولة مجدداً.
Could not load the worker.,تعذّر تحميل بيانات العامل.
Could not load this building. Please try again.,تعذّر تحميل هذا المبنى. يرجى المحاولة مجدداً.
Could not load your buildings. Check your connection and try again.,تعذّر تحميل المباني الخاصة بك. تحقّق من اتصالك وحاول مرة أخرى.
Could not load your work center. Please retry.,تعذّر تحميل مركز عملك. أعد المحاولة.
Could not load {0}.,تعذّر تحميل {0}.
Could not log the inspection. Please try again.,تعذّر تسجيل التفتيش. يرجى المحاولة مجدداً.
Could not mark the Work Order as Completed. Please try again.,تعذّر وسم أمر العمل كمكتمل. يرجى المحاولة مجدداً.
Could not mark the room ready.,تعذّر تعيين الغرفة كجاهزة.
Could not mark the transfer as received. Please try again.,تعذّر تحديد التحويل كمستلَم. حاول مرة أخرى.
Could not post the reversal to the ledger. The cancellation was rejected.,تعذّر ترحيل القيد العكسي إلى الدفتر. تم رفض الإلغاء.
Could not post the utility cost to the ledger. The bill was not submitted.,تعذّر ترحيل تكلفة المرافق إلى الدفتر. لم تُقدَّم الفاتورة.
Could not read the passport — enter the details manually.,تعذّرت قراءة الجواز — أدخل التفاصيل يدوياً.
Could not read the payment settings. Please try again.,تعذّر قراءة إعدادات الدفع. يرجى المحاولة مجدداً.
Could not regenerate the OTP. Please try again.,تعذّر إعادة توليد رمز التحقق. حاول مرة أخرى.
Could not regenerate the code. Please try again.,تعذّر إعادة توليد الرمز. يرجى إعادة المحاولة.
Could not regenerate the payment schedule. Please try again.,تعذّر إعادة توليد جدول الدفعات. يرجى المحاولة مجدداً.
Could not reject the handover. Please try again.,تعذّر رفض التسليم. حاول مرة أخرى.
Could not renew the license. Please try again.,تعذّر تجديد الترخيص. حاول مرة أخرى.
Could not resolve the scan. Please try again.,تعذّر تحديد نتيجة المسح. يرجى المحاولة مرة أخرى.
Could not return the cart. Please review and try again.,تعذّر إرجاع السلة. الرجاء المراجعة والمحاولة مرة أخرى.
Could not save changes. Please try again or contact support.,تعذّر حفظ التغييرات. يرجى المحاولة مجدداً أو التواصل مع الدعم الفني.
Could not send the link.,تعذّر إرسال الرابط.
Could not snooze the selected alerts.,تعذّر تأجيل التنبيهات المحددة.
Could not triage the requests. Please try again.,تعذّر فرز الطلبات. حاول مرة أخرى.
Could not update bed occupancy. The assignment was not submitted.,تعذّر تحديث إشغال السرير. لم يُقدَّم التسكين.
Could not update the Service Order. Please try again.,تعذّر تحديث أمر الخدمة. يرجى المحاولة مجدداً.
Could not update the Task Instance. Please try again.,تعذّر تحديث تنفيذ المهمة. يرجى المحاولة مجدداً.
Could not update the Work Order. Please try again.,تعذّر تحديث أمر العمل. يرجى المحاولة مجدداً.
Could not update the bed. Please try again.,تعذّر تحديث السرير. حاول مرة أخرى.
Could not update the room. Please try again.,تعذّر تحديث الغرفة. حاول مرة أخرى.
Could not verify the Expense Request Afmco DocType. Please try again.,تعذّر التحقق من نوع مستند طلب الصرف. يرجى المحاولة مجدداً.
Couldn't load custody store — retry,تعذّر تحميل مستودع العهدة — أعد المحاولة
Count,العدد
Count of days a late arrival of 30 minutes or more was recorded (penalty-day counter).,عدد الأيام التي سُجِّل فيها تأخّر وصول قدره ثلاثون دقيقة أو أكثر (عدّاد أيام الجزاء).
Count of emitted lines (computed).,عدد البنود المُصدَرة (محسوب).
"Count of late DEPARTURES, distinct from late arrivals. Feeds the departure-late threshold in the rate-card and reconciliation engines.",عدد مرات تأخّر الانصراف، بخلاف تأخّر الوصول. يغذّي حدّ تأخّر الانصراف في محرّكي بطاقة الأسعار والتسوية.
Count of open Fuel Exception Case records for this driver. Must be zero to clear.,عدد حالات استثناء الوقود المفتوحة لهذا السائق. يجب أن يكون صفراً لإخلاء الطرف.
Count of open Movement Cost Recovery records for this driver. Must be zero to clear.,عدد سجلات استرداد تكلفة الحركة المفتوحة لهذا السائق. يجب أن يكون صفراً لإخلاء الطرف.
Count of slips still missing a verified consent for a deduction. Must be 0 to RELEASE.,عدد الإيصالات التي ما زالت تفتقر إلى موافقة خصم موثّقة. يجب أن يكون صفراً للإصدار.
Counted Quantity,الكمية المجرودة
Counted minus expected; negative means a shortage.,المعدود ناقص المتوقع؛ القيمة السالبة تعني عجزًا.
Country,الدولة
Counts must be a list.,يجب أن تكون الأعداد قائمة.
Counts must be valid JSON.,يجب أن تكون الأعداد بصيغة JSON صحيحة.
Covered Buildings,المباني المشمولة
Create Accommodation Assignment,إنشاء تسكين
Create Custody Article,إنشاء مادة عهدة
Create Custody Damage Assessment,إنشاء تقييم ضرر عهدة
Create Custody Return,إنشاء إرجاع عهدة
Create Damage Assessment,إنشاء تقييم أضرار
Create Driver,إنشاء سائق
Create Fuel Quota,إنشاء حصة وقود
Create Payment,إنشاء دفعة
Create QR for all ({0}),إنشاء رمز QR للجميع ({0})
Create Records,إنشاء السجلات
Create Rental Settlement,إنشاء تسوية إيجار
Create Route Plan,إنشاء خطة مسار
Create Vehicle Assignment,إنشاء إسناد مركبة
Create Vehicle Category,إنشاء فئة مركبات
Create Vehicle Incident,إنشاء بلاغ مركبة
Create Vehicle Suspension,إنشاء إيقاف مركبة
Create Work Order,إنشاء أمر عمل
Create a Fuel Quota,إنشاء حصة وقود
Create a Vehicle Category,أنشئ فئة مركبات
Create one transport request,إنشاء طلب نقل واحد
Create the first route plan so trips can be dispatched against it.,أنشئ أول خطة مسار حتى يمكن تشغيل الرحلات وفقها.
Create the payment document for this approved request?,هل تريد إنشاء مستند الدفعة لهذا الطلب المعتمد؟
Created {0} {1},أُنشئ {0} {1}
Creating QR…,جارٍ إنشاء رمز الاستجابة السريعة…
Creating payment...,جارٍ إنشاء الدفعة...
Creating rooms and beds…,جارٍ إنشاء الغرف والأسرّة…
Creating target document...,جارٍ إنشاء المستند المستهدف...
Creative,إبداعي
Credentials Delivered By,مُسلم بيانات الاعتماد
Credit Noted,صدر إشعار دائن
Critical,حرج
Critical Alert Aging Hours,ساعات تقادم التنبيه الحرج
Cross Region,بين المناطق
Cross-Project Needs Approval,النقل بين المشاريع يتطلب موافقة
Cross-building moves are not supported here. Use Check-out and a new Check-in.,النقل بين المباني غير مدعوم هنا. استخدم تسجيل الخروج ثم دخولاً جديداً.
Cross-cost-center material transfer: {0},نقل مواد بين مراكز تكلفة مختلفة: {0}
Currency,العملة
Current Driver,السائق الحالي
Current Driver User,مستخدم السائق الحالي
Current Meter Reading cannot be lower than the Previous Meter Reading.,لا يمكن أن تكون قراءة العداد الحالية أقل من قراءة العداد السابقة.
Current Occupancy,الإشغال الحالي
Current Occupants,المقيمون الحاليون
Current Reading,القراءة الحالية
Current Vehicle,المركبة الحالية
"Current condition of the inventory item, flagging units that need maintenance, are damaged, or are missing so replacements and charges can be raised.",الحالة الراهنة لصنف المخزون، تشير إلى الوحدات التي تحتاج صيانة أو المتضررة أو المفقودة ليتسنى طلب البدائل أو تحميل الرسوم.
"Current custody state of the item held by the resident, distinguishing items still issued from those returned intact versus those reported lost or damaged and therefore chargeable.",حالة العهدة الراهنة للصنف بحوزة المقيم، تميّز الأصناف التي لا تزال مصروفة عن المعادة سليمة مقابل تلك المُبلّغ عن فقدها أو تلفها وبالتالي القابلة للتحميل.
"Current employment and availability state of the driver, distinguishing an active driver from one temporarily stopped or on leave, or released from the fleet.",حالة التوظيف والجاهزية الراهنة للسائق، تميّز السائق النشط عن الموقوف مؤقتًا أو في إجازة، أو المُنهى من الأسطول.
Custodian,أمين العهدة
Custodian Supervisor,مشرف العهد
Custody,العهدة
Custody & Asset Integration,تكامل العهدة والأصول
Custody Acknowledgment,إقرار استلام العهدة
Custody Article,صنف العهدة
Custody Asset Category,تصنيف أصول العهدة
Custody Cleared,تم إخلاء طرف العهدة
Custody Damage Assessment,تقييم تلفيات العهدة
Custody Damage Assessments,تقييمات تلف العهد
Custody Damage Item,صنف العهدة التالف
Custody Damage Register,سجل تلفيات العهد
Custody Flow,مسار العهدة
Custody Go-Live,تشغيل العهدة
Custody Handover,تسليم العهدة
Custody Integration Mode,نمط ربط العهدة
Custody Issue,صرف العهدة
Custody Issue Item,بند صرف العهدة
Custody Issue {0} is not held by the selected worker.,صرف العهدة {0} غير محتفظ به لدى العامل المحدد.
Custody Issue {0} must be submitted before it can be acknowledged.,يجب اعتماد صرف العهدة {0} قبل التمكّن من الإقرار باستلامه.
Custody Issue {0} was not found or is not submitted.,صرف العهدة {0} غير موجود أو غير مُقدَّم.
Custody Issues by Status,صرف العهد حسب الحالة
Custody Items Pending Return,أصناف العهدة بانتظار الإرجاع
Custody Kiosk,كشك العهد
Custody Kiosk (Board),كشك العهد (لوحة متابعة)
Custody Kiosk (Screen),كشك العهدة (شاشة إدخال)
Custody Loss,فقدان عهدة
Custody Outstanding by Worker,العهدة القائمة لكل عامل
Custody Return,إرجاع العهدة
Custody Return Item,بند إرجاع العهدة
Custody Return Items,بنود إرجاع العهدة
Custody Returned,تم إرجاع العهدة
Custody Shortfall,عجز العهدة
Custody Value (SAR),قيمة العهدة (ريال)
Custody Value in Employee Hands (SAR),قيمة العهدة لدى الموظفين (ريال)
Custody deferred,أُجِّلت العهدة
Custody is live. Issue and return articles at the kiosk and assess any damage.,العهدة قيد التشغيل. اصرف المواد وأرجِعها من الكشك وقيّم أي ضرر.
Custody issued to {0},صُرفت العهدة إلى {0}
Custody items have been issued to you,تم تسليم عُهدة إليك
Custody items on this issue are overdue for return,أصناف العهدة في هذا الصرف متأخرة عن الإرجاع
Custom…,مخصص…
Cutoff date of the run. Drives the P-189 effective-dated rate-card lookup and the per-client handoff SLA (Client Reconciliation Config).,تاريخ إغلاق التشغيل. يحرّك البحث في بطاقة الأسعار السارية بتاريخها P-189 واتفاقية مستوى تسليم العميل (إعدادات تسوية العميل).
D2 - how a government levy is charged on this card. The rate value itself is stored on the levy Component Row and seeded out-of-repo.,D2 - كيفية احتساب الرسم الحكومي على هذه البطاقة. أما قيمة المعدل نفسها فتُخزَّن في صف مكوّن الرسم وتُزرع من خارج المستودع.
D3 - how the service charge fee is charged on this card. The rate value itself is stored on the charge-fee Component Row and seeded out-of-repo.,D3 - كيفية احتساب رسوم الخدمة على هذه البطاقة. أما قيمة المعدل نفسها فتُخزَّن في صف مكوّن رسوم الخدمة وتُزرع من خارج المستودع.
D8 present-set. 1 = this client receives this component. The enabled set is seeded out-of-repo; a fired-but-unenabled component raises present_set_unconfirmed.,مجموعة الحضور D8. القيمة واحد تعني أن هذا العميل يتلقى هذا المكوّن. تُزرع المجموعة المفعّلة من خارج المستودع؛ وأي مكوّن يُطبَّق دون تفعيل يرفع present_set_unconfirmed.
DVR/NVR,جهاز التسجيل DVR/NVR
DVR/NVR Status,حالة جهاز التسجيل DVR/NVR
Daily,يومي
Daily Cleaning Compliance,الالتزام اليومي بالنظافة
Daily Open Operations Alerts: {0},تنبيهات العمليات المفتوحة اليومية: {0}
Daily Operations,العمليات اليومية
Daily Rate (SAR),السعر اليومي (ريال)
Daily Rate cannot be negative.,لا يمكن أن يكون السعر اليومي سالباً.
Daily Rate is required on a Receipt movement.,السعر اليومي مطلوب في حركة الاستلام.
Daily Status,الحالة اليومية
Daily Tasks,المهام اليومية
Daily Work,العمل اليومي
Daily cleaning record per building with worker accountability and evidence controls.,سجل نظافة يومي لكل مبنى مع مساءلة العامل وضوابط الأدلة.
Daily driver attendance record with check-in/out times and photographic evidence.,سجل حضور يومي للسائق مع أوقات الدخول والمغادرة وأدلة مصوّرة.
"Daily fuel consumption log for a vehicle: odometer, litres, amount, and platform.",سجل استهلاك وقود يومي لمركبة: عداد المسافة واللترات والمبلغ والمنصة.
Damage,الضرر
Damage (MTD),التلف (منذ بداية الشهر)
Damage Assessment,تقييم التلفيات
Damage Cost by Building,تكلفة الأضرار حسب المبنى
Damage Deduction,خصم الضرر
Damage Deduction Amount (SAR),مبلغ خصم التلفيات (ريال)
Damage Description,وصف التلفيات
Damage Notes,ملاحظات الضرر
Damage write-off {0} cancelled.,أُلغي إعدام التلفيات {0}.
Damage write-off {0} submitted (estimated {1} SAR).,تم إرسال شطب التلف {0} (بقيمة تقديرية {1} ريال سعودي).
Damaged,تالف
Damaged Items,المواد التالفة
Damaged Parts,الأجزاء المتضررة
Dark,داكن
Dashboards,اللوحات
Dashboards: live monitoring boards that refresh automatically.,لوحات متابعة مباشرة تتحدث تلقائياً.
Data Retention,الاحتفاظ بالبيانات
Date,التاريخ
Date / number format and label language of the source artifact.,صيغة التاريخ/الأرقام ولغة التسميات في المستند المصدر.
Date from which this rule takes effect. A source event dated before this is not deducted. Used by recurring deductions such as Rent / Housing.,التاريخ الذي تسري منه هذه القاعدة. أي حدث مصدر بتاريخ سابق له لا يُحسم. تستخدمه الحسوم المتكررة مثل الإيجار / السكن.
Date of the first payment. Subsequent payments are calculated from this date based on Billing Cycle.,تاريخ الدفعة الأولى. تُحسب الدفعات اللاحقة من هذا التاريخ بناءً على دورة الفوترة.
Date of the most recent inspection of this asset. Stamped on submit of a Maintenance Inspection Report that links this asset.,تاريخ آخر تفتيش لهذا الأصل. يُختم عند ترحيل تقرير فحص صيانة يربط هذا الأصل.
Date this band stops being effective. Blank = open-ended.,تاريخ توقّف سريان هذه الشريحة. الفراغ يعني مفتوحة.
Date this band takes effect. Authority is resolved against the band in force on the action's date.,تاريخ بدء سريان هذه الشريحة. تُحدَّد الصلاحية وفق الشريحة السارية في تاريخ الإجراء.
Date this item was last physically counted.,تاريخ آخر جرد فعلي لهذا الصنف.
Day,اليوم
Day Rate Applied,معدل اليوم المُطبَّق
Day Rate Basis,أساس معدل اليوم
Day Rate Basis Applied,أساس معدل اليوم المُطبَّق
Day of Week,يوم الأسبوع
"Day of the cycle, 1..31.",يوم الدورة، من 1 إلى 31.
"Day of the week this shift row applies to, used to build the driver weekly working schedule across the seven days.",يوم الأسبوع الذي ينطبق عليه سطر الوردية هذا، يُستخدم لبناء جدول عمل السائق الأسبوعي عبر الأيام السبعة.
Day rate used (snapshot from the P-189 Rate Resolution; runtime).,معدل اليوم المُستخدَم (لقطة من تسوية الأسعار P-189؛ وقت التشغيل).
Day-rate basis snapshot (A1). Compared against the paired Billable Line by the BASIS-CONSISTENT guard; a mismatch halts the run.,لقطة أساس معدل اليوم (A1). يقارنها حارس اتساق الأساس ببند الفوترة المقترن؛ وأي عدم تطابق يوقف التشغيل.
Day-rate basis snapshot (A1). Compared against the paired Payable Line by the BASIS-CONSISTENT guard; a mismatch halts the run.,لقطة أساس معدل اليوم (A1). يقارنها حارس اتساق الأساس ببند المستحقات المقترن؛ وأي عدم تطابق يوقف التشغيل.
Days,الأيام
Days Housed,أيام الإسكان
Days Idle,أيام عدم التشغيل
Days Open,أيام مفتوحة
Days Over Capacity,أيام تجاوز السعة
Days Since,أيام منذ
Days Since Checkout,أيام منذ المغادرة
Days To Expiry,الأيام حتى الانتهاء
Days Under 20 Adjustment,تعديل الأيام دون العشرين
Days a vehicle may remain in the workshop before a Maintenance Overdue alert is raised.,عددُ الأيام التي تبقى فيها المركبة في الورشة قبل إطلاق تنبيه «تأخّر الصيانة».
Days before a Building License expiry date to flag it Expiring Soon (per-license renewal_lead_days still overrides).,عدد الأيام قبل تاريخ انتهاء رخصة المبنى لتمييزها بأنها ستنتهي قريباً (تظل قيمة renewal_lead_days الخاصة بكل رخصة هي المُرجّحة).
Days before a building lease end date to flag it on the watchlist.,عدد الأيام قبل تاريخ انتهاء عقد إيجار المبنى لإدراجه في قائمة المراقبة.
Days before a safety task's due date to send a pre-due reminder.,عدد الأيام قبل تاريخ استحقاق مهمة السلامة لإرسال تذكير مسبق.
Days before a temporary stay's expected check-out date to flag it on the supervisor's watchlist.,عدد الأيام قبل تاريخ المغادرة المتوقع لإقامة مؤقتة لإدراجها في قائمة متابعة المشرف.
Days before expiry to trigger renewal alert,عدد الأيام قبل الانتهاء لإطلاق تنبيه التجديد
"Days the worker may remain on a passport-only basis. Standard 30, extendable to a maximum of 90.",عدد الأيام التي يجوز للعامل البقاء فيها بالاعتماد على جواز السفر فقط. القياسي 30، قابل للتمديد إلى حد أقصى 90.
Days to Expiry,الأيام المتبقية للانتهاء
Days to expiry at or below which a driver licence or vehicle compliance document is flagged 'expiring' (amber) in the driver portal; blank or zero uses the built-in default.,عدد الأيام المتبقية حتى الانتهاء التي يُوسم عندها أو دونها رخصة السائق أو وثيقة امتثال المركبة بأنها ‹قاربت على الانتهاء› (بلون كهرماني) في بوابة السائق؛ وتُستخدم القيمة الافتراضية المدمجة عند تركه فارغًا أو صفرًا.
Deactivate Bed,تعطيل السرير
Deactivate Room,تعطيل الغرفة
December,ديسمبر
Decision By,القرار بواسطة
Decision On,تاريخ القرار
Declaration,الإقرار
Declaration Message,رسالة الإقرار
Declaration Received,تم استلام الإقرار
Declaration Requested,تم طلب الإقرار
Declaration Type,نوع الإقرار
Declining Balance,الرصيد المتناقص
Deduction,الخصم
Deduction Amount (SAR),مبلغ الحسم (ريال)
Deduction Candidate,خصم مرشّح
Deduction Category,فئة الخصم
Deduction Consent,موافقة الخصم
Deduction Consent must be verified by someone other than who obtained it.,يجب أن يتحقّق من موافقة الخصم شخص غير من حصل عليها.
Deduction Declaration,إقرار الخصم
Deduction Entry,قيد الحسم
Deduction Source,مصدر الخصم
Deduction Type,نوع الخصم
Deduction Type Rules,قواعد نوع الخصم
Deduction Types,أنواع الخصم
Deduction type {0} is enabled but has no Salary Component (and no default is set).,نوع الخصم {0} مفعّل لكن دون مكون راتب (ولا يوجد إعداد افتراضي).
Deduction type {0}: Max % of Salary ({1}%) cannot exceed the global ceiling ({2}%).,نوع الخصم {0}: لا يمكن أن تتجاوز النسبة القصوى من الراتب ({1}٪) السقف العام ({2}٪).
Deduction: {0},الخصم: {0}
Deep Cleaning,نظافة عميقة
Default Assignee (Employee),المكلف الافتراضي (الموظف)
Default Beds,الأسرّة الافتراضية
Default Channel,القناة الافتراضية
Default Company,الشركة الافتراضية
Default Cost Center,مركز التكلفة الافتراضي
Default Currency,العملة الافتراضية
Default Custody Days,أيام العهدة الافتراضية
Default Depreciation Policy,سياسة الإهلاك الافتراضية
Default Fuel Type,نوع الوقود الافتراضي
Default HRMS Salary Component (Type = Deduction) used by any type rule that does not name its own. Defaults to the shipped 'Operational Deduction' component.,مكون الراتب الافتراضي في نظام الموارد البشرية (النوع = خصم) الذي تستخدمه أي قاعدة نوع لا تحدد مكونها الخاص. الافتراضي هو مكون 'الخصم التشغيلي' المرفق.
Default Posting,الترحيل الافتراضي
Default Remark,الملاحظة الافتراضية
Default Room Type,نوع الغرفة الافتراضي
Default Salary Component,مكوّن الراتب الافتراضي
Default UOM,وحدة القياس الافتراضية
Default company applied to Salis transactions when not set explicitly.,الشركة الافتراضية المطبَّقة على معاملات سلس عند عدم تحديدها صراحةً.
"Default company for Accommodation Ledger, Maintenance, Utility, and Lease documents. Required before enabling financial posting.",الشركة الافتراضية لمستندات دفتر التكاليف التشغيلية والصيانة والخدمات وعقود الإيجار. مطلوبة قبل تفعيل الترحيل المالي.
Default cost center used for fleet cost postings.,مركز التكلفة الافتراضي المستخدم لقيود تكاليف الأسطول.
Default mode keeps all custody and depreciation inside Habitat with no financial posting.,الوضع الافتراضي يبقي كل العهد والإهلاك داخل Habitat دون أي ترحيل مالي.
Default number of days items in this category may be held before return is due.,العدد الافتراضي للأيام التي يجوز فيها الاحتفاظ بأصناف هذه الفئة قبل استحقاق الإرجاع.
Defaults to the session user on creation.,يُهيّأ افتراضياً إلى مستخدم الجلسة عند الإنشاء.
Defaults to the session user. The workflow approval transition is SoD-gated on this field (approver ≠ requester).,الافتراضي هو مستخدم الجلسة. انتقال اعتماد سير العمل مقيّد بفصل المهام على هذا الحقل (المعتمد ≠ مقدم الطلب).
Define Custody Articles,تعريف مواد العهدة
"Define the first vehicle class (e.g. Sedan, Bus, Pickup) used to group fleet vehicles.",عرّف أول فئة مركبات (مثل سيدان أو حافلة أو بيك أب) لتصنيف مركبات الأسطول.
"Define the floors: rooms per floor, floor type, and the default room type and bed count.",عرّف الطوابق: عدد الغرف لكل طابق، ونوع الطابق، ونوع الغرفة وعدد الأسرّة الافتراضي.
Delegation-of-Authority Thresholds (SAR),حدود تفويض الصلاحيات (ريال)
Delegation-of-Authority band this release falls in. Resolved via P-193 from the run net amount; values seeded out-of-repo.,شريحة تفويض الصلاحيات التي يقع فيها هذا الإصدار. تُحدَّد عبر P-193 من صافي مبلغ التشغيل؛ والقيم تُزرع من خارج المستودع.
Delivered,تم التسليم
"Delivers a tracked Facility Asset from a procurement intake store to an accommodation, gated behind a 3-exit transfer lock and an on-site code receipt.",يسلّم أصل منشأة متتبَّعًا من مخزن استلام المشتريات إلى سكن، عبر قفل نقل بثلاث نقاط خروج واستلام برمز في الموقع.
Delivery,التسليم
Delivery Date,تاريخ التسليم
Delivery KPIs,مؤشرات أداء التوصيل
Delivery-line KPIs only. Blank for cleaning / security lines.,مؤشرات أداء سطور التوصيل فقط. تُترك فارغة لسطور النظافة أو الأمن.
Denormalized P-190 run reference for audit.,مرجع تشغيل P-190 غير المُطبَّع لأغراض التدقيق.
Denormalized snapshot of the card billing unit at resolution time.,لقطة غير مُطبَّعة لوحدة فوترة البطاقة وقت التسوية.
Depart Time,وقت المغادرة
Department,القسم
Departure Late Penalty,غرامة تأخّر المغادرة
Departure Transport Request,طلب نقل المغادرة
Departure Transport Request raised: {0},تم إنشاء طلب نقل المغادرة: {0}
Departure Transport Request {0} raised.,تم إنشاء طلب نقل المغادرة {0}.
Departure transport applies only to a Final Exit or End of Contract checkout.,نقل المغادرة ينطبق فقط على إخلاء سكن لخروج نهائي أو نهاية عقد.
Departure transport can only be raised for a submitted checkout.,لا يمكن إنشاء نقل المغادرة إلا لإخلاء سكن مُرحَّل.
Departure transport for {0} ({1}). Raised from Accommodation Checkout {2}.,نقل مغادرة لـ {0} ({1}). تم إنشاؤه من إخلاء السكن {2}.
Deployed,مشغّل
Deployment,التوزيع
Depreciation %,نسبة الإهلاك (%)
Depreciation Policy,سياسة الإهلاك
Depreciation Snapshot Item,بند لقطة الإهلاك
Depreciation Snapshot Retention (Days),مدة الاحتفاظ بلقطات الإهلاك (أيام)
Derived Fields,الحقول المشتقة
Derived from the active Accommodation Lease (annualized). Read-only.,مشتق من عقد الإيجار الفعّال (محسوباً سنوياً). للقراءة فقط.
Derived on submit from the statuses of the linked Safety Task Execution rows.,تُشتقّ عند الاعتماد من حالات تنفيذات مهام السلامة المرتبطة.
Describe the Issue,صف العطل
Describe the issue,صف المشكلة
"Describe the problem clearly, then save to open the ticket.",صف المشكلة بوضوح، ثم احفظ لفتح التذكرة.
Description,الوصف
Description is too long. Please keep it under 2000 characters.,الوصف طويل جداً. يرجى الإبقاء عليه تحت 2000 حرف.
Description is too long. Please keep it under 4000 characters.,الوصف طويل جداً. يُرجى إبقاؤه دون أربعة آلاف حرف.
Designation,المسمى الوظيفي
Desk,سطح المكتب
Destination,الوجهة
Destination is required for an Administrative Trip / Document Signing.,الوجهة مطلوبة للرحلة الإدارية / توقيع المستندات.
Detail,التفصيل
Details,التفاصيل
Detected At,اكتُشف في
"Detergent and cleaning supplies. Consumable, routinely purchased per site.",منظفات ومستلزمات تنظيف. صنف استهلاكي يُشترى دورياً لكل موقع.
Device,الجهاز
Diesel,ديزل
Digital Signature,توقيع رقمي
Dimension 1 - the unit each line is billed in. Day-rate basis becomes mandatory per line when this is package_day or attendance_day.,البُعد الأول - الوحدة التي يُفوتر بها كل بند. يصبح أساس معدل اليوم إلزامياً لكل بند عندما تكون القيمة package_day أو attendance_day.
Dimension 2 - how the rate is structured.,البُعد الثاني - كيفية هيكلة المعدل.
Direct,مباشر
Direct / Company,مباشر / الشركة
Direct Allocation,تخصيص مباشر
Discrepancy,تباين
Discrepancy Notes,ملاحظات التباين
Discrepancy Status,حالة التباين
Discrepancy notes are required when the discrepancy status is Discrepancy.,ملاحظات التباين مطلوبة عندما تكون حالة التباين «تباين».
Dismiss,تجاهل
Dispatch,الإرسال
Dispatch Board,لوحة التسيير
Dispatch Date,تاريخ التشغيل
Dispatch Trip,رحلة تسيير
Dispatch Trip Assigned Request,طلب مُسند لرحلة التسيير
Dispatch Trips by Status,رحلات التشغيل حسب الحالة
Dispatch a Trip,تشغيل رحلة
Dispatch readiness: A trip must have at least one assigned worker/request before submitting.,جاهزية التسيير: يجب أن تحتوي الرحلة على عامل/طلب مُسنَد واحد على الأقل قبل الاعتماد.
Dispatch readiness: {0} is required before submitting.,جاهزية التشغيل: {0} مطلوب قبل التقديم.
Dispatch the first trip to put a vehicle and driver on the road.,شغّل أول رحلة لإطلاق مركبة وسائق على الطريق.
Dispatched,تم التشغيل
Disposal/Scrap,إتلاف/خردة
Disposed At,تمّ التصرّف في
Disposed By,المتصرِّف
Disposition,التصرّف
Disposition must be Waived or Resolved.,يجب أن يكون التصرّف إمّا تنازلًا أو معالجة.
Disputed,متنازع عليه / معترض عليه
Disputed Rental Settlements,تسويات الإيجار المتنازع عليها
Disputed Utility Bills,فواتير الخدمات المعترض عليها
Disputed or suspicious fuel-control case. Holds usage/GPS evidence and enforces non-raiser closure (segregation of duties).,حالة رقابة وقود متنازع عليها أو مشبوهة. تحفظ أدلة الاستخدام/نظام تحديد المواقع وتفرض أن يُغلقها شخص غير منشئها (الفصل بين المهام).
District,الحي
District / neighborhood.,الحي / المنطقة المجاورة.
DoA Band,شريحة تفويض الصلاحيات
DoA Block,حجب تفويض الصلاحيات
DoA Status,حالة تفويض الصلاحيات
DocType,نوع السجل
Document No,رقم الوثيقة
Document Number,رقم المستند
Documentation,التوثيق
Documents Expected,المستندات المتوقّعة
Documents Issued,المستندات الصادرة
"Domain of the inspection finding, routing it to safety, maintenance, or hygiene handling, or general when it does not fit a specific domain.",مجال ملحوظة التفتيش، يوجّهها إلى معالجة السلامة أو الصيانة أو النظافة، أو عام عندما لا تندرج تحت مجال محدد.
Done,منجز
Done At,تم الإنجاز في
Double-deck steel bunk bed frame. Durable furnishing tracked in bed inventory.,هيكل سرير معدني بطابقين. أثاث معمّر يُتابَع في مخزون الأسرّة.
Draft,مسودة
Draft Damage Assessment created: {0}. Please review and submit.,تم إنشاء مسودة تقييم تلفيات: {0}. يُرجى المراجعة والتقديم.
Drag an occupied bed onto an empty bed to transfer the resident.,اسحب سريراً مشغولاً إلى سرير فارغ لنقل المقيم.
Drinking-water cooler / dispenser. Required corrective item from client safety audits.,مبرّد / موزّع مياه شرب. صنف تصحيحي مطلوب من تدقيقات سلامة العميل.
Driver,سائق
Driver Attendance,حضور السائق
Driver Attendance Image,صورة حضور السائق
Driver Attendance Summary,ملخص حضور السائقين
Driver Availability,توفّر السائقين
Driver Clearance,إخلاء طرف سائق
Driver Clearance Certificate,شهادة إخلاء طرف السائق
Driver Clearance Register,سجل إخلاء طرف السائقين
Driver Clearances Pending,تصاريح السائقين قيد الانتظار
Driver ID,معرّف السائق
Driver Latitude,خط عرض السائق
Driver Longitude,خط طول السائق
Driver Operations,عمليات السائقين
Driver Portal,بوابة السائق
Driver Portal Theme,سمة بوابة سلس
Driver Position Updated At,وقت آخر تحديث لموقع السائق
Driver Push Subscription,اشتراك إشعارات السائق
Driver Rejected,رفض السائق
Driver Suspension,إيقاف سائق
Driver User,مستخدم السائق
Driver Web Push,إشعارات الويب للسائق
Driver assigned,تم إسناد سائق
Driver created. Return to the fleet board and search the driver to assign a vehicle.,تم إنشاء السائق. ارجع إلى لوحة الأسطول وابحث عن السائق لإسناد مركبة.
Driver is required.,السائق مطلوب.
Driver license expired on {0}.,انتهت صلاحية رخصة السائق في {0}.
Driver license has expired. Renew before assigning to trips.,انتهت صلاحية رخصة القيادة. يرجى التجديد قبل الإسناد للرحلات.
Driver portal is not enabled.,بوابة السائق غير مفعّلة.
Driver reassigned,تمت إعادة إسناد السائق
"Driver stop record (violation, leave, termination, or transfer). May release the linked vehicle.",سجل إيقاف سائق (مخالفة أو إجازة أو إنهاء خدمة أو نقل). قد يُحرّر المركبة المرتبطة.
Driver {0} already has an active assignment {1}.,السائق {0} لديه بالفعل إسناد نشط {1}.
Driver {0} not found.,السائق {0} غير موجود.
Driver {0} stopped: {1}.,تم إيقاف السائق {0}: {1}.
Driver {0} was just assigned by {1}. Please review.,تم إسناد السائق {0} للتو بواسطة {1}. يُرجى المراجعة.
Driving licence renewal,تجديد رخصة القيادة
Drop target must be an available bed.,يجب أن يكون الهدف سريراً متاحاً.
Drop-off,الإنزال
Drop-off To,نقطة الإنزال
Dropoff,نقطة الوصول
Due Date,تاريخ الاستحقاق
Due Date is required.,تاريخ الاستحقاق مطلوب.
Due date for returning these custody items. Defaults from the article category's default custody days.,تاريخ استحقاق إرجاع أصناف العهدة هذه. يُهيّأ افتراضياً من أيام العهدة الافتراضية لفئة الصنف.
Due: {0},الاستحقاق: {0}
Duplicate,مكرر
Duplicate Claim,مطالبة مكررة
Duplicate Floor Code,رمز طابق مكرر
EID_HOLIDAY,إجازة عيد
EN,إنجليزي
EOS Transfer Ref,مرجع نقل نهاية الخدمة
EOS invoice requires a sponsorship-transfer reference (event-triggered only).,فاتورة نهاية الخدمة تتطلب مرجع نقل كفالة (تُطلَق بالحدث فقط).
ERPNext Asset Integration,تكامل أصول ERPNext
ERPNext Asset Record,سجل أصول ERPNext
ERPNext Item (Optional),عنصر ERPNext (اختياري)
ERPNext Stock Integration,تكامل مخزون ERPNext
Each additional passenger needs a name and an ID number.,يحتاج كل راكب إضافي إلى اسم ورقم هوية.
Each cart line must have a quantity greater than zero.,يجب أن تكون كمية كل سطر في السلة أكبر من صفر.
Each cart line must reference an article.,يجب أن يشير كل سطر في السلة إلى صنف.
Each checklist line needs a task and an execution status.,يحتاج كل سطر في قائمة الفحص إلى مهمة وحالة تنفيذ.
"Each custody item must be marked Returned, Lost, or Damaged before submission.",يجب تحديد كل بند عهدة كـ مُعاد أو مفقود أو تالف قبل التقديم.
Each result line needs a cadence.,يحتاج كل سطر نتيجة إلى وتيرة.
Each return line must have a quantity greater than zero.,يجب أن يكون لكل بند إرجاع كمية أكبر من صفر.
Each return line must reference a Custody Issue.,يجب أن يشير كل بند إرجاع إلى صرف عهدة.
Each return line must reference an article.,يجب أن يشير كل بند إرجاع إلى صنف.
Each row maps one source token onto a canonical attendance code.,يربط كل سطر رمز مصدر واحدًا بكود حضور معياري.
Edit Rooms and Beds,تعديل الغرف والأسرّة
Effective From,ساري من
Effective From cannot be after Effective To.,لا يمكن أن يكون «ساري من» بعد «ساري إلى».
Effective To,ساري حتى
Effective To cannot be before Effective From.,لا يمكن أن يكون تاريخ (ساري حتى) قبل تاريخ (ساري من).
Effective Window,نطاق السريان
Effective-dated like the rate card; the rule in force on the period cutoff applies.,سارٍ بتاريخه مثل بطاقة الأسعار؛ وتُطبَّق القاعدة السارية عند إغلاق الفترة.
Effective-dated: a deduction dated after this is not authorized.,سارٍ بتاريخه: أي خصم مؤرَّخ بعد هذا التاريخ غير مُصرَّح به.
Effective-dated: a deduction dated before this is not authorized.,سارٍ بتاريخه: أي خصم مؤرَّخ قبل هذا التاريخ غير مُصرَّح به.
Effectivity and Version,السريان والإصدار
Electric,كهربائي
Electric water heater for accommodation bathrooms. Durable appliance.,سخان مياه كهربائي لحمّامات السكن. جهاز معمّر.
Electrical,كهرباء / كهربائي
Electrical Fixture,تجهيزات كهربائية
Electricity,كهرباء
Email,البريد الإلكتروني
Email Confirmation,تأكيد عبر البريد الإلكتروني
Email address where the e-bill arrives.,البريد الإلكتروني الذي تصل إليه الفاتورة الإلكترونية.
"Email that receives the Safety Round report when a safety checklist round is submitted. If empty, the report goes to the Accommodation Manager(s).",البريد الإلكتروني الذي يستقبل تقرير جولة السلامة عند إرسال جولة قائمة فحص سلامة. إذا تُرك فارغًا، يُرسل التقرير إلى مدير (مديري) الإسكان.
Emergency,حالة طارئة
Emergency Signage Required,لافتات الطوارئ مطلوبة
Emergency and Crisis,الطوارئ والأزمات
Emp,موظف
Employee,الموظف
Employee (Custodian),الموظف (المؤتمن على العهدة)
Employee Custody,عهدة الموظف
Employee Daily Share,الحصة اليومية للموظف
Employee Daily Share (SAR),حصة الموظف اليومية (ريال)
Employee Deduction Acknowledgment,إقرار خصم الموظف
Employee Name,اسم الموظف
Employee Responsible,الموظف المسؤول
Employee {0} already has an active Accommodation Assignment: {1},الموظف {0} لديه بالفعل إسناد سكن نشط: {1}
Employee {0} appears more than once in the passenger list.,الموظف {0} يظهر أكثر من مرة في قائمة الركاب.
Employee {0} does not exist.,الموظف {0} غير موجود.
Empty,فارغ
Enable Approvals,تفعيل الموافقات
Enable Driver Portal,تفعيل بوابة السائق
Enable Driver Web Push,تفعيل إشعارات الويب للسائق
Enable ERPNext Asset Link,تفعيل الربط مع أصول ERPNext
Enable Email Notifications,تفعيل إشعارات البريد الإلكتروني
Enable GL Entry Posting,تفعيل ترحيل قيود دفتر الأستاذ العام
Enable Messaging Gateway,تفعيل بوابة المراسلة
Enable Operational Notifications,تفعيل الإشعارات التشغيلية
Enable Passport MRZ OCR Autofill,تفعيل التعبئة التلقائية لجواز السفر بالتعرّف الضوئي على المنطقة المقروءة آلياً
Enable Salary Deductions,تفعيل الخصومات من الراتب
Enable Stock Entry Posting,تفعيل ترحيل سندات المخزن
Enable Supplier Markup,تفعيل هامش المورد
Enable ZATCA Stamping,تفعيل ختم ZATCA
Enable if this meter covers multiple units,فعّل هذا الخيار إذا كان هذا العدّاد يغطّي عدة وحدات
Enabled,مفعّل
Enabled Components,المكوّنات المفعّلة
End Date,تاريخ الانتهاء
End Date cannot be earlier than Start Date.,لا يمكن أن يكون تاريخ الانتهاء أقدم من تاريخ البداية.
End Datetime,تاريخ ووقت الانتهاء
End Datetime cannot be earlier than Start Datetime.,لا يمكن أن يكون وقت الانتهاء قبل وقت البدء.
End Time,وقت النهاية
End Time must be later than Start Time for shift {0}.,يجب أن يكون وقت النهاية بعد وقت البداية للوردية {0}.
End of Assignment,انتهاء التكليف
End of Contract,نهاية العقد
Ended,منتهٍ
Endpoint,العنوان
Engine-written outcome summary for this batch.,ملخص النتيجة الذي يكتبه المحرك لهذه الدفعة.
Engine-written summary of the enabled component subset this client receives (source of truth is Component Routing Rule).,ملخّص يكتبه المحرّك للمكوّنات المفعّلة التي يتلقاها هذا العميل (مصدر الحقيقة هو قاعدة توجيه المكوّن).
English,الإنجليزية
"Enter how many litres are requested, then save.",أدخل عدد اللترات المطلوبة، ثم احفظ.
Enter or scan an Iqama number or worker link.,أدخل أو امسح رقم إقامة أو رابط عامل.
Entered At,وقت الإدخال
Entered By,أدخله
Entity,الكيان
Entity Id,معرّف الكيان
Entrance,المدخل
Error Log,سجل الأخطاء
Escalated Maintenance Requests,طلبات الصيانة المصعدة
Escalates To,يُصعَّد إلى
Estimated Accommodation Cost Bleed (SAR),التكلفة المقدّرة لهدر السكن (ريال)
Estimated Cost,التكلفة التقديرية
Estimated Cost (SAR),التكلفة التقديرية (ريال)
Estimated Replacement Cost (SAR),تكلفة الاستبدال التقديرية (ريال)
Estimated Unit Cost (SAR),التكلفة التقديرية للوحدة (ريال)
Estimated accommodation cost from the memo ledger only (not salary). Populated by the aging job.,تكلفة الإسكان التقديرية من سجل المذكرات فقط (وليس الراتب). تُعبّأ بواسطة مهمة التقادم.
Estimated cost cannot be negative.,لا يمكن أن تكون التكلفة التقديرية سالبة.
Estimated value,القيمة التقديرية
Evening,مسائي
Evidence,الأدلة
Evidence & Follow-up,الأدلة والمتابعة
Evidence (Photo/Document),الإثبات (صورة/مستند)
Evidence Notes,ملاحظات الإثبات
Evidence Photo,صورة الإثبات
Evidence Photo Required,صورة الدليل مطلوبة
Evidence Required,إثبات مطلوب
Evidence Submitted,تم تقديم الإثبات
Evidence is required before moving the write-off case beyond Open.,الأدلة مطلوبة قبل نقل حالة الشطب إلى ما بعد «مفتوح».
Evidence is required to submit a stop with reason {0}.,الأدلة مطلوبة لتقديم إيقاف بالسبب {0}.
Evidence required before resolving,الإثبات مطلوب قبل الإغلاق
Exact client legal entity name the invoice must carry. WITHHELD in the repo; seeded out-of-repo.,الاسم النظامي الدقيق لكيان العميل الذي يجب أن تحمله الفاتورة. محجوب في المستودع؛ ويُزرع من خارج المستودع.
Excellent,ممتاز
Exception,الاستثناء
Exception Type,نوع الاستثناء
Exceptions,الاستثناءات
Exceptions Raised,الاستثناءات المُثارة
Exceptions this batch raised into the Timesheet Exception Log.,الاستثناءات التي أثارتها هذه الدفعة في سجل استثناءات الدوام.
Excessive Topup,تعبئة مفرطة
Executed,المُنفَّذة
Executed By,جهة التنفيذ
Execution,التنفيذ
Execution Date,تاريخ التنفيذ
Execution Instructions,تعليمات التنفيذ
Execution Status,حالة التنفيذ
Execution Time,وقت التنفيذ
"Execution stage of the dispatch trip, from a planned trip to one dispatched to the driver, then completed or cancelled.",مرحلة تنفيذ رحلة الإيفاد، من رحلة مخططة إلى رحلة موفدة للسائق، ثم مكتملة أو ملغاة.
"Execution stage of the maintenance work order, from draft and planned through in-progress work to completion or cancellation.",مرحلة تنفيذ أمر عمل الصيانة، من مسودة ومخططة مرورًا بالعمل قيد التنفيذ حتى الاكتمال أو الإلغاء.
Exhausted,مستنفدة
Exit 1 of 3 — gate-out clearance at the source by a Resident Supervisor.,الخروج الأول من ثلاثة — إخلاء البوابة عند المصدر بواسطة مشرف السكن.
Exit 1 — Security / Gate,الخروج الأول — الأمن / البوابة
Exit 2 of 3 — transit / dispatch authorization by an Accommodation Manager.,الخروج الثاني من ثلاثة — اعتماد النقل / الإرسال بواسطة مدير الإسكان.
Exit 2 — Logistics / Dispatch,الخروج الثاني — اللوجستيات / الإرسال
Exit 3 of 3 — destination acceptance by the receiving supervisor or a Procurement Supervisor.,الخروج الثالث من ثلاثة — قبول الوجهة بواسطة المشرف المستلِم أو مشرف المشتريات.
Exit 3 — Receiving Acceptance,الخروج الثالث — قبول الاستلام
Exit Checkpoints,نقاط الخروج
Exit checkpoints can only be cleared while the delivery is Pending Exits.,لا يمكن إخلاء نقاط الخروج إلا أثناء كون التسليم بانتظار نقاط الخروج.
Exit {0} has already been cleared.,تم إخلاء الخروج {0} مسبقًا.
Exit {0} must be cleared before exit {1}.,يجب إخلاء الخروج {0} قبل الخروج {1}.
Expected,المتوقَّعة
Expected Arrival Date,تاريخ الوصول المتوقع
Expected Check-out Date,تاريخ المغادرة المتوقع
Expected Count,العدد المتوقع
Expected Date,التاريخ المتوقع
Expected Quantity,الكمية المتوقعة
Expected Return Date,تاريخ الإرجاع المتوقع
Expected Workers,العمال المتوقعون
"Expected boarding count, derived from the linked Transport Request's registered worker count.",عدد الصعود المتوقع، مشتق من عدد العمالة المسجّلين في طلب النقل المرتبط.
Expected check-out date cannot be earlier than the check-in date.,لا يمكن أن يكون تاريخ المغادرة المتوقع قبل تاريخ الدخول.
Expected check-out date is required for temporary stays.,تاريخ المغادرة المتوقع مطلوب للإقامات المؤقتة.
Expected return: {0},العودة المتوقعة: {0}
Expense Request Afmco DocType is not installed.,نوع مستند طلب الصرف غير مثبت.
Expense Type,نوع المصروف
Expired,منتهي
Expired Licenses,الرخص المنتهية
Expires On,ينتهي في
Expiring Soon,ينتهي قريباً
Expiring Vehicle Compliance,وثائق امتثال المركبات التي تنتهي قريباً
Expiry Date,تاريخ الانتهاء
Expiry Date must be after the Issue Date.,يجب أن يكون تاريخ الانتهاء بعد تاريخ الإصدار.
Export,تصدير
Export Blocked,التصدير محجوب
Export Leak Scan,فحص تسريب التصدير
Export Reference,مرجع التصدير
Exported {0} vehicles,تمّ تصدير {0} مركبة
Exterior,خارجي
External Area,منطقة خارجية
External Reference,مرجع خارجي
External Worker,عامل خارجي
External approval axis. A VAT-applied SAMPLE carries no SINV number or ZATCA stamp; written client approval is captured free-text (no keyword matching).,محور الاعتماد الخارجي. النموذج المطبَّق عليه ضريبة القيمة المضافة لا يحمل رقم فاتورة مبيعات ولا ختم ZATCA؛ وتُلتقط موافقة العميل الكتابية كنص حر (دون مطابقة كلمات مفتاحية).
External fleet identifier used as the data-import key (unique).,معرّف الأسطول الخارجي المستخدم كمفتاح لاستيراد البيانات (فريد).
External purchasing system PO or invoice number.,رقم أمر الشراء أو الفاتورة في نظام المشتريات الخارجي.
External rental office that supplies rented vehicles to the fleet.,مكتب تأجير خارجي يزوّد الأسطول بالمركبات المستأجرة.
Extracted tabular payload the engine consumes (JSON). See the ingestion engine docstring for the schema: a period_month plus a rows[] list of worker + tokens + daily.,الحمولة الجدولية المستخرجة التي يستهلكها المحرك (JSON). راجع توثيق محرك الإدخال لمعرفة المخطط: period_month مع قائمة rows[] تضم العامل والرموز والبيانات اليومية.
F1,صيغة F1
F10,صيغة F10
F11,صيغة F11
F2,صيغة F2
F3,صيغة F3
F4,صيغة F4
F5,صيغة F5
F6,صيغة F6
F7,صيغة F7
F8,صيغة F8
F9,صيغة F9
Facility Asset,أصل المنشأة
Facility Asset Custody Assignment,تخصيص عهدة أصول المنشأة
Facility Asset Delivery,تسليم أصل منشأة
Facility Asset Movement,حركة أصول المنشأة
Facility Asset Movement Ledger,سجل حركة أصول المنشأة
Facility Asset Movement Ledger is a posted audit record and cannot be edited.,سجل حركة أصول المنشأة هو قيد تدقيق مُرحَّل ولا يمكن تعديله.
Facility Assets,أصول المنشأة
Facility Assets Needing Attention,أصول المنشأة التي تتطلب متابعة
Facility Assets by Category,أصول المنشأة حسب التصنيف
Facility Assets by Status,أصول المنشأة حسب الحالة
Facility Custody Item,عهدة المنشأة
Facility Item,عنصر منشأة
Fail,غير مجتاز
Fail-closed: authority_unknown until enforce_gate resolves exactly one active band and the approver holds it.,الفشل الآمن: تبقى الصلاحية غير معروفة حتى تحدّد بوابة الإنفاذ شريحة نشطة واحدة بالضبط ويكون المعتمِد حائزاً لها.
Failed,فاشل
Failed Fuel Requests,طلبات الوقود الفاشلة
Failed to apply the Apex configuration,فشل تطبيق إعداد Apex
Failures ({0}):,الإخفاقات ({0}):
Fair,مقبول
Fallback when the holder cannot tick the confirmation: sign here to acknowledge receipt.,بديل عندما يتعذّر على الحائز تحديد خانة التأكيد: وقّع هنا للإقرار بالاستلام.
Fault / Liable Party,الطرف المسؤول
"Fault type this material template applies to, so the standard set of parts is suggested when a matching electrical, plumbing, air-conditioning, or other issue is raised.",نوع العطل الذي ينطبق عليه قالب المواد هذا، بحيث تُقترح المجموعة القياسية من القطع عند رفع مشكلة كهربائية أو سباكة أو تكييف أو غيرها مطابقة.
Faulty,معطل
February,فبراير
Feed Precondition Met,تحقّق الشرط المسبق للتغذية
Feedback,الملاحظات
Field,الحقل
Field Map,تعيين الحقول
Field Map Help,مساعدة تعيين الحقول
Field Map row {0}: Source Fieldname is required when the row is not Static.,صف تعيين الحقول {0}: اسم الحقل المصدر مطلوب عندما لا يكون الصف ثابتًا.
Field Map row {0}: Target Fieldname is required.,صف تعيين الحقول {0}: اسم الحقل المستهدف مطلوب.
Field Map row {0}: Target Fieldname {1} is mapped more than once.,صف تعيين الحقول {0}: اسم الحقل المستهدف {1} مُعيَّن أكثر من مرة.
Field Map row {0}: clear Source Fieldname on a Static row.,صف تعيين الحقول {0}: امسح اسم الحقل المصدر في الصف الثابت.
Field Provenance,مصدر الحقل
Field-level provenance: which source and which user supplied each canonical field. The dispute defence — never overwritten silently.,مصدر على مستوى الحقل: أيّ مصدر وأيّ مستخدم قدّم كل حقل معياري. خط الدفاع عند النزاع — لا يُستبدل بصمت أبدًا.
"Fieldname on the Salis Payment Request to copy FROM (for example amount, supplier, company, cost_center). Ignored when Static is checked.",اسم الحقل في طلب دفع ساليس المراد النسخ منه (مثل المبلغ، المورّد، الشركة، مركز التكلفة). يُتجاهل عند تفعيل خيار ثابت.
"Fieldname on the TARGET payment DocType to populate (for example party, paid_amount, posting_date).",اسم الحقل في مستند الدفع المستهدف المراد تعبئته (مثل الطرف، المبلغ المدفوع، تاريخ الترحيل).
Final Exit,خروج نهائي
Finance,المالية
Finance Approved By,اعتمده من المالية
Finance Approved On,تاريخ اعتماد المالية
Finance Decision,قرار المالية
Finance Manager Dashboard,لوحة معلومات المدير المالي
Finance Notification Email,بريد إشعار المالية
Financial,المالية
Financial Posting,الترحيل المالي
Financial Reference,المرجع المالي
Financials,المالية
Finding,النتيجة
Finding & Action,النتيجة والإجراء
Finding Description,وصف الملاحظة
Findings,الملاحظات
Findings by Severity,الملاحظات حسب درجة الخطورة
Fine / Violation,مخالفة
Fire,حريق
Fire Alarm Panel,لوحة إنذار الحريق
Fire Alarm Panel Present,لوحة إنذار الحريق موجودة
Fire Equipment Service,صيانة معدات الحريق
Fire Extinguisher,طفاية حريق
Fire Safety,السلامة من الحريق
First Aid Kit,صندوق الإسعافات الأولية
First Aid Kit Required,حقيبة الإسعافات الأولية مطلوبة
First Payment Date,تاريخ أول دفعة
First Payment Date cannot be before Lease Start Date.,لا يمكن أن يكون تاريخ أول دفعة قبل تاريخ بداية عقد الإيجار.
First date this card version prices a period. Immutable once set; a change of effectivity is a new version.,أول تاريخ يسعّر فيه هذا الإصدار من البطاقة فترةً ما. غير قابل للتغيير بعد ضبطه؛ وتغيير السريان يعني إصداراً جديداً.
Fixed Asset (Capex),أصل ثابت (مصروفات رأس مالية)
Fixed monthly salary in SAR. No car and no allowances. Paid via a native ERPNext Payment Entry against this freelance as a party.,راتب شهري ثابت بالريال السعودي. بلا سيارة وبلا بدلات. يُدفع عبر قيد دفع أصيل في ERPNext على هذا المستقل بصفته طرفًا.
Flags a building that receives externally-purchased goods before they are handed over into custody.,يُعلِّم المبنى الذي يستلم البضائع المشتراة خارجياً قبل تسليمها إلى العهدة.
Flags that this policy must be reviewed by Legal/HR against KSA Labor Law (wage-deduction articles) before activation. Kept ON by design as a standing reminder.,يشير إلى وجوب مراجعة هذه السياسة من قبل الشؤون القانونية/الموارد البشرية وفق نظام العمل السعودي (مواد خصم الأجور) قبل التفعيل. يبقى مفعّلًا بالتصميم كتذكير دائم.
Fleet,الأسطول
Fleet Control,التحكّم بالأسطول
Fleet Control (Board),التحكّم بالأسطول (لوحة متابعة)
Fleet Payment Register,سجل المدفوعات
Fleet Portal,بوابة الأسطول
Fleet Portal (Portal),بوابة الأسطول (بوابة)
Fleet Register,سجل الأسطول
Fleet Supervisor,مشرف الأسطول
Fleet Supervisor Dashboard,لوحة معلومات مشرف الأسطول
Fleet Supervisor Dashboard (Dashboard),لوحة معلومات مشرف الأسطول (لوحة معلومات)
Fleet and Fuel Dashboard,لوحة الأسطول والوقود
Fleet dashboard,لوحة الأسطول
"Fleet driver master record: identity, project, supervisor, vehicle linkage, and compliance.",سجل أساسي لسائق الأسطول: الهوية والمشروع والمشرف وربط المركبة والامتثال.
"Fleet vehicle master record. Stores plate, ownership, and operational status.",سجل أساسي لمركبة الأسطول. يخزّن اللوحة والملكية والحالة التشغيلية.
Floor,الطابق
Floor Layout,مخطط الطوابق
Floor Number,رقم الطابق
Floor Plan,مخطط الطوابق
Floor Type,نوع الطابق
Floor {0},الطابق {0}
"Floor {0} ({1}): {2} room(s) × {3}, {4} bed(s) each",الطابق {0} ({1}): {2} غرفة × {3}، {4} سرير لكلِّ غرفة
Floor {0} — {1},الطابق {0} — {1}
Floors,الطوابق
For Subcontractor or External Worker when Employee link is not available.,للمقاول من الباطن أو العامل الخارجي عند عدم توفّر ارتباط الموظف.
For example: Camera-Laundry-Room.,مثال: Camera-Laundry-Room.
"For life or safety emergencies, contact the accommodation supervisor directly.",في حالات الطوارئ المتعلقة بالحياة أو السلامة، تواصل مع مشرف السكن مباشرة.
Forgotten Request,طلب منسي
Formal accommodation/housing safety-incident record with severity and automatic management escalation.,سجل رسمي لحادث سلامة في السكن مع درجة الخطورة والتصعيد الإداري التلقائي.
Formal lease contract holder for one building. Carries the rent payment schedule. The landlord is identified by the Lease's landlord field.,الجهة الحاملة لعقد الإيجار الرسمي لمبنى واحد. تحمل جدول دفعات الإيجار. يُحدَّد المؤجِّر عبر حقل المؤجِّر في العقد.
Format Family,عائلة الصيغة
Frappe Standard,Frappe القياسي
Free-text capture of the client's written approval. No keyword matching is performed on this field.,التقاط نصي حر لموافقة العميل الكتابية. لا تُجرى أي مطابقة كلمات مفتاحية على هذا الحقل.
Free-text capture of the ops contact's written reply (evidence). NEVER keyword-matched to infer a decision.,التقاط نصي حر لرد جهة اتصال العمليات الكتابي (دليل). لا تُطابَق بكلمات مفتاحية لاستنتاج قرار أبداً.
Freelancer,مستقل
Frequency,التكرار / الدورية
Frequency Override,تجاوز التكرار
Friday,الجمعة
From Bed,من سرير
From Building,من مبنى
From Building does not match the asset's current location ({0}).,المبنى المصدر لا يطابق الموقع الحالي للأصل ({0}).
From Company,من الشركة
From Cost Center,من مركز التكلفة
From Cost Center and To Cost Center must be different when both are set.,يجب أن يختلف مركز التكلفة المصدر عن مركز التكلفة الهدف عند تحديد كليهما.
From Date,من تاريخ
From Date and To Date are required.,حقلا «من تاريخ» و«إلى تاريخ» إلزاميان.
From Driver,من السائق
From Location,من الموقع
From Project,من المشروع
From Project and To Project must be different for a cost transfer.,يجب أن يختلف المشروع المصدر عن المشروع الهدف في تحويل التكلفة.
From Room,من غرفة
From Room does not match the asset's current location ({0}).,الغرفة المصدر لا تطابق الموقع الحالي للأصل ({0}).
From and To location must differ for a Facility Asset Movement.,يجب أن يختلف موقع البداية والنهاية في حركة أصول المنشأة.
Front Desk,مكتب الاستقبال
Front Desk (Board),مكتب الاستقبال (لوحة متابعة)
Front Desk (Screen),مكتب الاستقبال (شاشة إدخال)
Frontend Base URL,العنوان الأساسي للواجهة الأمامية
Frontend Base URL must start with http:// or https:// (for example https://salis-fleet.com).,يجب أن يبدأ رابط الواجهة الأمامية بـ http:// أو https:// (مثال: https://salis-fleet.com).
Frontend Integration,تكامل الواجهة الأمامية
Fuel,وقود
Fuel Account,حساب الوقود
Fuel Approval Console,وحدة اعتماد الوقود
Fuel Approval Console (Board),اعتماد الوقود (لوحة متابعة)
Fuel Chip Returned,تم إرجاع شريحة الوقود
Fuel Claim,مطالبة وقود
Fuel Claim Register,سجل مطالبات الوقود
Fuel Claim Variance by Month,انحراف مطالبات الوقود حسب الشهر
Fuel Claim Voucher,سند مطالبة وقود
Fuel Consumption (Litres),استهلاك الوقود (لترات)
Fuel Consumption Ledger,دفتر استهلاك الوقود
Fuel Consumption Summary,ملخص استهلاك الوقود
Fuel Consumption by Month,استهلاك الوقود حسب الشهر
Fuel Cost This Month,تكلفة الوقود هذا الشهر
Fuel Cost by Month,تكلفة الوقود حسب الشهر
Fuel Cost by Platform,تكلفة الوقود حسب المنصة
Fuel Daily Log,السجل اليومي للوقود
Fuel Exception Case,حالة استثناء وقود
Fuel Exception Register,سجل استثناءات الوقود
Fuel Level,مستوى الوقود
Fuel Litres Dispensed This Month,لترات الوقود المصروفة هذا الشهر
Fuel Misuse,إساءة استخدام الوقود
Fuel Overage Margin (%),هامش تجاوز الوقود (٪)
Fuel Plan,خطة الوقود
Fuel Platform,منصة الوقود
Fuel Quota,حصة الوقود
Fuel Quota {0} already exists for vehicle {1} in period {2}.,حصة الوقود {0} موجودة بالفعل للمركبة {1} في الفترة {2}.
Fuel Reconciliation,مطابقة الوقود
Fuel Request,طلب وقود
Fuel Request Approval Threshold (L),حد اعتماد طلب الوقود (لتر)
Fuel Request Approval Threshold cannot be negative.,لا يمكن أن يكون حد اعتماد طلب الوقود سالباً.
Fuel Request Pending Max Days,الحد الأقصى لأيام انتظار طلب الوقود
Fuel Request {0} is not pending (current status: {1}).,طلب الوقود {0} ليس قيد الانتظار (الحالة الحالية: {1}).
Fuel Requests Approved This Month,طلبات الوقود المعتمدة هذا الشهر
Fuel Requests by Status,طلبات الوقود حسب الحالة
Fuel Spend by Vehicle,إنفاق الوقود حسب المركبة
Fuel chip {0} via request {1} (chip {2}).,شريحة وقود {0} عبر الطلب {1} (الشريحة {2}).
Fuel consumption {0} L for vehicle {1} in period {2} exceeds the monthly quota of {3} L by {4} L (quota {5}).,استهلاك الوقود {0} لتر للمركبة {1} في الفترة {2} يتجاوز الحصة الشهرية البالغة {3} لتر بمقدار {4} لتر (الحصة {5}).
"Fuel daily log {0}: {1} L, {2} SAR.",سجل الوقود اليومي {0}: {1} لتر، {2} ريال.
"Fuel gauge reading recorded at vehicle handover, from empty to full, used to compare fuel state at pickup and return of the rental vehicle.",قراءة مؤشر الوقود المسجّلة عند مناولة المركبة، من فارغ إلى ممتلئ، تُستخدم لمقارنة حالة الوقود عند استلام وإعادة المركبة المستأجرة.
"Fuel is live. Quotas, requests, and claims now keep consumption and spend reconciled.",تم تشغيل الوقود. تحافظ الحصص والطلبات والمطالبات الآن على مطابقة الاستهلاك والإنفاق.
Fuel requests above this litre amount require approval.,طلبات الوقود التي تتجاوز هذا الحد باللترات تتطلب موافقة.
Fuel service platform or provider used for fueling fleet vehicles.,منصة أو مزوّد خدمة وقود يُستخدم لتزويد مركبات الأسطول بالوقود.
Fuel top-up {0} cancelled ({1} L).,تم إلغاء تعبئة الوقود {0} ({1} لتر).
Fuel top-up {0}: {1} L{2}.,تعبئة وقود {0}: {1} لتر{2}.
Fulfilled,مُنفّذ
Fulfilled By (Movement),نُفِّذ بواسطة (الحركة)
Fulfilled On,تاريخ التنفيذ
Fulfilled Trips,الرحلات المنفّذة
Fulfillment,التنفيذ
Full,ممتلئ
Full Admin,مسؤول كامل الصلاحيات
Full Name,الاسم الكامل
Full Rooms,الغرف الممتلئة
Full amount on the utility company's invoice (before sharing),المبلغ الكامل في فاتورة شركة الخدمات (قبل المشاركة)
Full: {0},ممتلئ: {0}
Furniture,أثاث
GATE,بوابة
GATE blocks reconciliation until closed or waived; WARN is advisory.,يوقف GATE التسوية حتى الإغلاق أو التنازل، أما WARN فتنبيه إرشادي.
GATE blocks reconciliation when the field is missing; WARN is nice-to-have.,تحجب البوابة (GATE) التسوية عند غياب الحقل؛ أمّا التحذير (WARN) فمستحسن لا أكثر.
GL Posted,تم ترحيل قيد الأستاذ العام
GPS Mismatch,عدم تطابق GPS
Gas,غاز
Gate Pass,تصريح بوابة
Gate Pass Reference,رقم تصريح البوابة
Gate Severity,درجة الحجب
Gated Open Item,بند مفتوح محجوز
Gated Threshold,حد محجوز
Gateway API Key,مفتاح واجهة البوابة البرمجية
Gateway Help,مساعدة البوابة
Gateway URL,رابط البوابة
Gemini,جيميني
General,عام
General Details,تفاصيل عامة
Generate Payment,توليد الدفع
Generate Safety Setup,توليد إعداد السلامة
Generated By,أُنشئ بواسطة
Generated Maintenance Request,طلب الصيانة المُنشأ
Generated Maintenance Requests,طلبات الصيانة المنشأة
Generating Safety Setup…,جارٍ إعداد منظومة السلامة…
"Generation complete. Rooms created: {0}, updated: {1}, skipped (existing): {2}. Beds created: {3}.",اكتمل التوليد. الغرف المنشأة: {0}، المحدّثة: {1}، المتخطاة (موجودة): {2}. الأسرّة المنشأة: {3}.
Generator,مولد كهربائي
Generator Service,صيانة المولد الكهربائي
Getting Started,البدء
Global Caps (KSA Labor Law),الحدود القصوى العامة (نظام العمل السعودي)
Global Max % of Salary (all types),النسبة القصوى العامة من الراتب (لجميع الأنواع)
Global Max % of Salary cannot exceed {0}% (KSA Labor Law Art. 91 ceiling on combined wage deductions).,لا يمكن أن تتجاوز النسبة القصوى العامة من الراتب {0}٪ (سقف المادة 91 من نظام العمل السعودي على مجموع خصومات الأجر).
Global master switch for all salary deductions; off until legal review is recorded.,مفتاح رئيسي عام لجميع خصومات الرواتب؛ يبقى متوقفاً حتى تسجيل المراجعة القانونية.
Good,جيد
Goods Receipt,سند استلام بضائع
Google Maps Link,رابط خرائط جوجل
Governance gate unavailable; invoice issuance blocked (fail-closed).,بوابة الحوكمة غير متاحة؛ إصدار الفاتورة محجوب (فشل آمن).
Governed Action,الإجراء الخاضع للحوكمة
Grace days after the due date before a safety task is flagged Overdue.,أيام السماح بعد تاريخ الاستحقاق قبل تعليم مهمة السلامة كمتأخرة.
Grace period (minutes) from trip start before notify escalation and absence marking apply. A blank or zero value falls back to the built-in default.,فترة المهلة (بالدقائق) من بدء الرحلة قبل تطبيق تصعيد الإشعارات وتسجيل الغياب. القيمة الفارغة أو الصفرية تعود إلى الافتراضي المدمج.
"Grants viewing/admin credentials for CCTV systems to a specific user, scoped to one or more buildings.",يمنح صلاحيات المشاهدة/الإدارة لأنظمة المراقبة لمستخدم محدد، ضمن نطاق مبنى أو أكثر.
Gross,الإجمالي
Ground,أرضي
Ground Floor,الطابق الأرضي
Group Housing Permit,تصريح السكن الجماعي
Group Key,مفتاح المجموعة
Group nodes classify materials and are not selectable as a concrete material,العُقد التصنيفية تصنّف المواد ولا يمكن اختيارها كمادة فعلية
HR,الموارد البشرية
HR Case,قضية موارد بشرية
HRMS Salary Component (Type = Deduction) the resulting Additional Salary will use. Defaults from the policy.,مكون الراتب في نظام الموارد البشرية (النوع = خصم) الذي سيستخدمه الراتب الإضافي الناتج. يُؤخذ افتراضيًا من السياسة.
Habitat,الإسكان
Habitat Internal / No Financial Posting,داخلي في Habitat / بدون ترحيل مالي
Habitat Settings,إعدادات السكن
Half,نصف
Handed Over,تم التسليم
Handed over from {0} to {1} via {2} (odometer {3}).,تم التسليم من {0} إلى {1} عبر {2} (عداد المسافة {3}).
"Handling priority assigned to the finding for scheduling remediation, independent of severity, from low up to critical.",أولوية المعالجة المسندة للملحوظة لجدولة المعالجة، بمعزل عن درجة الخطورة، من منخفضة حتى حرجة.
"Handling stage of the resident request from intake to closure, tracking triage, assignment, active work, an evidence hold, and the final resolved, rejected, or closed outcome.",مرحلة معالجة طلب المقيم من الاستلام حتى الإغلاق، تتابع الفرز والإسناد والعمل النشط وتعليق الأدلة والنتيجة النهائية من محلول أو مرفوض أو مغلق.
"Handling stage of the transport request from intake through validation, approval, and scheduling to fulfilment, or a rejected or cancelled outcome.",مرحلة معالجة طلب النقل من الاستلام مرورًا بالتحقق والاعتماد والجدولة حتى التنفيذ، أو نتيجة مرفوضة أو ملغاة.
"Handling stage of the vehicle incident record, from open and under review to closed or cancelled.",مرحلة معالجة سجل حادث المركبة، من مفتوح وقيد المراجعة حتى مغلق أو ملغى.
Handoff SLA Days,أيام اتفاقية مستوى التسليم
Handoff SLA Days cannot be negative.,لا يمكن أن تكون أيام اتفاقية مستوى التسليم سالبة.
Handover,تسليم
Handover Check Items,بنود فحص التسليم
Handover Date,تاريخ التسليم
Handover Details,تفاصيل التسليم
Handover OTP Validity (Minutes),صلاحية رمز التحقق للتسليم (بالدقائق)
Handover Sign-Off,اعتماد التسليم
Handover {0} can no longer be rejected.,لم يعد بالإمكان رفض التسليم {0}.
Handover {0} cancelled.,أُلغي التسليم {0}.
Handover {0} is closed; a new code cannot be issued.,التسليم {0} مغلق؛ لا يمكن إصدار رمز جديد.
Hard Disk,القرص الصلب
"Hard ceiling on the SAR amount deducted for a single triggering event of this type, regardless of the assessed value. 0 = no per-event cap (not recommended).",سقف صارم على المبلغ المخصوم بالريال السعودي لواقعة واحدة من هذا النوع، بغض النظر عن القيمة المقدّرة. القيمة 0 = لا يوجد حد لكل واقعة (غير موصى به).
Has Per-Worker Feed,لديه تغذية لكل عامل
Has Timestamps,يحتوي طوابع زمنية
Has custody,لديه عهدة
Header Hints,تلميحات الترويسة
Health and Hygiene,الصحة والنظافة العامة
Held,محجوز
Held (Category 8),محجوز (الفئة الثامنة)
Held: {0},بالعهدة: {0}
"Hello {0},",مرحباً {0}،
"Hello,",مرحباً،
Hide out of service,إخفاء الخارجة عن الخدمة
Hide this alert from the operations queue until this time; it reappears when the moment passes.,إخفاء هذا التنبيه من قائمة العمليات حتى هذا الوقت؛ ويعاود الظهور عند انقضاء الموعد.
High,عالية
High Priority,أولوية عالية
Hindi,الهندية
Holder,الجهة الحائزة
"Holder's login user, mirrored from the employee so receipt notifications can reach a real address.",مستخدم دخول الحائز، مُنعكس من الموظف كي تصل إشعارات الاستلام إلى عنوان حقيقي.
"Holder's receipt confirmation for a Custody Issue, captured from the My Custody Acknowledgment Web Form (with a signature fallback).",تأكيد استلام الحائز لصرف عهدة، يُلتقط من نموذج ويب إقرار عهدتي (مع توقيع بديل).
Hours an open Critical alert may age before the queue flags it as overdue. A blank or zero value falls back to the built-in default.,عدد الساعات التي يمكن أن يتقادم خلالها تنبيه حرج مفتوح قبل أن يضعه قائمة الانتظار كمتأخر. القيمة الفارغة أو الصفرية ترجع إلى الافتراضي المدمج.
Hours an open Info alert may age before the queue flags it as overdue. A blank or zero value falls back to the built-in default.,عدد الساعات التي يمكن أن يتقادم خلالها تنبيه معلوماتي مفتوح قبل أن يضعه قائمة الانتظار كمتأخر. القيمة الفارغة أو الصفرية ترجع إلى الافتراضي المدمج.
Hours an open Warning alert may age before the queue flags it as overdue. A blank or zero value falls back to the built-in default.,عدد الساعات التي يمكن أن يتقادم خلالها تنبيه تحذيري مفتوح قبل أن يضعه قائمة الانتظار كمتأخر. القيمة الفارغة أو الصفرية ترجع إلى الافتراضي المدمج.
House over capacity in a temporary bed,الإسكان بتجاوز السعة في سرير مؤقت
Housed,مُسكَن
Housed {0},تمّ إسكان {0}
Housed {0} in a temporary bed,تمّ إسكان {0} في سرير مؤقّت
Housing,السكن
Housing Allowance Suspended,تعليق بدل السكن
Housing Assignment,تسكين
Housing Checkout,إخلاء السكن
Housing Cleaning Audit,تدقيق نظافة السكن
Housing Inventory,جرد السكن
Housing Office,مكتب الإسكان
Housing Office Number,رقم مكتب السكن
Housing Portal (Portal),بوابة الإسكان (بوابة)
Housing Request,طلب سكن
Housing Supervisor,مشرف السكن
Housing Terms & Conditions,شروط وأحكام السكن
Housing Terms Acceptance,قبول شروط السكن
Housing Terms — {0},شروط السكن — {0}
Housing office contact number shown to workers on the Masar home My Contacts card.,رقم تواصل مكتب السكن الظاهر للعمّال في بطاقة جهات اتصالي بالصفحة الرئيسية لمسار.
Housing over capacity…,السكن بطاقة زائدة…
Housing pickup for this boarding (Habitat-Salis bridge).,نقطة التقاط الإسكان لعملية الصعود هذه (جسر هابيتات-ساليس).
"Housing pickup recorded with the scan (Habitat-Salis bridge), when present.",نقطة التقاط الإسكان المسجلة مع المسح (جسر هابيتات-ساليس)، عند وجودها.
Housing portal,بوابة الإسكان
How The Gateway Works,كيف تعمل البوابة
How To Integrate,كيفية التكامل
How broadly this consent authorizes deductions.,مدى اتساع تفويض هذه الموافقة للخصومات.
How consent was captured.,كيف تم الحصول على الموافقة.
How many 'please wait' requests the worker has sent back to the driver.,"عدد طلبات ""يرجى الانتظار"" التي أرسلها العامل إلى السائق."
How many 'remaining passengers' notifications the driver has sent this worker.,"عدد إشعارات ""الركاب المتبقون"" التي أرسلها السائق لهذا العامل."
How many log rows this group covered at disposition time.,عدد سطور السجل التي شملتها هذه المجموعة وقت التصرّف.
How many of the up-to-4 documents this run should produce.,عدد المستندات التي ينبغي أن ينتجها هذا التشغيل من أصل أربعة كحد أقصى.
How many times the driver has rejected this worker's boarding claim.,عدد المرات التي رفض فيها السائق ادعاء صعود هذا العامل.
How often (seconds) the worker portal polls its boarding state during an active trip. A blank or zero value falls back to the built-in default.,عدد المرات (بالثواني) التي تستطلع فيها بوابة العامل حالة الصعود أثناء رحلة نشطة. القيمة الفارغة أو الصفرية تعود إلى الافتراضي المدمج.
How often a deduction of this type may recur for the same source until the balance is cleared.,عدد مرات تكرار خصم من هذا النوع لنفس المصدر حتى تسوية الرصيد.
How often rent payments are scheduled. Amount per installment is calculated automatically.,معدّل جدولة دفعات الإيجار. يُحسب مبلغ كل قسط تلقائياً.
"How often the catalog task must be performed, from daily to annual, or triggered as needed or on a resident entry rather than on a fixed cycle.",عدد مرات تنفيذ المهمة من الفهرس، من يومي إلى سنوي، أو تُطلق عند الحاجة أو عند دخول مقيم بدلًا من دورة ثابتة.
"How often the subcontractor is scheduled to visit under the contract, from weekly to quarterly, or on-call only when visits are requested as needed.",عدد مرات زيارة المقاول المجدولة بموجب العقد، من أسبوعي إلى ربع سنوي، أو تحت الطلب فقط عند طلب الزيارات حسب الحاجة.
"How often this safety round is scheduled to recur, from daily through annual, driving generation of the next due round.",عدد مرات تكرار جولة السلامة هذه، من يومي حتى سنوي، يحرّك توليد الجولة المستحقة التالية.
"How serious the finding is, driving remediation urgency from minor low-severity issues up to critical findings that require immediate correction.",مدى خطورة الملحوظة، يحرّك إلحاح المعالجة من القضايا البسيطة منخفضة الخطورة حتى الملحوظات الحرجة التي تتطلب تصحيحًا فوريًا.
"How the boarding was captured: QR (driver scan), Manual (driver entry), or Worker (worker self-confirm via the Masar portal).",كيفية التقاط عملية الصعود: رمز QR (مسح السائق)، يدوي (إدخال السائق)، أو العامل (تأكيد ذاتي من العامل عبر بوابة مسار).
"How the boarding was confirmed: the worker's self-confirm, a QR scan, manual driver entry, the driver, or auto-confirmed after the worker-claim timeout (legacy).",كيف تم تأكيد الصعود: تأكيد العامل لنفسه، أو مسح رمز الاستجابة السريعة، أو إدخال يدوي من السائق، أو السائق، أو تأكيد تلقائي بعد انتهاء مهلة مطالبة العامل (قديم).
"How the idle-resident case was closed out, recording whether the worker was deployed, checked out, transferred, or the case was otherwise closed.",طريقة إغلاق حالة المقيم المتعطّل، تسجّل ما إذا جرى إيفاد العامل أو تسجيل خروجه أو نقله أو أُغلقت الحالة بخلاف ذلك.
How the penalty is applied when the threshold fires.,كيفية تطبيق الغرامة عند تجاوز الحد.
"How this adapter reads the source: a tabular workbook, a paper scan, or an OCR image.",كيف يقرأ هذا المحوّل المصدر: مصنّف جدولي، أو مسح ورقي، أو صورة بالتعرف الضوئي.
Human-readable name for the component.,اسم المكوّن المقروء للبشر.
Hygiene,النظافة
I Confirm Receipt,أؤكّد الاستلام
I acknowledge that I have received the above items in good condition.,أقر بأنني استلمت الأصناف المذكورة أعلاه بحالة جيدة.
I am a,أنا
I confirm I have received the custody items listed on this Custody Issue.,أؤكّد استلامي أصناف العهدة المدرجة في صرف العهدة هذا.
I confirm I have received these items,أؤكّد استلامي هذه الأصناف
I have read and accept these terms and conditions.,لقد قرأت ووافقت على هذه الشروط والأحكام.
IBAN Complete,الآيبان مكتمل
ID Expiry,انتهاء الهوية
ID Number,رقم الهوية
INCOMPLETE,غير مكتمل
Identification,التعريف
Identifier (e.g. Iqama/contractor id) for an unregistered worker.,معرّف (مثل الإقامة/معرّف المتعاقد) لعامل غير مسجّل.
Identifiers,المعرّفات
Identity,الهوية
Identity type of the consenting worker. Mirrors the native party_type / party Dynamic Link used across the housed-worker doctypes.,نوع هوية العامل الموافِق. يعكس الرابط الديناميكي الأصلي party_type / party المستخدم عبر مستندات العمال المُسكَّنين.
Idle Days,أيام التوقف
Idle Report,تقرير الخمول
Idle Report Status,حالة تقرير الخمول
Idle Resident Detection,رصد الساكنين غير المشغّلين
Idle Resident Housing Cost by Building,تكلفة سكن المقيمين الخامل حسب المبنى
Idle Resident Report,تقرير مقيم غير مُشغَّل
Idle Residents,الساكنون غير المشغّلين
Idle Vehicle,مركبة خاملة
Idle Vehicle Days,أيام خمول المركبة
Idle resident reported to {0}: employee {1} (building {2}). Please action.,تم الإبلاغ عن ساكن متوقف عن العمل إلى {0}: الموظف {1} (المبنى {2}). يُرجى اتخاذ الإجراء.
If different from contract default,إذا كان مختلفاً عن افتراضي العقد
If execution discovered an issue requiring formal inspection,إذا اكتشف التنفيذ مشكلة تتطلب تفتيشاً رسمياً
"If set, the linked vehicle should be released from this driver.",عند التحديد، يجب تحرير المركبة المرتبطة من هذا السائق.
Image,صورة
Immediate Action Taken,الإجراء الفوري المتّخذ
Imminent Checkouts,مغادرات وشيكة
Immutable Record,قيد غير قابل للتغيير
Immutable Run,تشغيل غير قابل للتغيير
In Progress,قيد التنفيذ
In Storage,في المستودع
In Transit,في الطريق
In stock: {0},في المخزون: {0}
"In the first row, choose the article being issued and set its quantity.",في الصف الأول، اختر الصنف المصروف وحدّد كميته.
Inactive,غير نشط
Inactivity Evidence,إثبات عدم النشاط
Inactivity evidence is required to submit a fuel chip cancellation.,إثبات عدم النشاط مطلوب لاعتماد إلغاء شريحة الوقود.
Incident,البلاغ
Incident Date,تاريخ البلاغ
Incident Date and Time,تاريخ ووقت الحادثة
Incident Details,تفاصيل الحادثة
Incident Type,نوع الحادثة
Incident date cannot be in the future.,لا يمكن أن يكون تاريخ البلاغ في المستقبل.
Incidents and Recovery,الحوادث والاسترداد
Incidents by Type,البلاغات حسب النوع
Indicates the resolved request has been recorded in the asset's maintenance history.,يشير إلى أن الطلب المُعالَج سُجِّل في سجل صيانة الأصل.
Info,معلومة
Info Alert Aging Hours,ساعات تقادم التنبيه المعلوماتي
Information,معلومات
Initiated By,بدأه
Injury,إصابة
Input screen: open an item to create or edit records.,شاشة إدخال: افتح عنصراً لإنشاء السجلات أو تعديلها.
Inspected by (Supervisor),تم التفتيش بواسطة (المشرف)
Inspection,تفتيش
Inspection Date,تاريخ الفحص
Inspection Finding Item,بند ملاحظة الفحص
Inspection Type,نوع الفحص
Inspection logged: {0},سُجِّل الفحص: {0}
Inspector,المفتّش
Inspector (Employee),الفاحص (الموظف)
Installation Date,تاريخ التركيب
Installments,أقساط
Insurance,التأمين
Insurance Claim,مطالبة تأمين
Insurance Policy,بوليصة التأمين
Intake,الإدخال
Intake Building,مبنى الاستلام
Integration Enabled,التكامل مُفعّل
Integration Help,مساعدة التكامل
Inter-City Relocation,ترحيل بين المدن
Inter-City Relocations This Month,الترحيلات بين المدن لهذا الشهر
Inter-City Requests This Month,طلبات النقل بين المدن هذا الشهر
Inter-City Transport Requests,طلبات النقل بين المدن
Intercompany Approval,موافقات حركة الشركات
Intercompany Movement Register,سجل الحركات بين الشركات
Intercompany Moves Pending Acknowledgement,نقل بين الشركات بانتظار الإقرار
Intercompany Permanent,نقل دائم بين الشركات
Intercompany Temporary,نقل مؤقت بين الشركات
Interior,داخلي
Internal Auditor Dashboard,لوحة معلومات المدقق الداخلي
Internal Auditor Dashboard (Dashboard),لوحة معلومات المدقق الداخلي (لوحة معلومات)
Internal Billing Model,نموذج الفوترة الداخلية
Internal Billing Notes,ملاحظات الفوترة الداخلية
Internal Employee,موظف داخلي
Internal Owner,المسؤول الداخلي
Internal Store,المتجر الداخلي
Internal Transfer,نقل داخلي
"Internal approval state, in addition to the worker's consent. The deduction posts only when approved.",حالة الاعتماد الداخلي، إضافةً إلى موافقة العامل. لا يُرحَّل الخصم إلا عند الاعتماد.
Internal authorization (management sign-off) to switch the layer on.,تفويض داخلي (اعتماد الإدارة) لتشغيل الطبقة.
Internal cost-allocation ledger. Maintained automatically by the system and not edited manually.,سجل توزيع التكاليف الداخلي. يُدار آلياً بواسطة النظام ولا يُحرَّر يدوياً.
"Internal fuel consumption ledger. Maintained automatically by the system from Fuel Daily Log and Done Fuel Request records, and not edited manually.",دفتر استهلاك وقود داخلي. يُحدّثه النظام آلياً من سجلات سجل الوقود اليومي وطلبات الوقود المنجزة، ولا يُحرّر يدوياً.
Internet,إنترنت
Invalid Odometer Reading,قراءة عداد مسافة غير صالحة
Invalid Request Type: {0},نوع طلب غير صالح: {0}
Invalid SQL identifier: doctype {0},معرّف SQL غير صالح: نوع المستند {0}
Invalid SQL identifier: field {0},معرّف SQL غير صالح: الحقل {0}
Invalid Short Address,عنوان مختصر غير صالح
Invalid Token,رمز غير صالح
Invalid code.,رمز غير صحيح.
Invalid incident type.,نوع الحادث غير صالح.
Invalid or inactive location token.,رمز الموقع غير صالح أو غير مُفعّل.
Invalid portal theme: {0},سمة بوابة غير صالحة: {0}
Invalid readiness status.,حالة جاهزية غير صالحة.
Invalid status: {0},حالة غير صالحة: {0}
Invalid submission.,تقديم غير صالح.
Inventory Completed,اكتمل الجرد
Inventory Count,جرد المخزون
Inventory In Progress,الجرد جارٍ
Inventory Notes,ملاحظات الجرد
"Investigation stage of the fuel exception, tracking whether it is open, under investigation, awaiting evidence, resolved, rejected, or closed.",مرحلة التحقيق في استثناء الوقود، تتابع ما إذا كان مفتوحًا أو قيد التحقيق أو بانتظار الأدلة أو محلولًا أو مرفوضًا أو مغلقًا.
Invoice Assembly Run,تشغيل تجميع الفواتير
Iqama,الإقامة
Iqama EXPIRED — {0} ({1}) requests HR action,الإقامة منتهية — {0} ({1}) يطلب إجراءً من الموارد البشرية
Iqama Number,رقم الإقامة
Iqama Number (if any),رقم الإقامة (إن وُجد)
Iqama Renewal Recharge,استرداد رسوم تجديد الإقامة
Iqama expiring in {0} day(s) — {1} ({2}) requests HR action,الإقامة تنتهي خلال {0} يوم — {1} ({2}) يطلب إجراءً من الموارد البشرية
Iqama-Recharge Deduction Legally Cleared,خصم رسوم الإقامة مُخلًى نظامياً
Iqama-renewal-recharge deductions are held pending the legal-clearance decision.,خصومات رسوم تجديد الإقامة محجوزة بانتظار قرار الإخلاء النظامي.
Is Active,نشط
Is Cancelled,ملغى
Is Cross Region,عابر للمناطق
Is External Supplier Worker?,هل هو عامل مورد خارجي؟
Is Group,مجموعة
Is Intercompany Movement,حركة بين الشركات
Is Re-inspection,إعادة فحص
Is Serialized,مرمز / ذو رقم تسلسلي
Is Temporary,مؤقت
Isolation,عزل
Issue,صرف
Issue Custody,صرف العهدة
Issue Date,تاريخ الإصدار / تاريخ الصرف
Issue Description,وصف المشكلة / وصف الصرف
Issue Link and QR,إصدار الرابط ورمز QR
Issue Location,موقع المشكلة
Issue Masar Link,إصدار رابط مسار
Issue Type,نوع المشكلة / نوع الصرف
Issue all ({0}),صرف الجميع ({0})
Issue articles to a worker from the POS-style Custody Kiosk.,اصرف المواد لعامل من كشك العهدة بأسلوب نقاط البيع.
"Issue articles to a worker, guided step by step through the form.",اصرف أصنافاً لعامل، بإرشاد خطوة بخطوة عبر النموذج.
Issue at the Kiosk,الصرف من الكشك
Issue custody,صرف العهدة
Issue custody first,اصرف العهدة أولاً
Issue date,تاريخ الصرف
Issue or return mode,وضع الصرف أو الإرجاع
Issue: {0},الصرف: {0}
Issued,مصروف
Issued Custody Items,العهد المصروفة
Issued To (Employee),المصروف للموظف
Issued To (Free Text),صُرفت لـ (نص حر)
Issued To (User),صُرفت إلى (المستخدم)
Issued to,صُرف إلى
Issued to {0}: {1},صُرف إلى {0}: {1}
"Issues observed during this execution. On submit, each actionable finding (Issue Type + Room, not Resolved) spawns one Maintenance Request.",الملاحظات المرصودة خلال هذا التنفيذ. عند الإرسال، تُنشئ كل ملاحظة قابلة للمعالجة (نوع الملاحظة + الغرفة، غير محلولة) طلب صيانة واحدًا.
Issuing Authority,جهة الإصدار
Issuing custody…,جارٍ إصدار العهدة…
Issuing worker link…,جارٍ إصدار رابط العامل…
Issuing…,جارٍ الإصدار…
Item,صنف
Item Description,وصف الصنف / البند
Item Name,اسم الصنف
Item Type,نوع الصنف
Item {0} does not belong to this building.,الصنف {0} لا يتبع هذا المبنى.
Itemized List,قائمة مفصّلة
Items,الأصناف
JSON,صيغة JSON
January,يناير
July,يوليو
June,يونيو
KPI,مؤشر الأداء
KSA Labor Law Note,ملاحظة نظام العمل السعودي
Key Metrics,المؤشرات الرئيسية
Key Reports,التقارير المهمة
"Kind of expense the payment request covers, such as fuel, rental, a fine, sponsorship fee, or maintenance, which drives approval routing and account coding.",نوع المصروف الذي يغطيه طلب الدفع، كالوقود أو الإيجار أو المخالفة أو رسم الكفالة أو الصيانة، ما يحرّك مسار الاعتماد وترميز الحساب.
"Kind of outsourced facility service the contract covers, such as pest control, tank suction, deep cleaning, or equipment servicing, used to match orders to the right vendor scope.",نوع الخدمة المسندة للمرفق التي يغطيها العقد، كمكافحة الآفات أو شفط الخزانات أو التنظيف العميق أو صيانة المعدات، تُستخدم لمطابقة الأوامر مع نطاق المورّد الصحيح.
"Kind of recurring work this template generates, classifying instances as safety, maintenance, inspection, or cleaning for routing and reporting.",نوع العمل المتكرر الذي يولّده هذا القالب، يصنّف الحالات كسلامة أو صيانة أو تفتيش أو تنظيف لأغراض التوجيه والتقارير.
"Kind of utility this account represents, used to group meters and bills by service so consumption and cost can be tracked per utility.",نوع المرفق الذي يمثّله هذا الحساب، يُستخدم لتجميع العدادات والفواتير حسب الخدمة ليتسنى تتبّع الاستهلاك والتكلفة لكل مرفق.
"Kind of vehicle compliance document being tracked, such as registration, insurance, periodic inspection, or operating card, each monitored for expiry.",نوع وثيقة امتثال المركبة المُتتبَّعة، كالاستمارة أو التأمين أو الفحص الدوري أو بطاقة التشغيل، تُراقَب كل منها من حيث انتهاء الصلاحية.
Kitchen,المطبخ
Kitchen gas cooker / stove for accommodation. Durable kitchenware.,موقد / طبّاخ غاز للمطبخ في السكن. أدوات مطبخ معمّرة.
Kitchenware,أدوات مطبخ
LEAVE_ANNUAL,إجازة سنوية
LEAVE_SICK,إجازة مرضية
LEAVE_UNPAID,إجازة بدون راتب
Labour Supplier,مورّد العمالة
Landlord,المؤجّر
Landlord-issued contract number or file reference.,رقم العقد الصادر من المالك أو مرجع الملف.
"Language the resident prefers for updates and responses on this request, so notifications and handling can be routed to staff who can communicate with the worker.",اللغة التي يفضّلها المقيم للتحديثات والردود على هذا الطلب، ليتسنى توجيه الإشعارات والمعالجة إلى الموظفين القادرين على التواصل مع العامل.
Large Worker Moves Pending Escalation,تنقلات العمالة الكبيرة بانتظار التصعيد
Last Count Date,تاريخ آخر جرد
Last Generated By,أنشئ بواسطة
Last Generated On,آخر إنشاء في
Last Inspected,آخر فحص
Last Inspected Date,تاريخ آخر فحص
Last Inventory Date,تاريخ آخر جرد
Last Maintenance Date,تاريخ آخر صيانة
Last Maintenance Work Order,أمر آخر صيانة
Last Modified By Role,آخر تعديل بواسطة صلاحية
Last Movement Date,تاريخ آخر حركة
Last Notified At,آخر إشعار في
Last Printed On,آخر طباعة في
Last Renewed On,تاريخ آخر تجديد
Last Seen,آخر ظهور
Last Status,آخر حالة
Last Verified,آخر تحقّق
Last Wait Request At,آخر طلب انتظار في
Late,متأخر
Late 30min Penalty,غرامة تأخّر ثلاثين دقيقة
Late Departure Count,عدد مرات تأخر الانصراف
Latest,الأحدث
"Latest driver GPS latitude, pushed by the driver portal while the trip is dispatched. Feeds the worker's live ride ETA. System-maintained.",أحدث خط عرض GPS للسائق، تدفعه بوابة السائق أثناء إرسال الرحلة. يغذّي الوقت المتوقع لوصول رحلة العامل المباشر. يُدار آليًا.
"Latest driver GPS longitude, pushed by the driver portal while the trip is dispatched. Feeds the worker's live ride ETA. System-maintained.",أحدث خط طول GPS للسائق، تدفعه بوابة السائق أثناء إرسال الرحلة. يغذّي الوقت المتوقع لوصول رحلة العامل المباشر. يُدار آليًا.
Launchpad,لوحة التطبيقات
Laundry washing machine for worker accommodation. Durable appliance.,غسالة ملابس لسكن العمال. جهاز معمّر.
Layout Hints,تلميحات التخطيط
Lead days for driver licence-expiry alerts; the effective window is the larger of this and Alert Lead Days.,أيام التنبيه المسبق لانتهاء رخصة السائق؛ النافذةُ الفعليّة هي الأكبر بين هذه و«أيام التنبيه المسبق».
Lease,عقد الإيجار
Lease / Contract Reference,مرجع عقد الإيجار
Lease Contract,عقد الإيجار
Lease End Date,تاريخ نهاية عقد الإيجار
Lease End Date must be after Lease Start Date.,يجب أن يكون تاريخ نهاية عقد الإيجار بعد تاريخ بداية العقد.
Lease Expiry Lead Days,أيام التنبيه قبل انتهاء الإيجار
Lease Expiry Watchlist,قائمة مراقبة انتهاء عقود الإيجار
Lease Start Date,تاريخ بداية عقد الإيجار
Lease payment reference: {0},مرجع دفعة الإيجار: {0}
Leasing,التأجير
Leave,إجازة
Leave blank for permanent,اتركه فارغاً للدائم
Leave empty for building-level stock.,اتركه فارغاً إذا كان المخزون على مستوى المبنى.
Ledger Accrued Total (SAR),إجمالي استحقاق دفتر الأستاذ (ريال)
Ledger Entries,قيود الدفتر
Ledger Entry,قيد الأستاذ
Ledger Rows,أسطر الدفتر
Ledger Type,نوع الدفتر
Ledger Variance (SAR),انحراف دفتر الأستاذ (ريال)
Ledgered,تم ترحيله للدفتر
Legal,الشؤون القانونية
Legal Case,قضية قانونية
Legal Reference Document,المستند القانوني المرجعي
Legal Review,المراجعة القانونية
Legal Review Completed,اكتملت المراجعة القانونية
Legal Review Date,تاريخ المراجعة القانونية
Legal Review Required,المراجعة القانونية مطلوبة
Legal Reviewed By,روجِع قانونيًا بواسطة
Levy Basis,أساس الرسم
License & Compliance,الرخصة والامتثال
License Alert Lead Days,أيام تنبيه انتهاء الرخصة
License Expired,انتهاء صلاحية الرخصة
License Expiring Warn Days,أيام التنبيه لقرب انتهاء الرخصة
License Expiry,انتهاء الرخصة
License Expiry Lead Days,أيام التنبيه قبل انتهاء الرخصة
License Identity,هوية الرخصة
License Number,رقم الرخصة
License Type,نوع الرخصة
License renewed.,تم تجديد الرخصة.
License/Certificate Number,رقم الرخصة/الشهادة
Licenses Expiring Soon,الرخص التي ستنتهي قريباً
Lifecycle,دورة الحياة
"Lifecycle of a camera-footage access grant, from a pending request through approval and an active window to expiry or revocation of the access.",دورة حياة تصريح الوصول إلى تسجيلات الكاميرا، من طلب قيد الانتظار مرورًا بالاعتماد ونافذة نشطة حتى انتهاء الصلاحية أو إلغاء الوصول.
"Lifecycle of the asset delivery; Pending Exits marks a delivery waiting on outstanding item exits before it can be released, then delivered to the destination or cancelled.",دورة حياة تسليم الأصل؛ تشير «بانتظار خروج الأصناف» إلى تسليم ينتظر خروج أصناف قائمة قبل إمكان الإفراج عنه، ثم مُسلَّم إلى الوجهة أو ملغى.
"Lifecycle of the cost recovery case, tracking acknowledgement, approval, and whether the amount was recovered, waived, rejected, or cancelled.",دورة حياة حالة استرداد التكلفة، تتابع الإقرار والاعتماد وما إذا استُرد المبلغ أو أُعفي منه أو رُفض أو أُلغي.
"Lifecycle stage of the material transfer between locations, from an unsent draft to goods in transit, confirmed receipt at destination, or a cancelled transfer.",مرحلة دورة حياة تحويل المواد بين المواقع، من مسودة غير مرسلة إلى بضاعة قيد النقل، أو استلام مؤكد في الوجهة، أو تحويل ملغى.
Lifecycle state (driven by the Logistay payroll Workflow). Released = WPS handed to the bank.,حالة دورة الحياة (يحرّكها سير عمل رواتب Logistay). «مُصدَّر» يعني تسليم ملف WPS إلى البنك.
Lifecycle state (integrator-seeded Workflow rides this field).,حالة دورة الحياة (سير العمل المزروع من المُكامِل يعتمد على هذا الحقل).
Lifecycle state. Only draft / pending-approval cards may be edited; activating a version supersedes the prior one. An active or superseded card is immutable.,حالة دورة الحياة. لا يجوز تعديل سوى البطاقات في حالة مسودة أو بانتظار الاعتماد؛ وتفعيل إصدار يُلغي سابقه. أما البطاقة النشطة أو المُلغاة فغير قابلة للتغيير.
Lightweight Habitat-owned catalog of maintenance materials. Not linked to ERPNext Stock/Item unless explicitly mapped.,فهرس مبسّط لمواد الصيانة تابع لهابيتات. غير مرتبط بمخزون/أصناف ERPNext ما لم يُربط صراحةً.
Line Count,عدد البنود
Line amount (= day rate x billed days; computed at runtime; no VAT here).,مبلغ البند (= معدل اليوم × الأيام المفوترة؛ يُحسب وقت التشغيل؛ دون ضريبة قيمة مضافة هنا).
Link after registration,الربط بعد التسجيل
Link sent to {0},تم إرسال الرابط إلى {0}
Linked,مرتبط
Linked Accommodation Assignment already has a check-out date: {0},إسناد السكن المرتبط لديه بالفعل تاريخ مغادرة: {0}
Linked Accommodation Assignment must be submitted.,يجب اعتماد التسكين المرتبط.
"Linked ERPNext Supplier for the rental office, where applicable.",المورّد المرتبط في ERPNext لمكتب التأجير، عند الانطباق.
Linked Employee,الموظّف المرتبط
Linked Facility Asset,الأصل المرتبط
Linked Maintenance,طلب الصيانة المرتبط
Linked Maintenance Request,طلب الصيانة المرتبط
Linked Maintenance Request Item,بند طلب الصيانة المرتبط
Linked On,تاريخ الربط
Linked Payment Entry,قيد الدفع المرتبط
Linked Safety Inspection Report,تقرير فحص السلامة المرتبط
Linked to Employee {0} (passport match); housing/custody re-pointed and cost back-dated.,مرتبط بالموظف {0} (تطابق جواز السفر)؛ تمت إعادة توجيه الإسكان/العهدة ورجوع التكلفة بأثر رجعي.
Litres,اللترات
Litres cannot be negative.,لا يمكن أن تكون اللترات سالبة.
Live Driver Position,موقع السائق المباشر
Live View + Playback,بث مباشر + إعادة تشغيل
Live View Only,بث مباشر فقط
"Live fleet glance: vehicles by status, today's trips, driver availability and open transport requests.",نظرة حية على الأسطول: المركبات حسب الحالة ورحلات اليوم وتوفّر السائقين وطلبات النقل المفتوحة.
"Live recording state of the building surveillance recorder, used to flag housing whose cameras are offline, not recording, or never installed for compliance follow-up.",حالة التسجيل الحيّة لمسجّل المراقبة في المبنى، تُستخدم للإشارة إلى السكن الذي تكون كاميراته غير متصلة أو غير مسجّلة أو غير مركّبة أصلًا لأغراض متابعة الامتثال.
Load Checklist Template,تحميل قالب قائمة الفحص
Load Material Template,تحميل قالب المواد
Loading actions…,جارٍ تحميل الإجراءات…
Loading board…,جارٍ تحميل اللوحة…
Loading buildings…,جاري تحميل المباني…
Loading checklist...,جارٍ تحميل قائمة الفحص...
Loading map…,جارٍ تحميل الخريطة…
Loading…,جارٍ التحميل…
Loan Balance Offset,مقاصّة رصيد القرض
Locale,الإعدادات المحلية
Location,الموقع
Location & Custody,الموقع والعهدة
Location Reference,مرجع الموقع
Location Token,رمز الموقع
Locations,المواقع
Log,سجل
Log Count,عدد السجلات
Log Date,تاريخ السجل
Log Inspection,تسجيل تفتيش
Log Inspection — {0},تسجيل فحص — {0}
Log an accident or theft against a vehicle.,سجّل حادثاً أو سرقة على مركبة.
Logged At,وقت التسجيل
Logged to Asset Maintenance History,مُسجَّل في سجل صيانة الأصل
Logging inspection…,جارٍ تسجيل التفتيش…
Logistay,لوجيستاي
Logistay Invoice,فاتورة Logistay
Logistay Invoice Settings,إعدادات فواتير Logistay
Logistics Cleared,تم إخلاء اللوجستيات
Logs,السجلات
Lost,مفقود
Low,منخفضة
MOL Worker Housing Approval,اعتماد سكن العمالة من وزارة الموارد البشرية
Maintained by movement processing.,يُحدَّث بواسطة معالجة الحركة.
Maintenance,صيانة
Maintenance Aging,تقادم طلبات الصيانة
Maintenance Cost Ledger,سجل تكاليف الصيانة
Maintenance Cost Ledger rows are immutable and cannot be edited.,صفوف سجل تكاليف الصيانة غير قابلة للتغيير ولا يمكن تعديلها.
Maintenance Count,عدد مرات الصيانة
Maintenance Daily Flow,سير العمل اليومي للصيانة
Maintenance Dispatch,إرسال للصيانة
Maintenance Findings,ملاحظات الصيانة
Maintenance Flow,مسار الصيانة
Maintenance Inspection Report,تقرير فحص الصيانة
Maintenance Material,مادة الصيانة
Maintenance Material Template,قالب مواد الصيانة
Maintenance Material Template Item,عنصر قالب مواد الصيانة
Maintenance Overdue,صيانة متأخرة
Maintenance Procurement Item,بند مشتريات الصيانة
Maintenance Reflection,انعكاس الصيانة
Maintenance Reports,تقارير الصيانة
Maintenance Request,طلب صيانة
Maintenance Requests by Priority,طلبات الصيانة حسب الأولوية
Maintenance Requests by Status,طلبات الصيانة حسب الحالة
Maintenance Technician,فني الصيانة
Maintenance Work Order,أمر عمل صيانة
Maintenance Work Orders Completed,أوامر عمل الصيانة المكتملة
Maintenance Work Orders In Progress,أوامر عمل الصيانة قيد التنفيذ
Maintenance Work Orders by Status,أوامر عمل الصيانة حسب الحالة
Maintenance cost ledger. Maintained automatically by the system when a Maintenance Work Order is completed and not edited manually. One immutable row per procurement item.,سجل تكاليف الصيانة. يُحدَّث تلقائياً بواسطة النظام عند اكتمال أمر عمل صيانة، ولا يُحرَّر يدوياً. صف واحد غير قابل للتغيير لكل بند مشتريات.
Maintenance is set up. Raise requests and close work orders from your daily page.,تم إعداد الصيانة. أنشئ الطلبات وأغلق أوامر العمل من صفحتك اليومية.
Maintenance: {0},الصيانة: {0}
Maker: who captured the worker's consent. Must differ from the verifier.,الصانع: من التقط موافقة العامل. يجب أن يختلف عن المدقّق.
Manual,يدوي
Manual Entry,إدخال يدوي
Map Name,اسم الخريطة
Mapping Field Row,صف حقل الربط
Mapping Profile,ملف التعيين
Mapping Required Field,الحقل المطلوب للربط
Mapping rows applied in order. Each: target field = static value (when Static) else the value of the source field on the request.,تُطبّق صفوف التعيين بالترتيب. كل صف: الحقل المستهدف = قيمة ثابتة (عند خيار ثابت) وإلا قيمة الحقل المصدر في الطلب.
"Maps each source column / cell / region onto a canonical Timesheet Line field, with an optional transform.",يعيّن كل عمود/خلية/منطقة مصدر إلى حقل معياري في سطر الدوام، مع تحويل اختياري.
March,مارس
Mark Completed,تحديد كمكتمل
Mark Missed,تحديد كـ فائت
Mark Ready,تعليم كجاهزة
Mark Received,تأكيد الاستلام
Mark Triaged,وضع علامة تم الفرز
Mark as Completed,وسم كمكتمل
Mark this Service Order as In Progress?,هل تريد تحديد حالة أمر الخدمة هذا كـ 'قيد التنفيذ'؟
Mark this Service Order as Missed? This indicates the scheduled work was not completed on time.,هل تريد تحديد حالة أمر الخدمة هذا كـ 'فائت'؟ يشير ذلك إلى عدم اكتمال العمل المجدول في الوقت المحدد.
Mark this Task Instance as Completed?,تحديد هذه المهمة كمكتملة؟
Mark this Task Instance as In Progress?,هل تريد تحديد حالة تنفيذ المهمة هذا كـ 'قيد التنفيذ'؟
Mark this Work Order as Completed? This will post an operational ledger row.,وسم أمر العمل هذا كمكتمل؟ سيُرحّل ذلك سطراً في السجل التشغيلي.
Mark this Work Order as In Progress?,هل تريد تحديد حالة أمر العمل هذا كـ 'قيد التنفيذ'؟
Marked Completed via controlled method.,تم الوسم كمكتمل عبر الطريقة المعتمدة.
Marked Missed — work was not completed by the scheduled date.,مُصنَّف كفائت — لم يكتمل العمل في الموعد المحدد.
Marking Completed...,جارٍ الوسم كمكتمل...
Masar,مسار
Masar Go-Live,إطلاق تشغيل مسار
Masar Worker,عامل مسار
Masar Worker Token,رمز عامل مسار
Masar is live. Use the Worker Route portal to manage transport requests and dispatch trips.,تم تشغيل مسار. استخدم بوابة مسار العامل لإدارة طلبات النقل وتشغيل الرحلات.
Master Data,البيانات الأساسية
Master Switch,المفتاح الرئيسي
"Master agreement with an external subcontractor (pest control, sewage suction, deep cleaning, generator service, fire equipment service).",اتفاقية رئيسية مع مقاول باطن خارجي (مكافحة آفات، شفط مجاري، تنظيف عميق، خدمة مولدات، خدمة معدات الحريق).
Master categories for issuable custody articles.,فئات أساسية لأصناف العهدة القابلة للصرف.
Master switch indicating that an external frontend is integrated with this backend. This is a documentation/coordination flag; it does not start or stop the API.,مفتاح رئيسي يشير إلى تكامل واجهة أمامية خارجية مع هذا الخادم الخلفي. وهو مؤشر توثيقي/تنسيقي فقط؛ لا يشغّل الواجهة البرمجية ولا يوقفها.
Master switch to enable approval routing across Salis transactions.,المفتاح الرئيسي لتفعيل توجيه الموافقات عبر معاملات سلس.
"Master switch. When OFF, no ZATCA stamping is attempted and inv_zatca_* stay blank.",المفتاح الرئيسي. عند الإيقاف، لا يُجرى أي ختم ZATCA وتبقى حقول inv_zatca_* فارغة.
Master: recurring task template that drives automatic Scheduled Task Instance generation.,رئيسي: قالب مهمة متكرر يقود الإنشاء الآلي لسجلات تنفيذ المهام المجدولة.
"Master: useful life and write-down schedule for custody article categories. Operational only, no GL.",رئيسي: العمر الإنتاجي وجدول التخفيض لفئات أصناف العهدة. تشغيلي فقط، دون دفتر أستاذ عام.
Match Rule,قاعدة المطابقة
Matched Count,عدد المطابقات
Material,المادة
Material Details,تفاصيل المادة
Material Name,اسم المادة
Material Transfer {0} moved stock from {1} (cost center {2}) to {3} (cost center {4}). This is a memo only — no GL Entry was posted. Please record the cross-charge if required.,نقل المواد {0} حرّك المخزون من {1} (مركز التكلفة {2}) إلى {3} (مركز التكلفة {4}). هذا قيد مذكرة فقط — لم يُرحّل أي قيد دفتر أستاذ عام. يُرجى تسجيل التحميل المتبادل عند الحاجة.
Materials required for the repair.,المواد المطلوبة للإصلاح.
Max % of Salary,الحد الأقصى % من الراتب
Max Occupancy %,أعلى نسبة إشغال
Maximum 'please wait' requests a worker may send the driver per trip. A blank or zero value falls back to the built-in default.,"الحد الأقصى لطلبات ""يرجى الانتظار"" التي يمكن للعامل إرسالها إلى السائق في كل رحلة. القيمة الفارغة أو الصفرية تعود إلى الافتراضي المدمج."
Maximum 'remaining passengers' notifications the driver may send a worker before that worker can be marked Absent at departure; blank or zero uses the default.,الحد الأقصى لإشعارات ‹الركاب المتبقون› التي يجوز للسائق إرسالها إلى العامل قبل جواز وسمه غائبًا عند المغادرة؛ وتُستخدم القيمة الافتراضية عند تركه فارغًا أو صفرًا.
Maximum allowed days from the run period cutoff to the client handoff before the handoff-delay exception fires (D7). The number is seeded out-of-repo.,أقصى عدد أيام مسموح به من إغلاق فترة التشغيل حتى التسليم للعميل قبل أن يُطلَق استثناء تأخّر التسليم (D7). ويُزرع الرقم من خارج المستودع.
May,مايو
Median Alert Resolve Days,وسيط أيام حل التنبيه
Medium,متوسطة
Message,الرسالة
Messaging Gateway,بوابة المراسلة
Messaging gateway is not configured yet (Apex Integration Settings).,لم يتم إعداد بوابة المراسلة بعد (إعدادات تكامل أبيكس).
Meter Number,رقم العدّاد
Meter Readings,قراءات العداد
Meter and Sharing,العدّاد والمشاركة
Method,الطريقة
"Method used to spread a shared building cost onto residents or projects: by bed capacity, by actual occupancy, by a manual split, or charged directly without allocation.",الطريقة المستخدمة لتوزيع تكلفة مبنى مشتركة على المقيمين أو المشاريع: حسب سعة الأسرّة، أو حسب الإشغال الفعلي، أو بتقسيم يدوي، أو تحميلها مباشرة دون توزيع.
Middle,وسطي
Migrated From,تم ترحيله من
Min Occupancy %,أدنى نسبة إشغال
Mine,الخاصة بي
Minutes a handover one-time password stays valid before it expires.,عدد الدقائق التي يبقى فيها رمز التحقق للتسليم صالحاً قبل انتهاء صلاحيته.
Minutes after a worker self-claims boarding before it is auto-confirmed (Boarded) when the driver neither confirms nor rejects; blank or zero uses the default.,عدد الدقائق بعد إعلان العامل صعوده ذاتيًا قبل تأكيده تلقائيًا (تم الصعود) عندما لا يؤكده السائق ولا يرفضه؛ وتُستخدم القيمة الافتراضية عند تركه فارغًا أو صفرًا.
Mirrors the building's supervisor so notifications can target the specific facility owner.,يعكس مشرف المبنى لتوجيه الإشعارات إلى مالك المنشأة المحدد.
Missed,فائت
Missed Cleaning,تنظيف مفقود
Missed Cleaning Logs,سجلات التنظيف الفائتة
Missed Cleaning Tasks,مهام النظافة الفائتة
Missed Reason,سبب التغيب
Missed Subcontractor Visits,زيارات مقاول الباطن الفائتة
Missing,مفقود
Missing Dispatch Trip reference.,مرجع رحلة التشغيل مفقود.
Missing Shipments Cash,نقدية الشحنات المفقودة
Mixed,مختلط
Mobile Number,رقم الجوال
Mobile Number (Optional),رقم الجوال (اختياري)
Monday,الاثنين
Monitoring,المراقبة
Monitoring boards and dashboards: live views that refresh automatically.,لوحات المتابعة ولوحات المعلومات: عروض مباشرة تُحدَّث تلقائيًا.
Monitoring list: open items to watch and action.,قائمة المراقبة: عناصر مفتوحة للمتابعة واتخاذ الإجراء.
Month,الشهر
Monthly,شهري
Monthly Amount (SAR),المبلغ الشهري (ريال)
Monthly Cost per Bed Capacity (SAR),تكلفة السرير الشهرية للسعة (ريال)
Monthly Litres,اللترات الشهرية
Monthly Package,الباقة الشهرية
Monthly Rent,الإيجار الشهري
Monthly Retainer (SAR),المبلغ الشهري الثابت (ريال)
Monthly Salary (SAR),الراتب الشهري (ريال)
Monthly Salary must be greater than zero.,يجب أن يكون الراتب الشهري أكبر من صفر.
Monthly fuel quota allocated to a vehicle/driver on a project. Tracks allocated vs consumed litres.,حصة وقود شهرية مخصّصة لمركبة/سائق في مشروع. تتتبّع اللترات المخصّصة مقابل المستهلكة.
Monthly litres must be greater than zero.,يجب أن تكون اللترات الشهرية أكبر من صفر.
Morning,صباحي
Move to {0},النقل إلى {0}
Move {0} from {1} to {2}?,نقل {0} من {1} إلى {2}؟
Moved By,نقله
Moved By (Employee),نُقل بواسطة (الموظف)
Movement,حركة
Movement Audit,تدقيق الحركة
Movement Category,تصنيف الحركة
Movement Context,سياق الحركة
Movement Cost Recovery,استرداد تكلفة حركة
Movement Cost Recovery Register,سجل استرداد تكاليف الحركة
Movement Cost Recovery amounts at or above this value (SAR) require Operations-tier authority; lower amounts require at least Regional-tier.,مبالغ استرداد تكلفة الحركة التي تبلغ هذه القيمة (ريال) أو تتجاوزها تتطلب صلاحية مستوى العمليات؛ وما دونها يتطلب المستوى الإقليمي على الأقل.
Movement Cost Summary,ملخص تكاليف الحركة
Movement Cost Transfer,تحويل تكلفة حركة
Movement Date,تاريخ الحركة
Movement Operations Dashboard,لوحة معلومات عمليات الحركة
Movement Reason,سبب الحركة
Movement Type,نوع الحركة
"Movement planner who fulfilled the request, set on submit (Movement fulfils the request).",مخطّط الحركة الذي نفّذ الطلب، يُضبط عند الاعتماد (الحركة تنفّذ الطلب).
Must be Admin Manager,يجب أن يكون مدير الشؤون الإدارية
Must be checked before the assignment can be submitted.,يجب تحديده قبل أن يتمكّن من اعتماد التسكين.
My Custody Acknowledgment,إقرار استلام عهدتي
My Name (Optional),اسمي (اختياري)
My Open Submissions,مُقدَّماتي المفتوحة
My Work,مهامي
My Work Center,مركز عملي
N/A,لا ينطبق
NOT_EMPLOYED,غير موظّف
Naming Checked,تم تدقيق التسمية
Naming Gate,بوابة التسمية
Naming Matched,التسمية مطابقة
Naming Mismatch Held,محجوز لعدم تطابق التسمية
Naming Series,سلسلة الترقيم
Naming Status,حالة التسمية
National ID,رقم الهوية الوطنية
National ID / Iqama,الهوية الوطنية / الإقامة
National ID or Iqama number. PII — readable only by privileged roles (permlevel 1). Set once at creation; a DB-level unique index blocks duplicates.,رقم الهوية الوطنية أو الإقامة. بيانات شخصية — لا يقرؤها إلا أصحاب الصلاحيات المميزة (مستوى الصلاحية 1). يُحدد مرة واحدة عند الإنشاء؛ ويمنع فهرس فريد على مستوى قاعدة البيانات التكرار.
National id / Iqama reference. PII: readable only at permlevel 1.,مرجع الهوية الوطنية / الإقامة. بيانات شخصية: تُقرأ فقط عند مستوى الصلاحية الأول.
Nationality,الجنسية
"Nature of the fuel anomaly under investigation, from over-consumption and GPS mismatches to duplicate claims, suspected fraud, or quota disputes, driving the investigation path.",طبيعة شذوذ الوقود قيد التحقيق، من فرط الاستهلاك وعدم تطابق بيانات GPS إلى المطالبات المكررة أو الاشتباه بالاحتيال أو نزاعات الحصص، تحرّك مسار التحقيق.
Navigate,التنقل
Need Help? Scan to Report,تحتاج مساعدة؟ امسح للإبلاغ
Needs Attention,بحاجة إلى انتباه
Needs Cleaning,يحتاج تنظيفاً
Needs Improvement,يحتاج تحسيناً
Needs Maintenance,يحتاج صيانة
Needs Operations Authority,يتطلب صلاحية العمليات
Needs Operations Authorization,يتطلب تفويض العمليات
Needs Repair,يحتاج إصلاحاً
Net Negative,صافٍ سالب
Netted,مُصافى
Network Switch,مقسم الشبكة (السويتش)
New,جديد
New Assignment,تخصيص جديد
New Expiry Date,تاريخ الانتهاء الجديد
New Hire,موظف جديد
New On-Site Code,رمز جديد في الموقع
New One-Time Password,رمز تحقق جديد لمرة واحدة
New Salis Driver,سائق ساليس جديد
New driver,السائق الجديد
Next Expiry Date,تاريخ الانتهاء القادم
Next: Approve,التالي: الاعتماد
Next: Beds,التالي: الأسرّة
Next: Room Types,التالي: أنواع الغرف
Night,ليلي
No,لا
No Active Assignment,بلا إسناد سكنٍ نشط
No Client Name Registry for this client; issuance held (fail-closed).,لا يوجد سجل أسماء عملاء لهذا العميل؛ الإصدار محجوز (فشل آمن).
No Deductions Explicitly Stated,لم يُصرَّح بأي خصومات
No Project,لا يوجد مشروع
No Salis Driver is linked to your account.,لا يوجد سائق سلس مرتبط بحسابك.
No actions available.,لا توجد إجراءات متاحة.
No active Safety Task Catalog entries found. Run the app setup first.,لم يُعثر على إدخالات نشطة في دليل مهام السلامة. يرجى تشغيل إعداد التطبيق أولاً.
No active accommodation assignment when raised — needs housing triage.,لا إسناد سكنٍ نشط عند الرفع — يحتاج فرزًا سكنيًّا.
No active assignment found for bed {0}.,لا يوجد إسناد نشط للسرير {0}.
"No active buildings are in your scope. Ask an Accommodation Manager to grant you a building permission, then reopen this report.",لا توجد مبانٍ نشطة ضمن نطاقك. اطلب من مدير الإسكان منحك صلاحية على أحد المباني، ثم أعد فتح هذا التقرير.
No active buildings exist yet.,لا توجد مبانٍ نشطة بعد.
No active template found for issue type: {0},لا يوجد قالب نشط لنوع البلاغ: {0}
No alerts match the current filters.,لا توجد تنبيهات مطابقة للمرشحات الحالية.
No articles found.,لا توجد أصناف.
No available drivers.,لا يوجد سائقون متاحون.
No beds found for this building.,لا توجد أسرّة لهذا المبنى.
No buildings to show.,لا توجد مبانٍ لعرضها.
No category,بلا فئة
No count lines to submit.,لا توجد سطور جرد لإرسالها.
No drivers assigned today.,لا يوجد سائقون مسندون اليوم.
No floor plan defined. Add floor rows before generating.,لم يُحدَّد مخطط طوابق. أضف صفوف الطوابق قبل التوليد.
No image was captured.,لم يتم التقاط أي صورة.
No issues recorded.,لا ملاحظات مسجّلة.
No open safety or maintenance signals for this building.,لا توجد إشارات سلامة أو صيانة مفتوحة لهذا المبنى.
No open transport requests.,لا توجد طلبات نقل مفتوحة.
No pending fuel requests for this project.,لا توجد طلبات وقود معلّقة لهذا المشروع.
No pending fuel requests. The queue is clear.,لا توجد طلبات وقود معلّقة. القائمة خالية.
No photo on file,لا توجد صورة
No project yet,لا يوجد مشروع بعد
No registered workers match. Register a new arrival below.,لا يوجد عمال مسجّلون مطابقون. سجّل وصولاً جديداً أدناه.
No result lines to submit.,لا سطور نتائج لاعتمادها.
No rooms found for this building.,لا توجد غرف لهذا المبنى.
No salary-component routing is configured for deduction component {0}.,لا يوجد توجيهُ مكوّن راتبٍ مُهيَّأ لمكوّن الخصم {0}.
No task executions recorded for this round.,لا توجد مهام منفذة مسجلة لهذه الجولة.
No trips scheduled for today.,لا توجد رحلات مجدولة لليوم.
No vehicle is assigned to you. Ask your supervisor to assign one before requesting fuel.,لا توجد مركبة مسندة إليك. اطلب من مشرفك إسناد مركبة قبل طلب الوقود.
No vehicles in scope.,لا توجد مركبات ضمن النطاق.
No vehicles match the current filters.,لا مركبات تطابق المرشّحات الحالية.
No worker matched.,لا يوجد عامل مطابق.
No worker matches {0}.,لا يوجد عامل مطابق لـ {0}.
No worker or article matched: {0},لا يوجد عامل أو عهدة مطابقة: {0}
None.,لا شيء.
"Normalized plate (spaces removed, uppercased). Set automatically.",لوحة منسَّقة (دون مسافات وبأحرف كبيرة). تُضبط تلقائياً.
Not Cleaned,لم يُنظَّف
Not Done,غير منجز
Not Found,غير موجود
Not Installed,غير مثبت
Not Recording,لا يسجل
Not Tracked,غير متتبَّع
Not permitted,غير مسموح
Note,ملاحظة
Notes,ملاحظات
Notes & Evidence,الملاحظات والأدلة
Notes & Image,الملاحظات والصورة
Nothing on your work center right now.,لا شيء في مركز عملك حاليًّا.
Notification,إشعار
Notifications,الإشعارات
Notify Count,عدد الإشعارات
Notify Finance on Liability Transfer,إشعار المالية عند نقل الالتزام
November,نوفمبر
Now tap an available bed to transfer the resident.,الآن انقر على سرير متاح لنقل المقيم.
Number of Passengers,عدد الركاب
"Number of SAMPLE / REVISED-SAMPLE rounds. Each round is an Audit Event, not a separate log; a round never consumes a SINV / ZATCA number.",عدد جولات النموذج أو النموذج المُنقَّح. كل جولة حدث تدقيق وليست سجلاً منفصلاً؛ ولا تستهلك أي جولة رقم فاتورة مبيعات أو ZATCA.
Number of completed maintenance work orders reflected onto this item.,عدد أوامر عمل الصيانة المكتملة المنعكسة على هذا الصنف.
Number of days a Fuel Request may stay Pending before it is flagged as overdue.,عدد الأيام التي يبقى فيها طلب الوقود قيد الانتظار قبل وسمه كمتأخر.
Number of days before an expiry or due date to start raising alerts.,عدد الأيام قبل تاريخ الانتهاء أو الاستحقاق لبدء إطلاق التنبيهات.
Number of days the resident has been idle. Accrued by the v0.8.6 aging job; not set manually.,عدد الأيام التي ظل فيها الساكن غير مشغّل. تتراكم عبر مهمة احتساب الأعمار في الإصدار v0.8.6؛ ولا تُضبط يدوياً.
Number of days without a dispatch trip before an Active vehicle is flagged as idle.,عدد الأيام دون رحلة تسيير قبل وسم المركبة النشطة بأنها خاملة.
Number of times this asset has been moved between buildings.,عدد مرّات نقل هذا الأصل بين المباني.
Number of workers on the manifest. Computed from the Expected Workers rows on save — read-only by design.,عدد العمال في البيان. يُحتسب من صفوف العمال المتوقعين عند الحفظ — للقراءة فقط بحكم التصميم.
OCR engine not available — enter the details manually.,محرك التعرّف الضوئي غير متاح — أدخل التفاصيل يدوياً.
OFF,إيقاف
OK,سليم
OT,عمل إضافي
OT Hours,ساعات العمل الإضافي
OTP Attempts,محاولات رمز التحقق
OTP Expires At,انتهاء صلاحية رمز التحقق
OTP Hash,بصمة رمز التحقق
OTP Locked Until,قفل رمز التحقق حتى
OTP Verified On,تاريخ التحقق من الرمز
Occupancy,الإشغال
Occupancy %,نسبة الإشغال (%)
Occupancy % Trend,اتجاه نسبة الإشغال
Occupancy Percent Trend,اتجاه نسبة الإشغال
Occupancy Snapshot,لقطة إشغال السكن
Occupancy Status,حالة الإشغال
Occupancy Trend,اتجاه الإشغال
Occupied,مشغول
Occupied Beds,الأسرة المشغولة
October,أكتوبر
Odometer,عداد المسافة
Odometer End,عداد المسافة (النهاية)
Odometer Reading,قراءة عداد المسافة
Odometer Start,عداد المسافة (البداية)
Odometer cannot be negative.,لا يمكن أن تكون قراءة عداد المسافة سالبة.
Odometer end ({0}) cannot be less than odometer start ({1}).,قراءة العدّاد النهائيّة ({0}) لا يمكن أن تقلّ عن القراءة الابتدائيّة ({1}).
Odometer reading {0} cannot be lower than the vehicle's current {1}.,قراءة عداد المسافة {0} لا يمكن أن تكون أقل من القراءة الحالية للمركبة {1}.
"Odometer start and end must be set together, or both left empty.",يجب تعيين عداد المسافة للبداية والنهاية معًا، أو ترك كليهما فارغًا.
Office,مكتب
Office Details,تفاصيل المكتب
Office Name,اسم المكتب
Office Name is required.,اسم المكتب مطلوب.
Offline,غير متصل
On Acknowledgment,عند الإقرار
On Entry,عند الدخول
On Leave,في إجازة
On Submit,عند الترحيل
On-Site Code,رمز الموقع
On-Site Receipt,الاستلام في الموقع
On-call Only,عند الطلب فقط
One Time,مرة واحدة
One line per priced component. Each line carries its own day-rate basis (C3) and its seeded money value.,بند لكل مكوّن مُسعَّر. يحمل كل بند أساس معدل يومه (C3) وقيمته المالية المزروعة.
One row per scheduled rent payment on an Accommodation Lease. Status tracks payment state; rent is paid externally (no GL).,صف واحد لكل دفعة إيجار مجدولة على عقد إيجار إسكان. تتتبع الحالة وضع الدفع؛ يُسدد الإيجار خارجيًا (دون دفتر أستاذ).
One-Time Password,رمز التحقق لمرة واحدة
Only Finance can approve or mark a payment as paid. This step cannot be bypassed.,المالية فقط تعتمد أو تؤكّد الدفع. لا يمكن تجاوز هذه الخطوة.
Only Open or In Progress Task Instances can be marked Completed.,لا يمكن إكمال إلا المهام المفتوحة أو قيد التنفيذ.
Only Service Orders with status In Progress can be marked Completed.,لا يمكن وضع علامة «مكتمل» إلا على أوامر الخدمة التي حالتها «قيد التنفيذ».
Only Service Orders with status In Progress can be marked Missed.,لا يمكن تحديد حالة 'فائت' إلا لأوامر الخدمة ذات الحالة 'قيد التنفيذ'.
Only Service Orders with status Scheduled can be marked In Progress.,لا يمكن تحديد حالة 'قيد التنفيذ' إلا لأوامر الخدمة ذات الحالة 'مجدول'.
Only Task Instances with status Open can be marked In Progress.,لا يمكن تحديد حالة 'قيد التنفيذ' إلا لتنفيذات المهام ذات الحالة 'مفتوح'.
Only Without an Idle Report,بدون تقرير خمول فقط
Only Work Orders with status Planned can be marked In Progress.,لا يمكن تحديد حالة 'قيد التنفيذ' إلا لأوامر العمل ذات الحالة 'مخطط'.
Only a Fleet Manager or Fleet Project Manager can {0} a fuel request.,يمكن فقط لمدير الأسطول أو مدير مشروع الأسطول {0} طلب وقود.
Only a handover Under Review can be approved.,لا يمكن اعتماد إلا تسليم قيد المراجعة.
Only a submitted delivery can be actioned.,لا يمكن اتخاذ إجراء إلا على تسليم معتمَد.
Only a submitted handover can be actioned.,لا يمكن اتخاذ إجراء إلا على تسليم مُقدَّم.
Only a submitted route plan can be approved or rejected.,لا يمكن اعتماد أو رفض إلا خطة مسار مُقدَّمة.
Only a submitted transfer can be received.,لا يمكن استلام إلا النقل المعتمد.
Only a {0} may clear this exit.,يحق فقط لـ {0} إخلاء هذا الخروج.
"Only an active band participates in authority resolution. A revision supersedes by activating a new row, never by editing a live band.",لا تشارك في تحديد الصلاحية سوى الشريحة النشطة. وتُلغي المراجعة الشريحة بتفعيل صف جديد، لا بتعديل شريحة سارية.
Only submitted Maintenance Work Orders can be marked Completed.,لا يمكن وسم أوامر عمل الصيانة كمكتملة إلا بعد اعتمادها.
Only submitted Service Orders can be marked Completed.,لا يمكن وضع علامة «مكتمل» إلا على أوامر الخدمة المعتمدة.
Only submitted Service Orders can be marked Missed.,لا يمكن تحديد حالة 'فائت' إلا لأوامر الخدمة المعتمدة.
Only submitted Service Orders can be started.,لا يمكن بدء تنفيذ أوامر الخدمة غير المعتمدة.
Only submitted Task Instances can be marked Completed.,لا يمكن تحديد المهمة كمكتملة إلا بعد اعتمادها.
Only submitted Task Instances can be started.,لا يمكن بدء تنفيذ المهام غير المعتمدة.
Only submitted Work Orders can be started.,لا يمكن بدء تنفيذ أوامر العمل غير المعتمدة.
Only the initiator or an Accommodation Manager may regenerate the code.,يحق فقط للمُبادر أو مدير الإسكان إعادة توليد الرمز.
Only the procurement supervisor or an Accommodation Manager may regenerate the code.,لا يجوز إعادة توليد الرمز إلا لمشرف المشتريات أو مدير السكن.
Only the receiving supervisor or an Accommodation Manager may action this handover.,لا يجوز اتخاذ إجراء على هذا التسليم إلا للمشرف المستلم أو مدير السكن.
Only the receiving supervisor or an Accommodation Manager may confirm receipt.,يحق فقط للمشرف المستلِم أو مدير الإسكان تأكيد الاستلام.
Open,مفتوح
Open Action Inbox,فتح صندوق الإجراءات
Open Alerts by Type,التنبيهات المفتوحة حسب النوع
Open Audit Remediation Plans,خطط معالجة التدقيق المفتوحة
Open Building,فتح المبنى
Open Checkout Form,فتح نموذج تسجيل الخروج
Open Consent Gaps,فجوات الموافقة المفتوحة
Open Cost Recoveries,عمليات استرداد التكلفة المفتوحة
Open Current Driver,فتح السائق الحالي
Open Current Vehicle,فتح المركبة الحالية
Open Custody Issues,طلبات صرف العهد المفتوحة
Open Custody Issues: {0},عُهَد مفتوحة: {0}
Open Custody Kiosk,فتح كشك العهدة
Open Dispatch Board,فتح لوحة التشغيل
Open Driver,فتح السائق
Open Exposure,الانكشاف المفتوح
Open Flags,الأعلام المفتوحة
Open Fleet Control,افتح التحكّم بالأسطول
Open Front Desk,فتح مكتب الاستقبال
Open Fuel Approval Console,فتح وحدة موافقة الوقود
Open Fuel Claim Disputes,نزاعات مطالبات الوقود المفتوحة
Open Fuel Claims,مطالبات الوقود المفتوحة
Open Fuel Exception Cases,حالات استثناء وقود مفتوحة
Open Incidents,البلاغات المفتوحة
Open Maintenance,صيانة مفتوحة
Open Maintenance Requests,طلبات الصيانة المفتوحة
Open Maintenance Work Order,فتح أمر عمل الصيانة
Open Maintenance: {0},صيانة مفتوحة: {0}
Open Movement Cost Recoveries,عمليات استرداد تكلفة حركة مفتوحة
Open Passenger Manifest,فتح كشف الركاب
Open Rental Settlement,فتح تسوية إيجار
Open Resident Requests,طلبات الساكنين المفتوحة
Open Room Setup from a building — no building was provided in the route.,افتح إعداد الغرف من مبنى — لم يُحدَّد مبنى في المسار.
Open Safety Map,فتح خريطة السلامة
Open Subcontractor Service Orders,أوامر خدمة مقاول الباطن المفتوحة
Open Target Document,فتح المستند المستهدف
Open Theft Reports,بلاغات السرقة المفتوحة
Open Transport Requests,طلبات النقل المفتوحة
Open Vehicle,فتح المركبة
Open Vehicle Incidents,بلاغات المركبات المفتوحة
"Open a maintenance ticket, guided step by step through the form.",افتح تذكرة صيانة، بإرشاد خطوة بخطوة عبر النموذج.
Open a work order and record the job on the full form.,افتح أمر عمل وسجّل المهمة في النموذج الكامل.
Open exception / gate flags. Must be 0 before the run may reach posted.,أعلام الاستثناء أو البوابة المفتوحة. يجب أن تكون صفراً قبل أن يصل التشغيل إلى حالة مُرحَّل.
Open the Action Inbox,افتح صندوق الإجراءات
Open the Dispatch Board,افتح لوحة التشغيل
Open the Front Desk,افتح مكتب الاستقبال
Open the Safety Map,افتح خريطة السلامة
Open the custody issue list,فتح قائمة مشكلات العهدة
Open the front desk and place your first resident.,افتح مكتب الاستقبال وأسكِن أول مقيم.
Open the incident record,فتح سجل الحادث
Open the live Fleet Control board to watch and act on every vehicle.,افتح لوحة التحكّم الحيّة لمراقبة كل مركبة والتصرّف عليها.
Open the maintenance request,فتح طلب الصيانة
Open the operations alert list,فتح قائمة تنبيهات العمليات
Open the unified inbox that gathers everything pending your action across modules.,افتح الصندوق الموحد الذي يجمع كل ما ينتظر إجراءك عبر الوحدات.
Open the visual Dispatch Board to plan trips and assign vehicles to requests.,افتح لوحة التشغيل المرئية لتخطيط الرحلات وإسناد المركبات للطلبات.
Open the visual Front Desk board to check residents in and out.,افتح لوحة مكتب الاستقبال المرئية لتسجيل دخول الساكنين ومغادرتهم.
Open your personal worker portal (Masar): {0},افتح بوابتك الشخصية للعامل (مسار): {0}
Operating Card,بطاقة التشغيل
Operating Days This Month,أيام التشغيل هذا الشهر
Operating Days Trend,اتجاه أيام التشغيل
Operational,تشغيلي
Operational Alert Windows,نوافذ التنبيه التشغيلي
Operational Depreciation Aging,أعمار الإهلاك التشغيلي
Operational Depreciation Policy,سياسة الإهلاك التشغيلية
Operational Depreciation Snapshot,لقطة الإهلاك التشغيلي
Operational Markup,هامش تشغيلي
Operational Memo,مذكرة تشغيلية
Operational Notifications,الإشعارات التشغيلية
Operational Status,الحالة التشغيلية
Operational currency for Habitat cost fields. Fetched from Company if left blank.,العملة التشغيلية لحقول التكلفة في Habitat. تُجلب من الشركة إذا تُرك الحقل فارغاً.
"Operational state of the facility asset, distinguishing working units from faulty or in-repair ones and from assets that were replaced, scrapped, or put into storage.",الحالة التشغيلية لأصل المرفق، تميّز الوحدات العاملة عن المعطلة أو تحت الإصلاح وعن الأصول التي استُبدلت أو أُتلفت أو أُودعت في المخزن.
"Operational state of the vehicle, distinguishing an active vehicle from one stopped or under maintenance, or released from the fleet.",الحالة التشغيلية للمركبة، تميّز المركبة النشطة عن الموقوفة أو تحت الصيانة، أو المُنهاة من الأسطول.
Operations,العمليات
Operations Alert,تنبيه تشغيلي
Operations Control,التحكم بالعمليات
Operations Control (Board),مركز العمليات (لوحة متابعة)
Operations Director by default,مدير العمليات افتراضياً
"Operations requester, carried from the linked Transport Request (Operations owns the request).",مقدّم طلب العمليات، منقول من طلب النقل المرتبط (العمليات تملك الطلب).
Ops Contact,جهة اتصال العمليات
Optional ERPNext Supplier FK for the landlord. Used to identify the payee for rent due reminders.,مرجع مورّد ERPNext اختياري للمالك. يُستخدم لتحديد المستفيد في تذكيرات استحقاق الإيجار.
"Optional Habitat pickup — when set, this stop is a worker housing location (Habitat-Salis bridge).",التقاط هابيتات اختياري — عند تحديده، تكون هذه المحطة موقع إسكان عمال (جسر هابيتات-ساليس).
"Optional ad-hoc client cutoff, distinct from any system SLA.",موعد إغلاق اختياري خاص بالعميل، مستقل عن أي اتفاقية مستوى خدمة في النظام.
Optional close date. Leave blank for an open-ended card; superseding sets it on the prior version.,تاريخ إغلاق اختياري. اتركه فارغاً لبطاقة مفتوحة؛ ويضبطه الإلغاء على الإصدار السابق.
Optional future mapping to ERPNext Item/Stock. Leave blank to use Habitat catalog only.,ربط اختياري مستقبلي بصنف/مخزون ERPNext. اتركه فارغاً لاستخدام كتالوج Habitat فقط.
Optional link to a native ERPNext Asset record. Informational cross-reference only; depreciation integration is configured separately.,رابط اختياري بسجل أصل في ERPNext. مرجع معلوماتي فقط؛ ويُهيّأ تكامل الإهلاك بشكل منفصل.
Optional link when this item is a tracked facility fixed asset. Maintenance completed on that asset is reflected back here.,رابط اختياري عندما يكون هذا الصنف أصلًا ثابتًا متعقَّبًا للمرفق. تنعكس الصيانة المكتملة على ذلك الأصل هنا.
Optional logo shown in the portal header in place of the built-in brand mark.,شعار اختياري يظهر في ترويسة البوابة بدلاً من علامة الهوية المدمجة.
Optional photo of the bed/room condition at check-in (handover evidence).,صورة اختيارية لحالة السرير/الغرفة عند الدخول (دليل تسليم).
Optional photo of the bed/room condition at checkout (handover evidence).,صورة اختيارية لحالة السرير/الغرفة عند المغادرة (دليل تسليم).
Optional primary accent colour override. Leave blank to use the theme default.,تجاوز اختياري للون التمييز الأساسي. اتركه فارغًا لاستخدام لون السمة الافتراضي.
Optional sender id / from number the gateway should send as (when the provider requires it). Sent as sender_id in the request body.,معرّف مُرسِل / رقم إرسال اختياري ترسل البوابة باسمه (عندما يتطلّب المزوّد ذلك). يُرسَل بوصفه sender_id في جسم الطلب.
Optional. Leave blank for a client-wide assembly run.,اختياري. اتركه فارغاً لتشغيل تجميع يشمل العميل بأكمله.
"Optional. Leave blank for a client-wide card, or set for a branch-specific one.",اختياري. اتركه فارغاً لبطاقة تشمل العميل بأكمله، أو حدّده لبطاقة خاصة بفرع.
Optional. Leave blank for a client-wide declaration.,اختياري. اتركه فارغاً لإقرار يشمل العميل بأكمله.
Optional. Leave blank for a client-wide intake.,اختياري. اتركه فارغًا لإدخال يشمل العميل بأكمله.
Optional. Leave blank for a client-wide period.,اختياري. اتركه فارغاً لفترة تشمل العميل بالكامل.
Optional. Leave blank for a client-wide profile.,اختياري. اتركه فارغًا لملف يشمل العميل بأكمله.
Optional. Leave blank for a client-wide run.,اختياري. اتركه فارغاً لتشغيل يشمل العميل بأكمله.
Optional. Leave blank to let the engine resolve the profile in force for this client/branch at the period start.,اختياري. اتركه فارغًا ليحدد المحرك الملف المعمول به لهذا العميل/الفرع عند بداية الفترة.
Optional: the specific Facility Asset this inspection covers. On submit its Last Inspected Date is stamped with the Inspection Date.,اختياري: أصل المنشأة المحدد الذي يغطيه هذا الفحص. عند الترحيل يُختم تاريخ آخر فحص له بتاريخ الفحص.
Ordered position of this stop on the trip's route (mirrors the Route Stop sequence).,الترتيب المرتّب لهذه المحطة على مسار الرحلة (يعكس تسلسل محطة المسار).
Origin,المصدر
Origin Building,مبنى الانطلاق
Original Cost,التكلفة الأصلية
Original Cost (SAR),التكلفة الأصلية (ريال)
Other,أخرى
Out of Service,خارج الخدمة
Out of service,خارج الخدمة
Outcome,النتيجة
Outcome of validating the scanned pass token.,نتيجة التحقق من رمز التصريح الممسوح.
Outstanding,مستحق
Outstanding Fuel Exceptions,حالات استثناء وقود معلّقة
Outstanding Qty,الكمية المتبقية
Outstanding Recoveries,عمليات استرداد معلّقة
Outstanding Value,القيمة المستحقة
Over Threshold,تجاوز الحد
Over-Capacity Alert Threshold (%),حد تنبيه تجاوز الطاقة الاستيعابية (%)
Over-Consumption,استهلاك زائد
Over-capacity,تجاوز السعة
Overall Result,النتيجة الإجمالية
Overall Status,الحالة العامة
Overdue,متأخر
Overdue Arrivals Awaiting Housing,الوافدون المتأخرون بانتظار الإسكان
Overdue Audit Remediation Plans,خطط معالجة التدقيق المتأخرة
Overdue Checkouts,مغادرات متأخرة
Overdue Rental Settlements,تسويات الإيجار المتأخرة
Overdue Returns,المرتجعات المتأخرة
Overdue Safety Tasks,مهام السلامة المتأخرة
Overdue Scheduled Tasks,المهام المجدولة المتأخرة
Overdue Temporary Topups,التعبئات المؤقتة المتأخرة
Overhead Absorption,تحميل المصاريف غير المباشرة
Overtime Hours,ساعات العمل الإضافي
Overview,نظرة عامة
Owned,مملوكة
Owner Acknowledged,إقرار المالك
Owner Role,صلاحية المالك
Owner User,المستخدم المالك
Owner acknowledgement is required to submit a fuel chip cancellation.,إقرار المالك مطلوب لاعتماد إلغاء شريحة الوقود.
Ownership,الملكية
Ownership At Stop,الملكية عند الإيقاف
Ownership and Status,الملكية والحالة
"Owning company, carried for reporting grouping. System-written; reference only, posts no GL.",الشركة المالكة، منقولة لأغراض تجميع التقارير. يكتبها النظام؛ للمرجع فقط، ولا تُرحّل أي قيد في دفتر الأستاذ العام.
Owning company; defaulted from Salis Settings. Reference only — posts no GL.,الشركة المالكة؛ تُؤخذ افتراضيًا من إعدادات ساليس. للمرجعية فقط — لا تُنشئ قيدًا محاسبيًا.
P-190 Deduction Candidate this deduction realizes (performance source).,الخصم المرشّح P-190 الذي يحقّقه هذا الخصم (مصدر الأداء).
P-190 Payable Line that is the GROSS provenance for this slip; never hand-keyed.,بند المستحقات P-190 الذي هو مصدر الإجمالي لهذا الإيصال؛ ولا يُدخَل يدوياً أبداً.
"P-190 performance candidate this consent covers, when applicable.",مرشّح الأداء P-190 الذي تغطيه هذه الموافقة، عند الاقتضاء.
P256DH Key,مفتاح P256DH
POD,إثبات التسليم
PRESENT,حاضر
Paid,مدفوع
Parent Maintenance Material,مادة الصيانة الأصل
Parser Kind,نوع المحلّل
Partial / Attention: {0},جزئي / انتباه: {0}
Partial Reason,سبب الجزئية
Partially Occupied,مشغول جزئياً
Partially Occupied Rooms,الغرف المشغولة جزئياً
Partially Returned,مُرجَع جزئياً
Parties,الأطراف
Party,الطرف
Party Type,نوع الطرف
Pass,مجتاز
Pass Exit 1 — Security,اجتياز الخروج الأول — الأمن
Pass Exit 2 — Logistics,اجتياز الخروج الثاني — اللوجستيات
Pass Exit 3 — Receiving,اجتياز الخروج الثالث — الاستلام
Pass Token Hash,بصمة رمز التصريح
Pass with Observations,اجتياز مع وجود ملاحظات
Passenger Count,عدد الركاب
Passenger Count Operations Threshold,حد عمليات عدد الركاب
Passenger Manifest,كشف الركاب
Passenger Manifest Item,راكب الكشف
Passenger Manifests Today,كشوف الركاب اليوم
Passenger Name,اسم الراكب
Passenger counts above this number require Operations-tier authority.,أعداد الركاب التي تتجاوز هذا الرقم تتطلب صلاحية مستوى العمليات.
"Passenger seats. When set (non-zero), the trip assignment capacity guard caps the assigned requests' workers at this number.",مقاعد الركاب. عند تعيينها (بقيمة غير صفرية) يحدّ ضابط سعة الإسناد عدد عمال الطلبات المُسندة عند هذا الرقم.
Passengers,الركاب
Passport,جواز السفر
Passport Number,رقم الجواز
Passport is the only durable identifier until the Iqama issues. It cannot be changed once saved.,جواز السفر هو المعرّف الدائم الوحيد حتى تصدر الإقامة. لا يمكن تغييره بعد الحفظ.
Passport {0},جواز السفر {0}
Pay period date the deduction is intended to post against.,تاريخ فترة الدفع المقصود ترحيل الخصم عليها.
Payable Days,الأيام المستحقة الدفع
Payable Line,بند المستحقات
Payable days for the worker this period.,الأيام المستحقة للعامل هذه الفترة.
Payload,الحمولة
Payload (JSON),الحمولة (JSON)
Payload must be valid JSON.,يجب أن تكون الحمولة بصيغة JSON صحيحة.
Payment,دفعة
Payment Entry,قيد الدفع
Payment Request,طلب دفع
Payment Request {0} raised for {1} SAR.,تم رفع طلب الدفع {0} بمبلغ {1} ريال.
Payment Routing Field Map,تعيين حقول توجيه الدفع
Payment Routing Settings,إعدادات توجيه الدفع
Payment Schedule,جدول الدفع
"Payment method saved. To enable salary deductions, set the authorizer and salary components on the Salary Deduction Policy first, then turn the rules on there.",حُفظت طريقة الدفع. لتفعيل حسوم الراتب، حدد المُفوِّض ومكونات الراتب في سياسة حسم الراتب أولًا، ثم فعّل القواعد هناك.
Payment schedule can only be regenerated on a Draft lease.,لا يمكن إعادة توليد جدول الدفع إلا على عقد إيجار في مرحلة المسودة.
Payment schedule will be generated automatically on first save.,سيتم توليد جدول الدفعات آلياً عند الحفظ الأول.
Payment {0} created.,أُنشئت الدفعة {0}.
Payroll Date,تاريخ مسير الرواتب
Payroll Deduction Category,فئة خصم الرواتب
Payroll Link,رابط مسير الرواتب
Payroll Run,تشغيل الرواتب
Penalties,الغرامات
Penalty Adjustment,تعديل الغرامة
Penalty Parameter Reference,مرجع معامل الغرامة
Pending,قيد الانتظار
Pending Accommodation Checkouts,مغادرات السكن المعلقة
Pending Approval,بانتظار الاعتماد
Pending Approvals,الموافقات المعلقة
Pending Exits,بانتظار نقاط الخروج
Pending Finance,بانتظار المالية
Pending Fuel Requests,طلبات الوقود المعلقة
Pending My Action,بانتظار اتخاذ إجرائي
Pending Receipt,بانتظار الاستلام
Pending Transport Requests,طلبات نقل معلّقة
Pending Utility Bills,فواتير الخدمات المعلّقة
Pending Vehicle Write-Offs,شطب المركبات المعلّق
Pending on manifest,المتبقّون في كشف الوصول
Pending rows are picked up by the daily ingestion job. Processed / Failed / Skipped rows are never re-ingested.,تلتقط مهمة الإدخال اليومية السطور المعلّقة. أما السطور المعالَجة/الفاشلة/المتخطّاة فلا يُعاد إدخالها.
Per Pay Period,لكل فترة دفع
Per-day canonical status codes for this cycle (1..31).,رموز الحالة المعيارية لكل يوم في هذه الدورة (1..31).
"Per-manifest-worker boarding/departure state, populated from the manifest when the trip starts (first scan/self-confirm). System-maintained by the boarding flow.",حالة الصعود/المغادرة لكل عامل في القائمة، تُعبأ من قائمة الركاب عند بدء الرحلة (أول مسح/تأكيد ذاتي). يديرها النظام عبر تدفق الصعود.
Per-stop completion the driver marks as the trip runs; persisted so it survives a reload.,إنجاز كل محطة الذي يضع السائق علامته أثناء تنفيذ الرحلة؛ محفوظ ليبقى بعد إعادة التحميل.
Per-type rules sourced from operations. Each row is disabled by default. Damage / Rent / Fuel / Custody.,قواعد لكل نوع مصدرها العمليات. كل صف معطّل افتراضيًا. الضرر / الإيجار / الوقود / العهدة.
Percent a vehicle's actual fuel consumption may exceed its monthly quota before an overage / excessive-topup alert is raised; blank or zero uses the built-in default.,النسبة المئوية التي يجوز أن يتجاوز بها الاستهلاك الفعلي للمركبة من الوقود حصتها الشهرية قبل إطلاق تنبيه تجاوز أو تعبئة زائدة؛ وتُستخدم القيمة الافتراضية المدمجة عند تركه فارغًا أو صفرًا.
Percentage of the total invoice borne by this building/unit,النسبة المئوية من إجمالي الفاتورة التي يتحمّلها هذا المبنى/الوحدة
Performance / attendance penalty parameters consumed by the reconciliation engine. A performance-adjusted card needs at least one penalty row.,معاملات غرامة الأداء أو الحضور التي يستهلكها محرّك التسوية. البطاقة المعدَّلة بالأداء تحتاج صف غرامة واحداً على الأقل.
Performed By,نُفّذ بواسطة
Period,الفترة
Period (Days),الفترة (أيام)
Period (Month),الفترة (الشهر)
Period Cutoff,إغلاق الفترة
Period Days,أيام الفترة
Period End,نهاية الفترة
Period From,الفترة من
Period Label,تسمية الفترة
Period Month,شهر الفترة
Period Start,بداية الفترة
Period To,الفترة إلى
Period Window,نطاق الفترة
Period in YYYY-MM format.,الفترة بصيغة YYYY-MM.
Periodic,دوري
Periodic Inspection,الفحص الدوري
Permanent,دائم
Personal Access Token,رمز الوصول الشخصي
Personal wardrobe / lockable storage cabinet for worker. Durable furnishing.,خزانة ملابس شخصية / دولاب تخزين قابل للقفل للعامل. أثاث معمّر.
Pest Control,مكافحة الحشرات والآفات
Pest Control Required,مكافحة الآفات مطلوبة
Petrol,بنزين
Petrol 91,بنزين ٩١
Petrol 95,بنزين ٩٥
Phone,الهاتف
Photo,صورة
Photo Evidence Required,يلزم إثبات بالصورة
Photo evidence that maintenance work was completed. Required before closing.,دليل مصوّر على اكتمال أعمال الصيانة. مطلوب قبل الإغلاق.
Photographic evidence captured for a driver attendance record.,دليل مصوّر يُلتقط لسجل حضور سائق.
Photos Attached,الصور المرفقة
Physical Location,الموقع الفعلي
Physical facility asset movement with intercompany approval controls.,نقل مادي لأصل مرفق مع ضوابط اعتماد بين الشركات.
Physical location in the receiving building (e.g. Laundry Room).,الموقع الفعلي في المبنى المستلِم (مثل غرفة الغسيل).
"Physical location within the building (e.g. Laundry Room, Floor 2 Hallway).",الموقع الفعلي داخل المبنى (مثال: غرفة الغسيل، ممر الطابق الثاني).
Physical meter ID as printed on the meter or invoice,معرّف العدّاد الفعلي كما هو مطبوع على العدّاد أو الفاتورة
"Physical readiness of the room to receive a new resident, flagging whether it is ready or needs cleaning or repair before it can be occupied, or is out of service.",الجاهزية المادية للغرفة لاستقبال مقيم جديد، تبيّن ما إذا كانت جاهزة أو تحتاج تنظيفًا أو إصلاحًا قبل إشغالها، أو خارج الخدمة.
Pick a building to start the arrival.,اختر مبنى لبدء الوصول.
Pick a building…,اختر مبنى…
Pick a project first.,اختر مشروعاً أولاً.
Pick a project…,اختر مشروعاً…
"Pick a template, then use Load Checklist Template to populate the check items.",اختر قالباً، ثم استخدم تحميل قالب قائمة الفحص لتعبئة بنود الفحص.
Pick a worker first.,اختر عاملاً أولاً.
Pick an Article,اختر الصنف
Pick an article.,اختر صنفاً.
Pick the Issue Type,اختر نوع العطل
Pick the person being housed. The list changes based on the resident type.,اختر الشخص المراد إسكانه. تتغيّر القائمة حسب نوع المقيم.
Pick the worker who receives the articles.,اختر العامل الذي يستلم الأصناف.
Pickup,نقطة الانطلاق
Pickup Building,مبنى الالتقاط
Pickup Datetime,تاريخ ووقت الانطلاق
Pickup From,نقطة الانطلاق
Pickup Latitude,خط عرض نقطة الالتقاط
Pickup Longitude,خط طول نقطة الالتقاط
Pickup Point,نقطة الالتقاط
Pickup latitude in decimal degrees. Set on housing buildings used as shuttle pickup stops so the worker's live ride ETA can be computed from the driver's GPS position.,خط عرض نقطة الالتقاط بالدرجات العشرية. يُضبط على مباني السكن المستخدمة نقاطَ التقاط للنقل ليُحسب الوقت المتوقع لوصول رحلة العامل المباشر من موقع GPS للسائق.
Pickup longitude in decimal degrees. Set on housing buildings used as shuttle pickup stops so the worker's live ride ETA can be computed from the driver's GPS position.,خط طول نقطة الالتقاط بالدرجات العشرية. يُضبط على مباني السكن المستخدمة نقاطَ التقاط للنقل ليُحسب الوقت المتوقع لوصول رحلة العامل المباشر من موقع GPS للسائق.
Placement,التسكين
Plan a Route,تخطيط مسار
"Plan your first route, dispatch a trip, and confirm the passenger manifest.",خطّط أول مسار، وشغّل رحلة، وأكّد كشف الركاب.
Planned,مخطط
Planned Daily Fuel (SAR),الوقود اليومي المخطط (ريال سعودي)
Planned End Date,تاريخ النهاية المخطط له
Planned End Date must be on or after Planned Start Date.,يجب أن يكون تاريخ النهاية المخطط له بعد تاريخ البداية أو مساوياً له.
Planned Fuel Grade,درجة الوقود المخطّطة
Planned Start Date,تاريخ البداية المخطط له
Planned Time,الوقت المخطط
Planned departure date for a temporary stay; supervisor is alerted as it approaches or if the worker is still checked in past it.,تاريخ المغادرة المخطط لإقامة مؤقتة؛ يُنبَّه المشرف عند اقترابه أو إذا ظل العامل مُسكَّنًا بعده.
Plate,اللوحة
Plate (Normalized),اللوحة (مُنسَّقة)
Plate Number,رقم اللوحة
Plate is required.,اللوحة مطلوبة.
Platform,المنصة
Platform Details,تفاصيل المنصة
Platform Name,اسم المنصة
Platform Name is required.,اسم المنصة مطلوب.
Please action my driving licence renewal. Expiry on file: {0}.,يرجى مباشرة تجديد رخصة قيادتي. تاريخ الانتهاء المسجّل: {0}.
Please attach a completion photo before marking as completed.,يرجى إرفاق صورة الإنجاز قبل وضع علامة مكتمل.
Please confirm you have received them,يرجى تأكيد استلامك لها
Please describe where you need to go.,يُرجى وصف الوجهة التي تريد الذهاب إليها.
Please describe your request.,يرجى وصف طلبك.
Please process this payment.,يُرجى معالجة هذه الدفعة.
Please review renewal or termination.,يُرجى مراجعة التجديد أو الإنهاء.
"Please sign to acknowledge receipt, or choose Confirmed Receipt and tick the confirmation.",يرجى التوقيع للإقرار بالاستلام، أو اختر تأكيد الاستلام وحدّد خانة التأكيد.
Please start renewal.,يُرجى بدء التجديد.
"Please tick the receipt confirmation, or choose Signature and sign instead.",يرجى تحديد خانة تأكيد الاستلام، أو اختر التوقيع ووقّع بدلاً من ذلك.
Plumbing,سباكة
Point your phone camera at the QR code to open the request form.,وجّه كاميرا هاتفك نحو رمز الاستجابة السريعة لفتح نموذج الطلب.
Police Report Number,رقم بلاغ الشرطة
Police report PDF or a photo of the scene.,ملف بلاغ الشرطة أو صورة لموقع الحادث.
Policy,السياسة
Policy Name,اسم السياسة
Poor,رديء
Poor Safety Task Executions,تنفيذات مهام السلامة الضعيفة
Populated by the procured ZATCA app; never hand-set by custom code.,يُعبّأ بواسطة تطبيق ZATCA المُشترى؛ ولا يُضبَط يدوياً بكود مخصّص أبداً.
Portal user who executed the movement — not the Employee on the source Facility Asset Movement.,مستخدم البوابة الذي نفّذ النقل — وليس الموظف المدوَّن في مستند نقل أصل المنشأة المصدر.
Post-Work,بعد العمل
Posted (memo),مُرحّل (مذكرة)
Poster,الملصق
Poster Title,عنوان الملصق
Posting,الترحيل
Posting Date,تاريخ الترحيل
Posting Mode,نمط الترحيل
Posting date {0} falls inside closed Accounting Period {1} for company {2}.,تاريخ الترحيل {0} يقع ضمن فترة محاسبية مغلقة {1} للشركة {2}.
Posting month in YYYY-MM format (e.g. 2026-05).,شهر الترحيل بصيغة YYYY-MM (مثال: 2026-05).
Posting period in YYYY-MM format (e.g. 2026-05).,فترة الترحيل بصيغة سنة-شهر (مثال: 2026-05).
"Pots, pans and cooking utensils set for shared accommodation kitchen. Consumable kitchenware.",طقم قدور ومقالي وأدوات طهي لمطبخ السكن المشترك. أدوات مطبخ استهلاكية.
Pre-Work,قبل العمل
Pre-defined material sets per issue type. Load into Maintenance Request or Work Order procurement items.,مجموعات مواد معرّفة مسبقاً لكل نوع عطل. تُحمّل ضمن بنود توريد طلب الصيانة أو أمر العمل.
Pre-defined vehicle handover inspection checklist. Load its items into a Vehicle Handover's check items with one button-press.,قائمة فحص مُعرّفة مسبقاً لتسليم المركبة. حمّل بنودها إلى بنود فحص تسليم المركبة بضغطة زر واحدة.
Pre-filled — please verify.,تمت التعبئة المسبقة — يرجى التحقق.
Preferred Language,اللغة المفضّلة
Preferred channel passed to the gateway. The gateway provider decides actual delivery; this is the channel hint sent in the request payload.,القناة المفضّلة المُمرّرة إلى البوابة. مزوّد البوابة هو من يقرّر التسليم الفعلي؛ هذا تلميح للقناة يُرسَل ضمن حمولة الطلب.
Prefix added before the room number (e.g. 'A' gives A101). Leave blank for numeric only.,"بادئة تُضاف قبل رقم الغرفة (مثال: ""A"" ينتج A101). اتركها فارغة للأرقام فقط."
Prepared At,تاريخ الإعداد
Prepared By,أعدّه
Preparer and approver must differ (SoD).,يجب أن يختلف المُعِدّ عن المعتمِد (فصل المهام).
Preparer of the run (maker). Must differ from the approver.,مُعِدّ التشغيل (الصانع). يجب أن يختلف عن المعتمِد.
Present,حاضر
Present Set,مجموعة الحضور
Present Set (D8),مجموعة الحضور (D8)
Present Set Filtered,مجموعة الحضور المُصفّاة
Previous Building,المبنى السابق
Previous Driver,السائق السابق
Previous Location,الموقع السابق
Previous Reading,القراءة السابقة
Previous Repair Confirmation Details,تفاصيل تأكيد الإصلاحات السابقة
Previous Repairs,الإصلاحات السابقة
Previous Repairs Confirmed,تم تأكيد الإصلاحات السابقة
Previous Status,الحالة السابقة
Previous Vehicle Status,حالة المركبة السابقة
Pricing,التسعير
Print arrival cards ({0}),طباعة بطاقات الوصول ({0})
Print handover,طباعة سند التسليم
Print slip,طباعة القسيمة
Priority,الأولوية
Priority: {0},الأولوية: {0}
Process Fuel Claim,معالجة مطالبة وقود
Process a Fuel Claim,معالجة مطالبة وقود
Process a Rental Settlement,معالجة تسوية إيجار
Processed,مُعالَج
Processed At,تمت المعالجة في
"Processing state of the fuel top-up request, from pending approval to a completed dispense, or failed, reverted, or cancelled outcomes.",حالة معالجة طلب تعبئة الوقود، من بانتظار الاعتماد إلى صرف مكتمل، أو نتائج فاشلة أو معكوسة أو ملغاة.
"Processing state of the vehicle wash request, from pending approval to approved and done, or cancelled.",حالة معالجة طلب غسيل المركبة، من بانتظار الاعتماد إلى معتمد ومنجز، أو ملغى.
Procurement,المشتريات
Procurement / dispatch user who initiated the delivery. Cannot confirm the on-site receipt (separation of duties).,مستخدم المشتريات / الإرسال الذي بدأ التسليم. لا يمكنه تأكيد الاستلام في الموقع (فصل المهام).
Procurement Intake Store,مخزن استلام المشتريات
Procurement Items,بنود المشتريات
Procurement Items Required,يلزم بنود مشتريات
Procurement Supervisor,مشرف المشتريات
Procurement intake store that receives the externally-purchased goods.,مخزن استلام المشتريات الذي يستلم البضائع المشتراة خارجياً.
Procurement intake store that the goods leave.,مخزن استلام المشتريات الذي تغادر منه البضائع.
Procurement intake store the asset leaves.,مخزن استلام المشتريات الذي يغادره الأصل.
"Procurement item row idx (1-based) within the Work Order, so each item posts a distinct idempotency-keyed ledger row.",ترتيب صف بند المشتريات (يبدأ من واحد) ضمن أمر العمل، بحيث يُرحِّل كل بند صف سجل مستقلاً بمفتاح يمنع التكرار.
Profile Name,اسم الملف
"Progress of a single audit finding through remediation, tracking work start, evidence submission, and whether the client verified or rejected the fix.",تقدّم ملحوظة تدقيق واحدة عبر المعالجة، يتابع بدء العمل وتقديم الأدلة وما إذا تحقّق العميل من الإصلاح أو رفضه.
"Progress of the driver clearance process, tracking whether checks are open or in progress, fully cleared, blocked by an outstanding item, or cancelled.",تقدّم عملية إخلاء طرف السائق، يتابع ما إذا كانت الفحوص مفتوحة أو قيد التنفيذ، أو مكتملة كليًا، أو محجوبة ببند قائم، أو ملغاة.
Project,المشروع
Project Status,حالة المشروع
Project Supervisor,مشرف المشروع
Project Transfer,تحويل المشروع
Project is required.,المشروع مطلوب.
Project this declaration covers.,المشروع الذي يغطيه هذا الإقرار.
Proof of Handover,إثبات التسليم
Property / Unit Name,اسم العقار / الوحدة
"Prorated GROSS, pre-deduction (computed at runtime). Deductions are never applied here.",الإجمالي المُوزَّع تناسبياً قبل الخصم (يُحسب وقت التشغيل). ولا تُطبَّق الخصومات هنا أبداً.
Prorated Gross,الإجمالي المُوزَّع تناسبياً
Provenance,المصدر
"Provenance - which billing-master column this line's value came from (e.g. Rate/Day, OT Rate/hr, GOSI). Structural, non-confidential.",المصدر - أي عمود في سجل الفوترة الرئيسي أتت منه قيمة هذا البند (مثل المعدل/اليوم، معدل العمل الإضافي/الساعة، التأمينات). بنيوي وغير سرّي.
Provenance link to the P-189 Rate Resolution that priced this line; also the pairing key for the BASIS-CONSISTENT guard.,رابط المصدر إلى تسوية الأسعار P-189 التي سعّرت هذا البند؛ وهو أيضاً مفتاح الاقتران لحارس اتساق الأساس.
Provenance link to the P-189 Rate Resolution that priced this worker; also the pairing key for the BASIS-CONSISTENT guard.,رابط المصدر إلى تسوية الأسعار P-189 التي سعّرت هذا العامل؛ وهو أيضاً مفتاح الاقتران لحارس اتساق الأساس.
"Provenance: the scheduled task instance this cleaning fulfils, if generated from the schedule.",المصدر: مثيل المهمة المجدولة الذي تنفّذه خدمة النظافة هذه، إن كانت مُنشأة من الجدول الزمني.
Provide either a new expiry date or the number of days to extend.,أدخل إمّا تاريخ انتهاء جديدًا أو عدد أيام التمديد.
Provider,مزود الخدمة
Public URL,الرابط العام
"Public base URL of the external frontend that consumes this backend, for example https://salis-fleet.com.",العنوان الأساسي العام للواجهة الأمامية الخارجية التي تستهلك هذا الخادم الخلفي، مثل https://salis-fleet.com.
Purchase Invoice,فاتورة المشتريات
Purpose,الغرض
Purpose / Notes,الغرض / ملاحظات
Purpose is too long. Please keep it under 2000 characters.,الغرض طويل جداً. يرجى إبقاؤه أقل من 2000 حرف.
QR,رمز QR
QR Location,موقع QR للسكن
QR Web Form,نموذج ويب QR
QR created for {0} worker(s),أُنشئ رمز QR لـ {0} عامل
QR issued,صدر رمز QR
Qty,الكمية
Qty Issued,الكمية المصروفة
Qty Returned,الكمية المعادة
"Quality rating recorded when the safety task was carried out, from excellent down to poor, or Not Done when the task was skipped, feeding compliance scoring.",تقييم الجودة المسجّل عند تنفيذ مهمة السلامة، من ممتاز نزولًا إلى ضعيف، أو «لم يُنفَّذ» عند تخطي المهمة، يغذّي احتساب الامتثال.
Quantity,الكمية
Quantity Issued,الكمية المصروفة
Quantity Variance,فرق الكمية
"Quantity in the component's unit (days, hours, or period).",الكمية بوحدة المكوّن (أيام أو ساعات أو فترة).
Quantity physically counted at the last inventory count.,الكمية المعدودة فعليًا في آخر جرد للمخزون.
Quantity the records say should be present.,الكمية التي تشير السجلات إلى وجوب توفرها.
Quarter,ربع
Quarterly,ربع سنوي
Quick Actions,إجراءات سريعة
Quick Check-in,تسجيل دخول سريع
Quick Check-out,تسجيل خروج سريع
Quota & Status,الحصة والحالة
Quota Applied,تم تطبيق الحصة
Quota Dispute,نزاع حصة
Quota Exceeded,تجاوز الحصة
Quota Identity,هوية الحصة
Quota Increase,زيادة الحصة
Quota Increase Claim,مطالبة زيادة الحصة
Quota Litres,لترات الحصة
Quota period in YYYY-MM format (e.g. 2026-05).,فترة الحصة بصيغة YYYY-MM (مثال: 2026-05).
Quota-increase claim - requires Operations-tier approval and a Finance consult note.,طلب زيادة حصة الوقود — يستلزم موافقة مستوى العمليات وملاحظة استشارة مالية.
Raise Fuel Request,إنشاء طلب وقود
Raise Maintenance Request,رفع طلب صيانة
Raise Payment Request,رفع طلب دفع
Raise Transport Request,إنشاء طلب نقل
Raise a Fuel Request,أنشئ طلب وقود
Raise a Maintenance Request,رفع طلب صيانة
Raise a Salis Payment Request,رفع طلب دفع سلس
Raise a Transport Request,أنشئ طلب نقل
Raise a maintenance request and complete your first work order.,أنشئ طلب صيانة وأكمل أول أمر عمل لك.
Raise the first payment claim against a settled rental so cost recovery is complete.,ارفع أول مطالبة دفع على إيجار مُسوّى حتى يكتمل استرداد التكلفة.
Raised By,أُنشئ بواسطة
Raised On,أُنشئ في
Raising departure transport…,جارٍ إنشاء نقل المغادرة…
Rate Card,بطاقة الأسعار
Rate Card Component Row,صف مكوّن بطاقة الأسعار
Rate Card Component Type,نوع مكوّن بطاقة الأسعار
Rate Card Enabled Component,مكوّن بطاقة الأسعار المفعّل
Rate Card Name,اسم بطاقة الأسعار
Rate Card Penalty Row,صف غرامة بطاقة الأسعار
Rate Card {0} is {1} and cannot be edited. Create a new version instead of changing an active card.,بطاقة الأسعار {0} في حالة {1} ولا يمكن تعديلها. أنشئ إصداراً جديداً بدلاً من تغيير بطاقة نشطة.
Rate Lines,بنود الأسعار
Rate Resolution,تسوية الأسعار
Rate Resolution is an append-only log and cannot be deleted.,تسوية الأسعار سجل للإضافة فقط ولا يمكن حذفها.
Rate Resolution is an append-only log and cannot be edited. Record a new resolution instead.,تسوية الأسعار سجل للإضافة فقط ولا يمكن تعديلها. سجّل تسوية جديدة بدلاً من ذلك.
Rate Structure,هيكل المعدل
Rate line {0}: Day Rate Basis is required for a day-rate line on a package-day / attendance-day card (no default divisor).,بند السعر {0}: أساس معدل اليوم مطلوب لبند بمعدل يومي على بطاقة package-day أو attendance-day (لا يوجد مقسوم افتراضي).
Rating,التقييم
Rating Details,تفاصيل التقييم
Rating must be between 1 and 5.,يجب أن يكون التقييم بين ١ و٥.
Re-inspection,إعادة تفتيش
Re: {0},رد: {0}
"Read-only Employee mirror of an Employee party (compatibility with payroll / Additional Salary, which is keyed on Employee).",نسخة موظف للقراءة فقط تعكس طرف الموظف (للتوافق مع كشوف الرواتب / الراتب الإضافي المعتمد على الموظف).
Read-only — managed by the Room Setup wizard.,للقراءة فقط — يُدار عبر معالج إعداد الغرف.
Readiness Status,حالة جاهزية الغرفة
Reading passport…,جارٍ قراءة الجواز…
Ready,جاهز
Reallocation,إعادة تخصيص
Reason,السبب
Reason Category,سبب عدم التشغيل
"Reason the driver is being stopped from operating, whether due to a violation, leave, termination, transfer, or another cause.",سبب إيقاف السائق عن العمل، سواء بسبب مخالفة أو إجازة أو إنهاء خدمة أو نقل أو سبب آخر.
"Reason the supervisor rejected the plan, captured on rejection.",سبب رفض المشرف للمخطّط، يُسجَّل عند الرفض.
"Reason the vehicle is being taken out of service, whether an accident, maintenance, violation, rental return, or another cause.",سبب إخراج المركبة من الخدمة، سواء حادث أو صيانة أو مخالفة أو إعادة مركبة مستأجرة أو سبب آخر.
Reassign,إعادة الإسناد
Reassign driver,إعادة إسناد السائق
Receipt,استلام
Receipt Date,تاريخ الاستلام
Receive Transfer,استلام النقل
Received,مُستلَم
Received At,استُلم في
Received Date,تاريخ الاستلام
Receiving Accepted,تم قبول الاستلام
Receiving Confirmed,تم تأكيد الاستلام
Receiving Confirmed By,تأكيد الاستلام من قِبَل
Receiving Confirmed By is required for intercompany asset movement.,حقل 'تأكيد الاستلام من قِبَل' مطلوب لحركة الأصول بين الشركات.
Receiving Supervisor,المشرف المستلم
Receiving accommodation supervisor's building store that the goods land in.,مخزن مبنى مشرف السكن المستلم الذي تصل إليه البضائع.
Receiving accommodation the asset is delivered to.,السكن المستلِم الذي يُسلّم إليه الأصل.
Recent Error Logs,سجلات الأخطاء الأخيرة
Recent damage assessments: {0},تقييمات التلف الأخيرة: {0}
Recipient,المستلم
Recipient Signature,توقيع المستلم
Recipient address for the cross-cost-center transfer memo. Falls back to the Finance Manager role if left blank.,عنوان مستلم مذكرة التحويل بين مراكز التكلفة. يُستعاض عنه بدور المدير المالي إذا تُرك فارغاً.
Recipient's signature and acknowledgment captured in person at the kiosk when the items are handed over.,توقيع المستلم وإقراره المُلتقطان حضورياً في الكشك عند تسليم الأصناف.
Recipient's signature taken at handover time.,توقيع المستلم المأخوذ وقت التسليم.
Recommended Action,الإجراء الموصى به
"Recommended disposition for the damaged vehicle, whether to repair it, write it off, recover the cost from the driver, or file an insurance claim.",التصرّف الموصى به للمركبة المتضررة، سواء إصلاحها أو شطبها أو استرداد التكلفة من السائق أو رفع مطالبة تأمين.
Reconcile the first rental office invoice against actual usage.,سوِّ أول فاتورة مكتب إيجار وفق الاستخدام الفعلي.
Reconciled,تمت المطابقة
Reconciles To Run,يُسوّى إلى التشغيل
Reconciliation,التسوية
Reconciliation Run,تشغيل التسوية
"Reconciliation stage of the fuel claim, from draft and submission to the movement team through reconciliation and approval to closure, or held when disputed.",مرحلة تسوية مطالبة الوقود، من مسودة وتقديم إلى فريق الحركة مرورًا بالتسوية والاعتماد حتى الإغلاق، أو معلّقة عند وجود نزاع.
Record a Passenger Manifest,تسجيل كشف ركاب
Record a Vehicle Assignment,سجّل إسناد مركبة
Record a Vehicle Incident,سجّل بلاغ مركبة
"Record actual fuelling and spend, then reconcile it against the quota and request.",سجّل التزويد والإنفاق الفعلي، ثم طابقه مع الحصة والطلب.
Record an Accommodation Assignment,تسجيل تسكين
Record damage and its cost for returned articles.,سجّل الضرر وتكلفته للمواد المُرجعة.
Record returned articles against their source Custody Issue.,سجّل المواد المُرجعة مقابل سند صرف العهدة الأصلي.
Record the passengers who boarded the dispatched trip to complete the movement lifecycle.,سجّل الركاب الذين صعدوا الرحلة المُشغَّلة لإتمام دورة حياة الحركة.
"Recorded physical condition of the item at the moment it is issued, providing the baseline used to assess wear or damage when it is later returned.",الحالة المادية المسجّلة للصنف لحظة صرفه، توفّر الأساس المرجعي المستخدم لتقييم التآكل أو التلف عند إعادته لاحقًا.
Recording,يُسجِّل
Records,السجلات
Records a vehicle stop event with reason and ownership context.,يسجّل حدث إيقاف مركبة مع السبب وسياق الملكية.
Records damage on returned custody articles. A salary deduction is applied only when damage deduction is enabled in Habitat Settings.,يسجّل التلف في أصناف العهدة المرتجعة. ولا يُطبّق خصم من الراتب إلا عند تفعيل خصم التلف في إعدادات هابيتات.
Records execution of a single safety task on a specific date for a specific building.,يسجّل تنفيذ مهمة سلامة واحدة في تاريخ محدد لمبنى محدد.
Records the handover of a vehicle from one driver to another.,يسجّل تسليم مركبة من سائق إلى آخر.
Recover from Driver,استرداد من السائق
Recovered,مُسترد
Recovered; theft report {0} closed.,تمت الاستعادة؛ أُغلق بلاغ السرقة {0}.
Recovery,الاسترداد
Recovery Amount,مبلغ الاسترداد
Recovery Details,تفاصيل الاسترداد
Recovery Type,نوع الاسترداد
"Recurrence interval used to generate task instances from this template, from daily through annually.",فترة التكرار المستخدمة لتوليد نُسخ المهام من هذا القالب، من يومي حتى سنوي.
Ref,مرجع
Reference,المرجع
Reference Document Type,نوع مستند المرجع
Reference Name,اسم المرجع
"Reference catalog of standardized safety tasks. Each task defines its department, frequency, priority, and instructions.",سجل مرجعي لمهام السلامة المعيارية. تحدّد كل مهمة قسمها ودوريتها وأولويتها وتعليماتها.
"Reference data: durable records you set up once, not daily work.",بيانات مرجعية: سجلات دائمة تُعدّها مرة واحدة، وليست عملاً يومياً.
"Reference to a Payment Entry settling this bill, if any. Set externally; this controller posts no Payment Entry.",إشارة إلى قيد دفع يسوّي هذه الفاتورة، إن وُجد. يُضبط خارجيًا؛ لا يُرحّل هذا المتحكم أي قيد دفع.
"Reference to a Purchase Invoice settling this visit, if any. Set externally; this DocType creates no Purchase Invoice.",إشارة إلى فاتورة شراء تُسوّي هذه الزيارة، إن وُجدت. تُضبط خارجياً؛ ولا يُنشئ هذا المستند أي فاتورة شراء.
Reference to the file/artifact being exported.,مرجع الملف أو المُخرَج الجاري تصديره.
Reference to the raised Salis Payment Request. Set automatically; this DocType never posts GL.,مرجع لطلب دفع سلس المُنشأ. يُضبط آلياً؛ ولا يرحّل هذا المستند أي قيد في دفتر الأستاذ العام.
Reference-only link to the Finance/HR Payment Request handling the actual deduction. Movement posts no payment.,رابط للمرجعية فقط إلى طلب الدفع في المالية/الموارد البشرية الذي يتولى الخصم الفعلي. الحركة لا تُنشئ أي دفعة.
Reflected from the linked Facility Asset's maintenance.,منعكس من صيانة أصل المنشأة المرتبط.
Refresh,تحديث
Refresh Board,تحديث اللوحة
Refresh Map,تحديث الخريطة
Regenerate Code,إعادة توليد الرمز
Regenerate OTP,إعادة توليد رمز التحقق
Regenerate Payment Schedule,إعادة توليد جدول السداد
"Regional wage-protection channel the SIF file targets. The file itself is produced by the chosen export app (D10 procurement), never by this app.",قناة حماية الأجور الإقليمية التي يستهدفها ملف SIF. أما الملف نفسه فيُنتَج بواسطة تطبيق التصدير المختار (توريد D10)، لا بواسطة هذا التطبيق.
Register,تسجيل
Register New Arrival (Passport),تسجيل وصول جديد (الجواز)
Register Salis Driver,تسجيل سائق سلس
Register Salis Vehicle,تسجيل مركبة سلس
Register a Salis Driver,سجّل سائق سلس
Register a Salis Vehicle,سجّل مركبة سلس
Register a Vehicle Compliance Record,تسجيل سجل امتثال مركبة
Register new arrival by passport,تسجيل وصول جديد برقم الجواز
Registered worker (Employee) who boarded. Leave blank and tick 'Unregistered' for a contractor not on the manifest.,العامل المسجل (الموظف) الذي صعد. اتركه فارغًا وفعّل خيار 'غير مسجل' لمتعاقد ليس في كشف الركاب.
Registered: {0},مُسجَّل: {0}
Registering…,جارٍ التسجيل…
Registration (Istimara),الاستمارة
Reimbursement,تعويض
Reject,رفض
Reject Count,عدد مرات الرفض
Reject Fuel Request,رفض طلب الوقود
Reject Handover,رفض التسليم
Rejected,مرفوض
Rejected by Client,مرفوض من قِبل العميل
Rejected: {0},مرفوض: {0}
Rejecting…,جارٍ الرفض…
Rejection Reason,سبب الرفض
Rejection failed for {0}.,فشل رفض {0}.
Related Driver,السائق المرتبط
Related Facility Asset,أصل المنشأة المرتبط
Related Vehicle,المركبة المرتبطة
Release,إطلاق
Release Approved,الإصدار معتمد
Release Approved By,اعتماد الإصدار من قِبَل
Release Approved By is required for intercompany asset movement.,حقل 'اعتماد الإصدار من قِبَل' مطلوب لحركة الأصول بين الشركات.
Release Vehicle,تحرير المركبة
Release vehicle,إخراج المركبة
Release {0} back to service?,إعادة {0} إلى الخدمة؟
Released,محرّر
Released At,تاريخ الإصدار
Released By,حُرِّر بواسطة
Released On,تاريخ التحرير
Remark,ملاحظة
Remarks,ملاحظات
Remarks (Optional),ملاحظات (اختياري)
Remediation Action,إجراء المعالجة
Remediation Action Required,الإجراء العلاجي المطلوب
Remediation Actions,الإجراءات العلاجية
Remediation Deadline,الموعد النهائي للمعالجة
Remediation Plan,خطة المعالجة
Remove,إزالة
Renew,تجديد
Renew License,تجديد الرخصة
Renewal Cost Estimate (SAR),تكلفة التجديد التقديرية (ريال)
Renewal Lead Days,مهلة التجديد بالأيام
Renewal Management,إدارة التجديد
Rent,الإيجار
Rent & Billing,الإيجار والفوترة
Rent (SAR),الإيجار (ريال)
Rent Payment Schedule,جدول سداد الإيجارات
Rent payment generated for building: {0} under lease {1},أُنشئت دفعة الإيجار للمبنى: {0} ضمن عقد الإيجار {1}
Rental,إيجار
Rental Accrual (Amount),استحقاق الإيجار (المبلغ)
Rental Accrual Ledger,دفتر استحقاق الإيجار
Rental Accrual This Month,استحقاق الإيجار لهذا الشهر
Rental Accrual Trend,اتجاه استحقاق الإيجار
Rental Accrual by Office,استحقاق الإيجار حسب المكتب
Rental Cost This Month,تكلفة الإيجار هذا الشهر
Rental Cost by Office,تكلفة الإيجار حسب المكتب
Rental Office,مكتب التأجير
Rental Return,إرجاع مؤجَّر
Rental Settlement,تسوية الإيجار
Rental Settlement Item,بند تسوية الإيجار
Rental Settlement Register,سجل تسويات الإيجار
Rental Settlement Statement,كشف تسوية الإيجار
Rental Settlements This Month,تسويات الإيجار هذا الشهر
Rental Vehicle Movement,حركة مركبة مستأجرة
Rental accrual for office {0} in period {1} is unsettled: {2} SAR outstanding with no submitted Rental Settlement. (office {0}),استحقاق الإيجار للمكتب {0} في الفترة {1} غير مسوّى: {2} ريال سعودي مستحق دون تسوية إيجار مرسلة. (المكتب {0})
Rental movement {0} ({1}) cancelled.,تم إلغاء حركة الإيجار {0} ({1}).
Rental settlement {0} for period {1}.,تسوية إيجار {0} عن الفترة {1}.
Rental {0} via {1} (office {2}).,إيجار {0} عبر {1} (المكتب {2}).
Rented,مستأجرة
Reopened,أُعيد فتحه
Repair,إصلاح
Replace,استبدال
Replaced,مُستبدَل
Replacement Cost (SAR),تكلفة الاستبدال (ريال)
Report,تقرير
Report Incident,الإبلاغ عن حادثة
Reported By,مُبلغ من قبل
Reported By (Optional),أبلغ عنه (اختياري)
Reported On,تاريخ الإبلاغ
Reported during checkout ({0}),تم الإبلاغ عنه أثناء المغادرة ({0})
Reported stolen from the Fleet OS dashboard.,أُبلغ عن السرقة من لوحة الأسطول.
Reported stolen via {0}.,أُبلغ عن سرقتها عبر {0}.
Reporter & Resident,المبلِّغ والمقيم
Reports,التقارير
Reports: read-only. Open to view on screen or export.,تقارير: للعرض فقط. تُفتح للاطلاع على الشاشة أو التصدير.
Representative,المندوب
Representatives Transport Fulfilled This Month,نقل المندوبين المنفّذ هذا الشهر
Representatives Transport Requests Open,طلبات نقل المندوبين المفتوحة
Request,طلب
Request Date,تاريخ الطلب
Request Details,تفاصيل الطلب
Request ID,رقم الطلب
Request Type,نوع الطلب
Request Type {0} is not valid for the {1} transport type.,نوع الطلب {0} غير صالح لنوع النقل {1}.
Request fuel for a vehicle to start the fuelling and reconciliation cycle.,اطلب وقوداً لمركبة لبدء دورة التزويد والتسوية.
Request submitted successfully.,تم إرسال الطلب بنجاح.
Requested By,مقدَّم بواسطة
Requested By (Operations),طلب بواسطة (العمليات)
Requested Count,العدد المطلوب
Requested For (User),المستفيد من الصلاحية (المستخدم)
Requested Litres,اللترات المطلوبة
Requested Litres must be greater than zero.,يجب أن تكون اللترات المطلوبة أكبر من صفر.
Requested volume ({0} L) exceeds the typical threshold of {1} L. Please verify before approving.,الكمّيّة المطلوبة ({0} لتر) تتجاوز الحدَّ المعتاد {1} لتر. الرجاء التحقّق قبل الاعتماد.
Requester,مقدّم الطلب
Requester Name,اسم مقدّم الطلب
Requester Type,نوع مقدّم الطلب
Requests Raised,الطلبات المُنشأة
Requests Served,الطلبات المخدومة
Requests in category {0} are resolved directly and have no target document to create.,الطلبات في الفئة {0} تُحلّ مباشرةً ولا يوجد لها مستند مستهدف لإنشائه.
Require Acknowledgment for All Deductions,اشتراط الإقرار لجميع الخصومات
Require Employee Acknowledgment,اشتراط إقرار الموظف
Require Handover OTP,طلب رمز تحقق للتسليم
Require Internal Approval,اشتراط الاعتماد الداخلي
Require Weekly All-Building Coverage,طلب تغطية أسبوعية لجميع المباني
Require an Employee Deduction Acknowledgment (worker consent) before any deduction posts.,اشتراط إقرار خصم من الموظف (موافقة العامل) قبل ترحيل أي خصم.
Require approval when an assignment or transfer crosses project boundaries.,اشتراط الموافقة عند تجاوز الإسناد أو النقل لحدود المشروع.
Require the worker's Employee Deduction Acknowledgment (consent) before this type posts; KSA Labor Law requires consent for wage deductions.,اشتراط إقرار خصم الموظف (موافقة العامل) قبل ترحيل هذا النوع؛ يوجب نظام العمل السعودي موافقة العامل على خصومات الأجر.
Required Fields,الحقول المطلوبة
Required Legal Name,الاسم النظامي المطلوب
Required Role,الدور المطلوب
Required VAT / CR Registration,تسجيل ضريبة القيمة المضافة / السجل التجاري المطلوب
Required before the case can move beyond Open.,"مطلوب قبل أن تتجاوز الحالة وضع ""مفتوحة""."
"Required common-area evidence. Bathrooms, Kitchen, and Corridors must each have a Cleaned photo or be marked Not Cleaned / N/A with a note before submit.",إثبات المناطق المشتركة المطلوب. يجب أن تحتوي دورات المياه والمطبخ والممرات على صورة (تم التنظيف)، أو أن تُعلَّم (لم يُنظَّف / لا ينطبق) مع ملاحظة قبل الترحيل.
Required for Accident or Violation stops.,مطلوب لحالات الإيقاف بسبب حادث أو مخالفة.
Required for Violation or Termination stops.,مطلوب لحالات الإيقاف بسبب مخالفة أو إنهاء خدمة.
Required to cancel a submitted bill; recorded on the reversal posted to the Accommodation Ledger.,مطلوب لإلغاء فاتورة مُقدَّمة؛ يُسجَّل في القيد العكسي المُرحَّل إلى دفتر أستاذ السكن.
Required when Room Status is Skipped.,مطلوب عندما تكون حالة الغرفة (تم التخطّي).
Required when Waived: why the exception is accepted without a data fix.,مطلوب عند التنازل: سبب قبول الاستثناء دون تصحيح البيانات.
Required when status is Not Cleaned or N/A.,مطلوبة عندما تكون الحالة (لم يُنظَّف) أو (لا ينطبق).
"Required-area cleaning evidence: a photo and checklist status per audited common area (Bathrooms, Kitchen, Corridors, and optional extras).",دليل نظافة المناطق المطلوبة: صورة وحالة قائمة فحص لكل منطقة مشتركة مدققة (الحمامات، المطبخ، الممرات، وإضافات اختيارية).
Requires Consent,يتطلب موافقة
Requires Procurement,يتطلب شراء
Resident,المقيم
Resident & Building,المقيم والمبنى
Resident / worker is required.,المقيم / العامل مطلوب.
Resident Request,طلب مقيم
Resident Supervisor,مشرف الساكنين
Resident Supervisor Dashboard,لوحة معلومات مشرف الساكنين
Resident Supervisor Dashboard (Dashboard),لوحة معلومات مشرف الساكنين (لوحة معلومات)
Resident Support Services,خدمات دعم المقيمين
Resident Type,نوع المقيم
Resident request assigned for follow-up: {0},تم إسناد طلب المقيم للمتابعة: {0}
Resident's signature accepting the housing terms at check-in.,توقيع الساكن بالموافقة على شروط السكن عند تسجيل الدخول.
"Resident's signature accepting the housing terms, captured on the tablet at check-in.",توقيع الساكن بالموافقة على شروط السكن، يُلتقط على اللوحي عند تسجيل الدخول.
Residents and Rooms,الساكنون والغرف
Residual Value (%),القيمة المتبقية (%)
Residual Value (%) must be between 0 and 100.,يجب أن تكون القيمة المتبقية (٪) بين صفر ومئة.
Resignation,استقالة
Resolution,المعالجة
Resolution Category,نوع المعالجة
Resolution Note,ملاحظة المعالجة
Resolution Notes,ملاحظات المعالجة
Resolution Notes are required to close a Habitat Safety Incident.,ملاحظات المعالجة مطلوبة لإغلاق حادثة السلامة السكنية.
Resolution Notes are required to resolve or close a Maintenance Request.,ملاحظات المعالجة مطلوبة لمعالجة طلب الصيانة أو إغلاقه.
Resolution Notes are required when closing or resolving a request.,ملاحظات المعالجة مطلوبة عند إغلاق الطلب أو معالجته.
Resolution Notes are required when resolving an Idle Resident Report.,ملاحظات المعالجة مطلوبة عند إغلاق بلاغ المقيم غير المشغّل.
Resolution Reference,مرجع التسوية
Resolution Subject,موضوع التسوية
Resolve,حل
Resolved,تمت المعالجة
Resolved Alert Retention (Days),مدة الاحتفاظ بالتنبيهات المُعالجة (أيام)
Resolved At,تاريخ الحسم
Resolved By,تمت المعالجة بواسطة
Resolved Card,البطاقة المحسومة
Resolved On,تاريخ المعالجة
Resolved Version,الإصدار المحسوم
Resolved by {0},تمت المعالجة بواسطة {0}
Response SLA (Hours),اتفاقية مستوى خدمة الاستجابة (بالساعات)
Responsible Department,الإدارة المسؤولة
Responsible Facility Supervisor,مشرف المنشأة المسؤول
Responsible Role,الصلاحية المسؤولة
Responsible Supervisor,المشرف المسؤول
Responsible Worker,العامل المسؤول
Result,النتيجة
Results must be a list.,يجب أن تكون النتائج قائمةً.
Results must be valid JSON.,يجب أن تكون النتائج بصيغة JSON صحيحة.
Retention for daily occupancy and weekly vehicle-utilisation snapshots (days). Default 365.,مدة الاحتفاظ بلقطات الإشغال اليومية واستخدام المركبات الأسبوعية (أيام). الافتراضي 365.
Retention for resolved Operations Alerts (days). Open and acknowledged alerts are never purged by age. Default 90.,مدة الاحتفاظ بتنبيهات العمليات المُعالجة (أيام). التنبيهات المفتوحة والمُستلمة لا تُحذف بحسب العمر أبدًا. الافتراضي 90.
Retention for submitted Non-Financial Depreciation Snapshots (days). Default 730.,مدة الاحتفاظ بلقطات الإهلاك غير المالي المعتمدة (أيام). الافتراضي 730.
Retry,إعادة المحاولة
Return,إرجاع
Return Custody,إرجاع العهدة
Return Date,تاريخ الإرجاع
Return Date (Workshop Exit),تاريخ العودة (الخروج من الورشة)
Return Status,حالة الإرجاع
Return Time,وقت العودة
Return Time cannot be earlier than Depart Time.,لا يمكن أن يكون وقت العودة أبكر من وقت المغادرة.
Return cart,سلة الإرجاع
Return cart is empty.,سلة الإرجاع فارغة.
Return date cannot be earlier than the open Receipt date ({0}).,لا يمكن أن يكون تاريخ الإرجاع أقدم من تاريخ الاستلام المفتوح ({0}).
Return from Leave,العودة من الإجازة
Return from Repair,إعادة بعد الإصلاح
Returned,مُرجَع
Returned By (Employee),أُعيد بواسطة (الموظف)
Returned Items,الأصناف المعادة
Returned from Leave,عائد من إجازة
Returned from {0}: {1},تم الإرجاع من {0}: {1}
Returning…,جارٍ الإرجاع…
Returns And Outstanding Items,المرتجعات والبنود المعلّقة
Reversal Of,عكس قيد
Reversal Status,حالة العكس
Reversed {0} L from Fuel Request {1}.,تم عكس {0} لتر من طلب الوقود {1}.
Revert Due Date,تاريخ الاسترجاع المستحق
Reverted,مُسترجَع
Review Apex Integration Settings,مراجعة إعدادات تكامل أبيكس
Review Integration Settings,مراجعة إعدادات التكامل
Review and approve the handover before confirming receipt.,راجع التسليم واعتمده قبل تأكيد الاستلام.
"Review stage of the damage write-off case, from open and under review to approved or rejected, then closed or cancelled.",مرحلة مراجعة حالة شطب التلف، من مفتوح وقيد المراجعة إلى معتمد أو مرفوض، ثم مغلق أو ملغى.
Review the Active Resident Register,راجع سجل الساكنين النشطين
Review the Safety Task Catalog,مراجعة دليل مهام السلامة
"Review the shared integration switchboard: frontend URL, API version, and allowed origins.",راجع لوحة التكامل المشتركة: رابط الواجهة، وإصدار الواجهة البرمجية، والمصادر المسموح بها.
Reviewed by,روجع بواسطة
Revised Sample,نموذج مُنقَّح
Revoked,مُلغى
Rework Required,يلزم إعادة العمل
Rider {0} is marked {1} and cannot receive a vehicle or fuel.,الراكب {0} مُعلَّم بـ {1} ولا يمكنه استلام مركبة أو وقود.
Rider {0} is on approved leave ({1}) covering {2} and cannot receive a vehicle or fuel.,الراكب {0} في إجازة معتمدة ({1}) تشمل {2} ولا يمكنه استلام مركبة أو وقود.
Rider {0} is {1} in their Employee record and cannot receive a vehicle or fuel.,الراكب {0} حالته {1} في سجل الموظف الخاص به ولا يمكنه استلام مركبة أو وقود.
Riders who are not registered Employees on the manifest above (e.g. a guest or a not-yet-onboarded worker).,الركاب غير المسجلين كموظفين في كشف الركاب أعلاه (مثل ضيف أو عامل لم يُسجَّل بعد).
Rides On,يعتمد على
Risk (default),الخطورة (افتراضي)
Role,الدور
Role / Package,الدور / الباقة
Role / package key as it appeared on the source sheet. The rate is joined later by the rate-card engine; it is NOT on the source timesheet.,مفتاح الدور/الباقة كما ظهر في الورقة المصدرية. يُضاف السعر لاحقًا عبر محرّك بطاقة الأسعار؛ وهو غير موجود في سجل الدوام المصدري.
Role Profile,ملف الدور الوظيفي
Role that may approve a deduction of this type. Informational in the skeleton.,الدور الذي يجوز له اعتماد خصم من هذا النوع. للعلم فقط في الهيكل المبدئي.
Roles and Access,الأدوار والصلاحيات
"Rolled-up regulatory compliance state of the vehicle across its documents, flagging vehicles that are compliant, approaching expiry, expired, or not tracked.",حالة الامتثال التنظيمي المجمّعة للمركبة عبر وثائقها، تشير إلى المركبات الممتثلة أو المقتربة من انتهاء الصلاحية أو المنتهية أو غير المتتبَّعة.
"Rolled-up remediation state for the whole client audit plan, summarising progress across its findings and flagging plans that are overdue or closed by the client.",حالة المعالجة المجمّعة لخطة تدقيق العميل بأكملها، تلخّص التقدّم عبر ملحوظاتها وتشير إلى الخطط المتأخرة أو المغلقة من قبل العميل.
Roof,سطح
Room,الغرفة
Room Bed Transfer,نقل سرير الغرفة
Room Cleaning Details,تفاصيل تنظيف الغرفة
Room Condition Snapshot,صورة حالة الغرفة
Room Number,رقم الغرفة
Room Number Prefix,بادئة رقم الغرفة
Room Numbering,ترقيم الغرف
Room Setup,إعداد الغرف
Room Setup (Board),إعداد الغرف (لوحة متابعة)
Room Setup (Screen),إعداد الغرف (شاشة إدخال)
Room Setup — {0},إعداد الغرف — {0}
Room Status,حالة الغرفة
Room Status Breakdown,تفصيل حالة الغرف
Room Type,نوع الغرفة
Room Types,أنواع الغرف
Room and Bed Generation,توليد الغرف والأسرة
"Room and bed counts are managed by the Room Setup wizard. Click to add, change, or remove rooms / beds.",تُدار أعداد الغرف والأسرّة عبر معالج إعداد الغرف. اضغط لإضافة أو تغيير أو إزالة الغرف/الأسرّة.
Room is full. House {0} in a temporary over-capacity bed?,الغرفة ممتلئة. هل تُسكِن {0} في سرير مؤقّت يتجاوز السعة؟
Room marked ready.,تم تعليم الغرفة كجاهزة.
Room not ready,الغرفة غير جاهزة
Room the Maintenance Request will target. Required for a finding to be actionable.,الغرفة التي سيستهدفها طلب الصيانة. مطلوبة لتكون النتيجة قابلة للتنفيذ.
Room {0} does not exist.,الغرفة {0} غير موجودة.
Room {0} has {1} current occupant(s). Check them out before deactivating it.,الغرفة {0} بها {1} شاغل حالي. أنهِ إقامتهم قبل إلغاء تنشيطها.
Room {0} is currently '{1}' and cannot be assigned to an employee.,الغرفة {0} حاليًا '{1}' ولا يمكن إسنادها إلى موظف.
Room {0}: {1},الغرفة {0}: {1}
Room-level maintenance ticket. Can be generated automatically from a safety inspection report.,تذكرة صيانة على مستوى الغرفة. يمكن إنشاؤها آلياً من تقرير تفتيش السلامة.
Rooms,الغرف
Rooms Cleaned,الغرف التي تم تنظيفها
Rooms Generated,تم توليد الغرف
Rooms Generated On,تاريخ توليد الغرف
Rooms Needing Readiness,غرف بحاجة إلى تجهيز
Rooms Planned,تم تخطيط الغرف
Rooms Total,إجمالي الغرف
Rooms and beds created.,تم إنشاء الغرف والأسرّة.
Rooms needing readiness,الغرف التي تحتاج إلى تجهيز
Rooms on Floor,عدد الغرف في الطابق
Rotate Link and QR,تدوير الرابط ورمز QR
Round,جولة
Round Date,تاريخ الجولة
Route,المسار
Route Assignment,إسناد مسار
Route Name,اسم المسار
Route Plan,خطة المسار
Route Stop,محطة المسار
Route Supervisor,مشرف المسار
Route Template,قالب مسار
Route Type,نوع المسار
Route plan not found.,خطة المسار غير موجودة.
Route supervisor portal,بوابة مشرف المسار
Routed To Billing,مُوجَّه إلى الفوترة
Routed To Deduction,مُوجَّه إلى الخصم
Router,راوتر
Routes to Billing,يُوجَّه إلى الفوترة
Routes to Deduction,يُوجَّه إلى الخصم
Routing,التوجيه
Routing & Tracking,التوجيه والتتبع
"Row {0}: Days, Daily Rate and Amount cannot be negative.",الصف {0}: عدد الأيام والسعر اليومي والمبلغ لا يمكن أن تكون سالبة.
Row {0}: Qty must be 1 for serialized article {1}.,الصف {0}: يجب أن تكون الكمية 1 للصنف ذي الرقم التسلسلي {1}.
Row {0}: Qty must be greater than zero.,الصف {0}: يجب أن تكون الكمية أكبر من صفر.
Row {0}: Serial No is required for serialized article {1}.,الصف {0}: الرقم التسلسلي مطلوب للصنف ذي الرقم التسلسلي {1}.
Row {0}: Stop Name is required,الصف {0}: اسم المحطة مطلوب
Rows Emitted,السطور المُنشأة
Rule,القاعدة
Rule Applied,القاعدة المُطبَّقة
Run Name,اسم التشغيل
"Run version. A correction is a NEW version (reverse + re-run), never an in-place edit.",إصدار التشغيل. التصحيح إصدار جديد (عكس ثم إعادة تشغيل)، وليس تعديلاً في المكان أبداً.
Runtime net = the WPS bank total. Stock HRMS never lets a slip net fall below zero on the WPS line.,الصافي وقت التشغيل = إجمالي WPS البنكي. ونظام HRMS القياسي لا يسمح أبداً بنزول صافي الإيصال تحت الصفر في بند WPS.
Runtime rollup of Salary Slip gross. Never a seeded config value.,تجميع إجمالي إيصال الراتب وقت التشغيل. وليس قيمة إعداد مزروعة أبداً.
SHA-256 digest of the scanned pass token (the raw token is never stored).,بصمة SHA-256 لرمز البطاقة الممسوح (لا يُخزَّن الرمز الخام أبدًا).
SLA (Days),مستوى الخدمة (أيام)
SLA Breached,تجاوز مستوى الخدمة
SLA Breached — this request requires immediate attention.,تجاوز اتفاقية مستوى الخدمة — هذا الطلب يستلزم اهتماماً فورياً.
SMS,رسالة نصية
Safety,السلامة
Safety Checklist,قائمة فحص السلامة
Safety Equipment,معدات سلامة
Safety Finding Ledger,سجل ملاحظات السلامة
Safety Finding Ledger rows are immutable and cannot be edited.,صفوف سجل ملاحظات السلامة غير قابلة للتغيير ولا يمكن تعديلها.
Safety Finding Ledger rows cannot be deleted. Cancel the Safety Round to post a reversal instead.,لا يمكن حذف صفوف سجل ملاحظات السلامة. ألغِ جولة السلامة لترحيل قيد عكسي بدلاً من ذلك.
Safety Findings,ملاحظات السلامة
Safety Incident,حادثة سلامة سكنية
Safety Inspection Report,تقرير فحص السلامة
Safety Inspections,تفتيشات السلامة
Safety Inspections Over Time,تفتيشات السلامة عبر الزمن
Safety Inspections Recorded,فحوصات السلامة المسجلة
Safety Map,خريطة السلامة
Safety Map (Board),خريطة السلامة (لوحة متابعة)
Safety Officer,مسؤول السلامة
Safety Open Findings,نتائج السلامة المفتوحة
Safety Operations,عمليات السلامة
Safety Overdue Grace Days,أيام سماح تأخر السلامة
Safety Portal (Portal),بوابة السلامة (بوابة)
Safety Pre-Due Lead Days,أيام التنبيه المسبق للسلامة
Safety Profile,ملف السلامة
Safety Readiness,جاهزية السلامة
Safety Report Recipient,مستلِم تقرير السلامة
Safety Reports,تقارير السلامة
Safety Round,جولة سلامة
Safety Round Report,تقرير جولة السلامة
Safety Round Report: {0} ({1}),تقرير جولة السلامة: {0} ({1})
Safety Section — No Issues,قسم السلامة — لا توجد ملاحظات
Safety Setup,إعداد السلامة
Safety Setup Generated By,أنشأ إعداد السلامة
Safety Setup Generated On,تاريخ إنشاء إعداد السلامة
Safety Setup Generator,مولّد إعداد السلامة
Safety Setup Status,حالة إعداد السلامة
Safety Task (from Catalog),مهمة السلامة (من الدليل)
Safety Task Building Scope,نطاق مبنى مهمة السلامة
Safety Task Catalog,دليل مهام السلامة
Safety Task Compliance Summary,الالتزام بجولات السلامة
Safety Task Execution,تنفيذ مهمة السلامة
Safety Task Execution Log,الالتزام بالمهام المجدولة
Safety Task Executions by Result,تنفيذ مهام السلامة حسب النتيجة
Safety is set up. Scheduled tasks and inspections are active.,تم إعداد السلامة. المهام المجدولة والتفتيشات مفعّلة الآن.
Safety rounds,جولات السلامة
Safety rounds were recorded for {0} on {1}.,سُجِّلت جولات السلامة لـ{0} بتاريخ {1}.
"Safety setup complete. Templates created: {0}, skipped (existing): {1}.",اكتمل إعداد السلامة. القوالب المنشأة: {0}، المتخطاة (موجودة): {1}.
Safety task '{0}' failed on {1} (result: {2}). Repair required.,فشلت مهمة السلامة '{0}' بتاريخ {1} (النتيجة: {2}). يلزم إجراء إصلاح.
Salary Component,مكوّن الراتب
Salary Component {0} must be of type Deduction (deduction type {1}).,يجب أن يكون مكون الراتب {0} من نوع خصم (نوع الخصم {1}).
Salary Deduction,خصم من الراتب
Salary Deduction Policy,سياسة الخصم من الراتب
Salary Deduction Type Rule,قاعدة نوع الخصم من الراتب
Salary component {0} must be of type Deduction for damage assessments.,مكوّن الراتب {0} يجب أن يكون من نوع خصم لتقييمات التلفيات.
Sales Taxes and Charges Template,قالب ضرائب ورسوم المبيعات
Salis,سلس
Salis Active Trips,رحلات نشطة
Salis Compliance Drivers Licenses Expiring Soon,رخص قائدين قاربت الانتهاء
Salis Dispatch Board,لوحة توجيه سلس
Salis Dispatch Board (Board),لوحة توجيه سلس (لوحة متابعة)
Salis Driver,سائق
Salis Fuel Setup,إعداد وقود سلس
Salis Payment Request,طلب دفع
Salis Rentals Costs Settlements Pending Approval,تسويات بانتظار الاعتماد
Salis Representatives Fleet Vehicles Stopped,مركبات موقوفة
Salis Settings,إعدادات سلس
Salis Vehicle,مركبة
Salis Vehicle Compliance,امتثال المركبة
Salis departure (relocation) transport raised for a Final Exit / End of Contract checkout.,نقل مغادرة (ترحيل) من ساليس تم إنشاؤه لإخلاء سكن لخروج نهائي / نهاية عقد.
Same project,المشروع نفسه
Same project as the selected worker,المشروع نفسه كالعامل المحدد
Same-Company Relocation,نقل داخل نفس الشركة
Sample Issued,صدر النموذج
Sample Round Count,عدد جولات النموذج
Sanitary Fixtures,تجهيزات صحية
Satisfactory,مُرضٍ
Saturday,السبت
Saudi National Address,العنوان الوطني السعودي
Saudi Post (SPL) National Address. Pincode above is the 5-digit Postal Code; City and Street use the standard address fields.,العنوان الوطني للبريد السعودي. الرمز البريدي أعلاه هو الرمز البريدي المكوّن من خمسة أرقام؛ وتستخدم المدينة والشارع حقول العنوان القياسية.
Save this code to follow up with your supervisor.,احتفظ بهذا الرمز للمتابعة مع مشرفك.
Scan,مسح
Scan Iqama / Worker Link,امسح الإقامة / رابط العامل
Scan a worker badge or an article barcode,امسح بطاقة عامل أو الرمز الشريطي لعهدة
Scan failed — enter the details manually.,فشل المسح — أدخل التفاصيل يدوياً.
"Scan or type an Iqama number or personal link, then press Enter to identify the worker.",امسح أو اكتب رقم إقامة أو رابطاً شخصياً، ثم اضغط Enter لتحديد هوية العامل.
Scan passport (MRZ),مسح الجواز (المنطقة المقروءة آلياً)
Scan verdict. Anything other than an explicit pass HOLDS the export (fail-closed).,حكم الفحص. أي نتيجة غير النجاح الصريح تحجز التصدير (فشل آمن).
Scanned At,وقت المسح
Scanned By,فحصه
Scanner,الماسح
Scanner Args,وسائط الماسح
Scanner findings when the export is blocked.,نتائج الماسح عند حجب التصدير.
Schedule,الجدول الزمني
Schedule & Status,الجدول والحالة
Scheduled,مجدول
Scheduled Awaiting Dispatch,مجدولة بانتظار الإرسال
Scheduled Date,التاريخ المجدول
Scheduled Job Log,سجل المهام المجدولة
Scheduled Task,مهمة مجدولة
Scheduled Task Assignment,إسناد مهمة مجدولة
Scheduled Task Completion Rate %,نسبة إنجاز المهام المجدولة (%)
Scheduled Task Instance,تنفيذ مهمة مجدولة
Scheduled Task Instances by Status,سجلات تنفيذ المهام المجدولة حسب الحالة
Scheduled Task Template,قالب جدولة المهام
Scheduled Task Template Item,عنصر قالب مهمة مجدولة
Scheduled Tasks Open,المهام المجدولة المفتوحة
Scheduled Visit Frequency,دورية الزيارات المجدولة
Scheduling,الجدولة
Scope,النطاق
Scope and Authorization,النطاق والتفويض
Scope for catalog {0}: {1},النطاق للكتالوج {0}: {1}
Scrapped,مشطوب
"Search a name or passport, or register a new arrival",ابحث باسم أو جواز سفر، أو سجّل وصولاً جديداً
Search articles,ابحث عن الأصناف
Search articles…,البحث في المواد…
Search failed. Please retry.,فشل البحث. يرجى إعادة المحاولة.
Search plate or category,ابحث بلوحة أو فئة
Search worker name or passport…,البحث باسم العامل أو جواز السفر…
Seat Capacity,سعة المقاعد
Secondary Number,الرقم الإضافي
Seconds a worker's 'please wait' request is held active (drives the client countdown). A blank or zero value falls back to the built-in default.,"عدد الثواني التي يظل فيها طلب ""يرجى الانتظار"" للعامل نشطًا (يحرك العد التنازلي في الواجهة). القيمة الفارغة أو الصفرية تعود إلى الافتراضي المدمج."
Seconds the worker has to respond after each driver notification (drives the client countdown). A blank or zero value falls back to the built-in default.,عدد الثواني المتاحة للعامل للرد بعد كل إشعار من السائق (يحرك العد التنازلي في الواجهة). القيمة الفارغة أو الصفرية تعود إلى الافتراضي المدمج.
"Secret API key/token for the gateway, sent as an Authorization: Bearer header. Stored encrypted; never echoed back to the client.",مفتاح/رمز سرّي لواجهة البوابة البرمجية، يُرسَل ضمن ترويسة Authorization: Bearer. يُخزَّن مُشفّراً؛ ولا يُعاد إرساله إلى العميل أبداً.
Security,أمن
Security Gate Cleared,تم إخلاء بوابة الأمن
See who is currently housed across your buildings.,اطّلع على المقيمين حالياً في مبانيك.
"Select 'Building' if leasing an entire building, or 'Apartment' if leasing a single unit.",اختر 'مبنى' إذا كان العقد لعمارة كاملة، أو 'شقة' إذا كان العقد لوحدة مستقلة.
Select a building before issuing.,اختر مبنى قبل الصرف.
Select a building to load the board.,اختر مبنى لتحميل اللوحة.
Select a building to load the catalog.,اختر مبنى لتحميل الكتالوج.
Select a building to load the map.,اختر مبنى لتحميل الخريطة.
Select a row from the Rent Payment Schedule to generate a payment.,اختر صفاً من جدول الدفعات لتوليد الدفع.
Select a valid worker type (Employee or Temporary Worker).,اختر نوع عامل صالح (موظف أو عامل مؤقت).
Select a worker before continuing.,اختر عاملاً قبل المتابعة.
Select a worker before issuing.,اختر عاملاً قبل الصرف.
Select a worker before returning.,اختر عاملاً قبل الإرجاع.
Select a worker to load held custody.,اختر عاملاً لتحميل العهدة المحتفظ بها.
Select all,تحديد الكل
Select at least one passenger.,اختر راكباً واحداً على الأقل.
Select at least one vehicle.,اختر مركبة واحدة على الأقل.
Select at least one worker to board.,اختر عاملًا واحدًا على الأقل للصعود.
Select from the Habitat material catalog. Optional — use instead of or alongside ERPNext Item.,اختر من كتالوج مواد Habitat. اختياري — استخدمه بدلاً من صنف ERPNext أو إلى جانبه.
Select one or more New requests first.,اختر طلباً جديداً واحداً أو أكثر أولاً.
Select the Resident,اختر المقيم
Select the Worker,اختر العامل
Select the accommodation building for this stay.,اختر مبنى السكن لهذه الإقامة.
Select the affected room.,اختر الغرفة المتأثرة.
Select the building the trip serves.,اختر المبنى الذي تخدمه الرحلة.
Select the building where custody is issued.,اختر المبنى الذي تُصرف فيه العهدة.
Select the building where the issue is.,اختر المبنى الذي يوجد به العطل.
Select the driver for this request.,اختر السائق لهذا الطلب.
Select the kind of request.,اختر نوع الطلب.
Select the room inside the building.,اختر الغرفة داخل المبنى.
Select the vehicle to be fuelled.,اختر المركبة المراد تزويدها بالوقود.
Select the vehicle to release.,اختر المركبة المراد تحريرها.
"Select this building's address, or a Site, to show it here.",اختر عنوانَ هذا المبنى، أو موقعًا، لعرضه هنا.
Selected Bed {0} does not belong to Room {1},السرير المحدد {0} لا ينتمي إلى الغرفة {1}
Selected Bed {0} is Out of Service,السرير المحدد {0} خارج الخدمة
Selected Bed {0} is already occupied by Assignment {1},السرير المحدد {0} مشغول بالفعل بالإسناد {1}
Selected Room {0} does not belong to Building {1},الغرفة المحددة {0} لا تنتمي إلى المبنى {1}
Semi-Annual,نصف سنوي
Send a memo-only notification to Finance when a Material Transfer moves stock between buildings on different cost centers. No GL Entry is posted.,إرسال إشعار مذكرة فقط إلى المالية عند نقل المواد للمخزون بين مبانٍ على مراكز تكلفة مختلفة. دون ترحيل أي قيد في دفتر الأستاذ العام.
"Send background push notifications (trip assigned, fuel approved) to opted-in driver devices; needs the VAPID keys below plus pywebpush on the server, else a safe no-op.",إرسال إشعارات الدفع في الخلفية (إسناد رحلة، اعتماد وقود) إلى أجهزة السائقين المشتركين؛ يتطلب مفاتيح VAPID أدناه وحزمة pywebpush على الخادم، وإلا فلا يُنفَّذ أي إجراء بأمان.
Send via WhatsApp/SMS,إرسال عبر واتساب/رسالة نصية
Sender ID / From Number,معرّف المُرسِل / رقم الإرسال
Sending…,جارٍ الإرسال…
Sent ✓,تم الإرسال ✓
Separation Of Duties,فصل المهام
Separation of duties: the WPS preparer cannot also release it.,فصل المهام: لا يجوز أن يكون مُعِدّ ملف WPS هو مُصدِره أيضاً.
September,سبتمبر
Sequence,التسلسل
Serial No,الرقم التسلسلي
Serial No.,الرقم التسلسلي
Serial Number,الرقم التسلسلي
Series,التسلسل
"Server-derived Delegation-of-Authority flag: when set, only Operations-tier authorization is allowed. Read by workflow; cannot be hand-set.",مؤشر تفويض الصلاحية مشتق من الخادم: عند تعيينه، يُسمح فقط باعتماد على مستوى العمليات. يُقرأ بواسطة سير العمل؛ لا يمكن تعيينه يدويًا.
Server-derived: submitted Administrative Trips this month for the project (incl. this one).,مشتق من الخادم: الرحلات الإدارية المعتمدة هذا الشهر للمشروع (متضمناً هذه الرحلة).
Server-stamped when the photo is recorded. Not client-supplied.,يُختم من الخادم عند تسجيل الصورة. لا يُورَّد من العميل.
Service,الخدمة
Service Contract,عقد الخدمة
Service Cost (SAR),تكلفة الخدمة (ريال)
Service Level,مستوى الخدمة
Service Line,خط الخدمة
Service Order marked In Progress.,تم تحديد حالة أمر الخدمة كـ 'قيد التنفيذ'.
Service Order marked Missed.,تم تحديد حالة أمر الخدمة كـ 'فائت'.
Service Type,نوع الخدمة
"Service life of a consumable issue (linens, mattresses). 0 = no expiry; a daily job alerts on held items older than this.",العمر الخدمي لصرف مستهلك (المفروشات، المراتب). القيمة 0 = لا انتهاء؛ تنبّه مهمة يومية على الأصناف المحتفظ بها الأقدم من ذلك.
"Set ON only after Legal/HR has reviewed the caps, the consent flow, and the per-type rules against current KSA Labor Law.",فعّل هذا فقط بعد أن تراجع الإدارة القانونية/الموارد البشرية الحدود القصوى ومسار الموافقة وقواعد كل نوع وفقًا لنظام العمل السعودي الحالي.
"Set a fuel quota, request fuel, and reconcile the claim.",حدد حصة وقود، واطلب الوقود، وطابق المطالبة.
Set an Issue Type to make this finding actionable: on report submit it spawns a Maintenance Request of this type.,حدّد نوع مشكلة لجعل هذه النتيجة قابلة للتنفيذ: عند ترحيل التقرير يُنشئ طلب صيانة من هذا النوع.
Set automatically by the Arrivals Desk once this expected worker is matched to a registered arrival. Read-only by design.,يُضبط آلياً بواسطة مكتب الوصول بمجرد مطابقة هذا العامل المتوقع بوصول مُسجَّل. للقراءة فقط بحكم التصميم.
Set automatically when this request is generated from a safety inspection report.,يُضبط آلياً عند إنشاء هذا الطلب من تقرير تفتيش سلامة.
Set automatically when this request is spawned from a failed safety task execution.,يُحدَّد آلياً عند إنشاء هذا الطلب من تنفيذ مهمة سلامة فاشلة.
Set by the accrual engine once litres are posted to the Fuel Consumption Ledger. Guards against double-posting.,يُعيَّن بواسطة محرّك الاستحقاق بمجرد ترحيل اللترات إلى دفتر استهلاك الوقود. يحمي من الترحيل المزدوج.
Set by the receiving supervisor once every line has been physically checked. Required before approval.,يحدده المشرف المستلم بعد فحص كل بند فعلياً. مطلوب قبل الاعتماد.
Set by the scheduled task once the Iqama issues and a permanent Employee record is created.,يُعيَّن بواسطة المهمة المجدولة بمجرد صدور الإقامة وإنشاء سجل موظف دائم.
Set externally after Finance posts payment. This DocType never creates a GL or Payment Entry.,يُعيَّن خارجيًا بعد ترحيل المالية للدفعة. هذا المستند لا يُنشئ أبدًا قيدًا محاسبيًا أو قيد دفع.
"Set for quota-increase claims, which always require Operations-tier authority.",يُعيَّن لمطالبات زيادة الحصة، التي تتطلب دائمًا صلاحية على مستوى العمليات.
Set how urgent the repair is.,حدّد مدى إلحاح الإصلاح.
Set on a reversal row; points at the ledger entry this row reverses (reverse-not-delete).,يُضبَط على سطر العكس؛ يشير إلى قيد الدفتر الذي يعكسه هذا السطر (عكس لا حذف).
Set on the reversal row posted when the source movement is cancelled. The original row is preserved for audit.,يُضبط على الصف العكسي المُرحَّل عند إلغاء الحركة المصدر. يُحتفظ بالصف الأصلي للتدقيق.
Set once the worker is registered as a permanent Employee.,يُحدَّد بمجرد تسجيل العامل موظفاً دائماً.
Set only when the request concerns a specific bed.,يُحدَّد فقط عندما يخص الطلب سريرًا معيّنًا.
Set the Check-in Date,حدّد تاريخ الدخول
Set the Issue Date,حدّد تاريخ الصرف
Set the Priority,حدّد الأولوية
Set the date of the request.,حدّد تاريخ الطلب.
"Set the date the resident moves in, then save to begin the stay.",حدّد تاريخ دخول المقيم، ثم احفظ لبدء الإقامة.
Set the date these articles are handed over.,حدّد تاريخ تسليم هذه الأصناف.
Set the monthly litre allowance for a vehicle so consumption can be reconciled.,حدد البدل الشهري باللترات لمركبة ليتسنى مطابقة الاستهلاك.
Set the number of beds in each room. Use − / + to adjust.,حدد عدد الأسرّة في كل غرفة. استخدم − / + للتعديل.
Set to the session user on creation; read-only so the segregation-of-duties gate cannot be spoofed.,يُضبط إلى مستخدم الجلسة عند الإنشاء؛ وهو للقراءة فقط بحيث لا يمكن التحايل على بوابة الفصل بين المهام.
Set when a subcontractor visit is created from this request,يُضبط عند إنشاء زيارة مقاول من هذا الطلب
Set when a temporary top-up has been reverted (by the daily auto-revert job or manually). Allowed on submit so the scheduler can flip it.,يُضبط عند عكس تعبئة مؤقتة (بواسطة مهمة العكس التلقائي اليومية أو يدويًا). مسموح به عند الإرسال ليتمكن المجدول من تبديله.
Set when the driver marks arrival at this stop (the worker 'driver has arrived' signal).,"يُضبط عند تسجيل السائق وصوله إلى هذه المحطة (إشارة ""وصل السائق"" للعامل)."
Set when the driver marks this stop done.,يُضبط عندما يضع السائق علامة إنجاز هذه المحطة.
Set when the driver/employee has acknowledged responsibility for the loss.,يُضبط عند إقرار السائق/الموظف بالمسؤولية عن الخسارة.
Set when the incident is escalated to a damage write-off.,يُضبط عند تصعيد البلاغ إلى شطب أضرار.
Set when the request is approved.,يُضبط عند اعتماد الطلب.
Set when the transfer is approved.,يُضبط عند اعتماد التحويل.
Set when the transport supervisor assigns this request onto a Dispatch Trip. Status remains workflow-owned; this is the preliminary assignment flag.,يُضبط عندما يُسند مشرف النقل هذا الطلب إلى رحلة تسيير. تبقى الحالة بيد سير العمل؛ وهذه إشارة الإسناد المبدئي.
Set when the workbook stacks many per-branch blocks that must be split into one line-set each.,يُفعّل عندما يضم المصنّف عدة كتل لكل فرع يجب فصل كل منها إلى مجموعة سطور مستقلة.
Set when the worker fell below the monthly target-day threshold.,يُضبَط عندما ينخفض العامل دون حدّ أيام الهدف الشهري.
Set when the write-off case is approved.,يُضبط عند اعتماد حالة الشطب.
Set when this is a follow-up round repeating the same cadence for the building on the same date.,يُحدَّد متى تكون هذه جولةَ متابعةٍ تُكرّر الوتيرة نفسها للمبنى في التاريخ نفسه.
Set when this request's litres are posted to the quota's consumed total. Guards against double-application on resubmit.,يُعيَّن عند ترحيل لترات هذا الطلب إلى إجمالي الحصة المستهلك. يحمي من الاحتساب المزدوج عند إعادة التقديم.
Set when this scan appended a boarding row to the Trip Start Log (a Valid first scan).,يُضبط عندما يضيف هذا المسح صف صعود إلى سجل بدء الرحلة (أول مسح صالح).
Set when this write-off was escalated from a Vehicle Incident.,يُضبط عند تصعيد هذا الشطب من بلاغ مركبة.
Settled,تمت التسوية
Settlement,التسوية
"Settlement period, e.g. 2026-05.",فترة التسوية، مثال: 2026-05.
"Settlement stage of the rental period, from draft through reconciliation and approval to payment, or held as disputed or cancelled.",مرحلة تسوية فترة الإيجار، من مسودة مرورًا بالتسوية والاعتماد حتى السداد، أو معلّقة كمحل نزاع أو ملغاة.
Settlements Pending Approval,التسويات بانتظار الاعتماد
Setup Rooms,إعداد الغرف
Setup Status,حالة الإعداد
Setup: mapping and format rules that drive timesheet ingestion.,الإعداد: قواعد الربط والصيغ التي تقود استيراد سجل الدوام.
Severe,شديدة
Severity,الخطورة
Sewage Tank Suction,نزح خزان الصرف الصحي
Share the on-site code with the receiving supervisor.,شارك رمز الموقع مع المشرف المستلِم.
Share this code with the receiving supervisor: {0},شارك هذا الرمز مع المشرف المستلم: {0}
Shared Meter,عدّاد مشترك
Sharing Note,ملاحظة المشاركة
Shift,الوردية
Shift Details,تفاصيل الوردية
Shift End Time,وقت نهاية الوردية
Shift Name,اسم الوردية
Shift Relocation,نقل المناوبة
Shift Start Time,وقت بداية الوردية
Shifts,الورديات
Short Address,العنوان المختصر
Short Address must be 4 letters followed by 4 digits (e.g. RCTB4359).,يجب أن يتكون العنوان المختصر من أربعة أحرف يتبعها أربعة أرقام (مثال: RCTB4359).
Short code used to prefix generated room numbers.,رمز مختصر يُستخدم كبادئة لأرقام الغرف المُنشأة.
Show AFMCO brand mark and wordmark in the portal header.,إظهار علامة وشعار AFMCO النصي في رأس البوابة.
Show Brand,إظهار العلامة التجارية
Show Zero Balances,عرض الأرصدة الصفرية
Show only available,عرض المتاح فقط
Sign to accept the housing terms,وقّع للموافقة على شروط السكن
Sign to acknowledge receipt,وقّع للإقرار بالاستلام
Signature,توقيع
Signature (fallback),التوقيع (بديل)
Signed Evidence,إثبات موقّع
Signed Form,نموذج موقّع
Signed Qty,الكمية بالإشارة
Signed acknowledgment / consent document (Mahdar Iqrar) from the worker. Evidence of consent for audit and legal review.,مستند إقرار / موافقة موقّع (محضر إقرار) من العامل. دليل الموافقة للتدقيق والمراجعة القانونية.
Signed handover evidence is required before submitting.,إثبات تسليم موقّع مطلوب قبل الاعتماد.
Signed penalty adjustment on the client side (computed at runtime).,تعديل غرامة موقّع على جانب العميل (يُحسب وقت التشغيل).
Single configuration record controlling the look and feel of the Salis Driver Portal (the mobile web app at /driver).,سجل إعداد مفرد يتحكم في شكل ومظهر بوابة سائق سلس (تطبيق الويب للجوال على /driver).
Single configuration record for the Salis Fleet Management module.,سجل إعداد مفرد لوحدة إدارة أسطول سلس.
Single mattress for worker accommodation bed. Routinely purchased bedding item.,مرتبة مفردة لسرير سكن العمال. صنف مفروشات يُشترى دورياً.
Single monthly utility bill linked to a Utility Account. Posts to Accommodation Ledger on submit.,فاتورة مرافق شهرية واحدة مرتبطة بحساب مرافق. تُرحَّل إلى سجل السكن عند الاعتماد.
"Single service visit, such as one pest control visit or one sewage tank suction.",زيارة خدمة واحدة، مثل زيارة مكافحة آفات واحدة أو شفط خزان مجاري واحد.
Site,الموقع
Site Code,رمز الموقع
Site Name,اسم الموقع
Site Token,رمز الموقع
Site Transport,النقل داخل الموقع
"Site-key-encrypted (Fernet) copy of the raw token, kept only so the desk can re-share the SAME link (QR / WhatsApp) without rotating. Useless without the site encryption key.",نسخة من الرمز الخام مشفّرة بمفتاح الموقع (Fernet)، محفوظة فقط ليتمكن المكتب من إعادة مشاركة الرابط نفسه (QR / واتساب) دون تدويره. وهي عديمة الفائدة دون مفتاح تشفير الموقع.
Skip,تخطّي
Skip Reason,سبب التخطّي
Skipped,تم التخطّي
Slips Built,الإيصالات المُنشأة
Slips are held until the period's deduction declaration is received.,تُحجَز القسائم حتّى يُستلَم إقرار خصومات الفترة.
Slips are held until this is 'received'.,تُحجز الإيصالات حتى تصبح هذه الحالة «مُستلَم».
Slips built for this run.,الإيصالات المُنشأة لهذا التشغيل.
Smoke Detector,كاشف دخان
Smoke Detectors Present,كاشفات الدخان موجودة
Snapshot,لقطة
Snapshot Date,تاريخ اللقطة
Snapshot Retention (Days),مدة الاحتفاظ باللقطات (أيام)
Snapshot of the finding's status at the moment the round was submitted (e.g. Open / In Progress / Resolved). Immutable so a later edit of the parent finding cannot rewrite history.,لقطة لحالة الملاحظة عند لحظة اعتماد الجولة (مثل: مفتوحة / قيد المعالجة / مُغلقة). غير قابلة للتغيير حتى لا يُعيد تعديلٌ لاحق للملاحظة الأصل كتابة السجل التاريخي.
Snapshots,اللقطات
Snooze,تأجيل
Snooze Until,التأجيل حتى
Snooze alert,تأجيل التنبيه
Snooze alerts,تأجيل التنبيهات
Snooze selected ({0}),تأجيل المحدد ({0})
Snooze until,تأجيل حتى
Snoozed,مؤجَّل
Snoozed by {0} ({1}),أجَّله {0} ({1})
SoD Pair,زوج فصل المهام
SoD Violation,مخالفة فصل المهام
Sort,ترتيب
Source,المصدر
Source Channel,قناة المصدر
Source Checkout,تسجيل المغادرة المصدر
Source Detail No,رقم تفصيل المصدر
Source DocType,نوع المستند المصدر
"Source DocType the deduction originates from (for example Custody Damage Assessment, Accommodation Checkout).",نوع المستند المصدر الذي ينشأ منه الخصم (مثل تقييم تلف العهدة، مغادرة الإسكان).
Source DocType:name this row was migrated from when Fuel Topup/Chip Request DocTypes merged into Fuel Request. Blank for native requests.,المستند:الاسم المصدري الذي تم ترحيل هذا الصف منه عند دمج مستندي تعبئة الوقود/طلب الشريحة في طلب الوقود. يُترك فارغًا للطلبات الأصلية.
Source Document,المستند المصدر
Source Field,الحقل المصدر
Source Fieldname (Salis Payment Request),اسم الحقل المصدر (طلب دفع ساليس)
Source File,الملف المصدر
Source Freelancer,المستقل المصدر
Source Handover,تسليم المصدر
Source Incident,البلاغ المصدر
Source Inspection Report,تقرير الفحص المصدر
Source Kind,نوع المصدر
Source Line ID,معرّف سطر المصدر
Source Records,السجلات المصدر
Source Reference,مرجع المصدر
Source Safety Execution,تنفيذ السلامة المصدر
Source Temporary Worker,العامل المؤقت المصدر
Source Title,عنوان المصدر
Source Token,الرمز المصدري
Source Type,نوع المصدر
Source and Tracking,المصدر والتتبّع
Source and destination buildings must be different.,يجب أن يكون مبنى المصدر والوجهة مختلفين.
Source and target beds must be different.,يجب أن يختلف سرير المصدر عن سرير الوجهة.
Source bed has no active resident to transfer.,السرير المصدر لا يحتوي على مقيم نشط للنقل.
"Source column header, cell reference or region on the client artifact.",عنوان العمود المصدري أو مرجع الخلية أو المنطقة في ملف العميل.
Source not installed: {0},المصدر غير مُثبَّت: {0}
"Source status token exactly as it appears on the client artifact (case-insensitive), incl. Arabic free-text and client-specific vocabularies.",رمز الحالة المصدر كما يظهر تمامًا في مستند العميل (دون حساسية لحالة الأحرف)، بما في ذلك النص العربي الحر ومفردات العميل الخاصة.
Source token {0} is mapped more than once.,رمز المصدر {0} معيَّن أكثر من مرة.
Specific Buildings,مباني محددة
Specific Location,الموقع المحدّد
Specific Rate for this Building (SAR),تسعيرة المبنى الخاصة (ريال)
Specific fixed asset this request concerns (e.g. AC-001). Enables maintenance history per asset.,الأصل الثابت المحدد الذي يخصه هذا الطلب (مثل AC-001). يتيح سجل الصيانة لكل أصل.
Split air-conditioning unit for accommodation cooling. Durable appliance; periodic maintenance and refrigerant refill.,وحدة تكييف منفصلة لتبريد السكن. جهاز معمّر؛ صيانة دورية وإعادة تعبئة غاز التبريد.
Sponsorship Fee,رسوم كفالة
Stable adapter code. This is the record's id and cannot be changed once saved.,رمز محوّل ثابت. هو معرّف السجل ولا يمكن تغييره بعد الحفظ.
Stable business code. This is the record's id and cannot be changed once saved.,رمز تجاري ثابت. هو معرِّف السجل ولا يمكن تغييره بعد الحفظ.
Stable group identity (type + entity + period + field). Unique: one disposition per group.,هوية مجموعة ثابتة (النوع + الكيان + الفترة + الحقل). فريدة: تصرّف واحد لكل مجموعة.
"Stable machine key of the component (e.g. basic, gosi, vat). This is the record id and cannot change.",المفتاح الآلي الثابت للمكوّن (مثل basic أو gosi أو vat). وهو معرّف السجل ولا يمكن تغييره.
"Stage of the goods receipt, tracking whether stock has been received into custody, handed over to the end holder, or the receipt was cancelled.",مرحلة استلام البضاعة، تتابع ما إذا أُدخل المخزون إلى العهدة، أو سُلّم إلى الحائز النهائي، أو أُلغي الاستلام.
Staircase,الدرج
Stale,متقادم
Stamped automatically when Finance approves. Read-only.,يُختم آلياً عند اعتماد المالية. للقراءة فقط.
Stamped when a Maintenance Work Order for the linked asset is completed.,يُختم عند اكتمال أمر عمل صيانة للأصل المرتبط.
Stand / wall electric fan for accommodation ventilation. Durable appliance.,مروحة كهربائية أرضية / جدارية لتهوية السكن. جهاز معمّر.
Standard,قياسي
Standard Rate Per Visit (SAR),أجرة الزيارة القياسية (ريال)
Standard Unit Cost (SAR),تكلفة الوحدة القياسية (ريال)
"Standard: quota consumption + ledger posting. Top-up: add litres, optionally temporary. Chip: issue/replace/cancel a fuel chip.",قياسي: استهلاك الحصة + ترحيل الدفتر. تعبئة: إضافة لترات، مؤقتة اختياريًا. شريحة: إصدار/استبدال/إلغاء شريحة وقود.
Start Date,تاريخ البدء
Start Date cannot be after End Date.,لا يمكن أن يكون تاريخ البداية بعد تاريخ النهاية.
Start Datetime,تاريخ ووقت البدء
Start Review,بدء المراجعة
Start Task,بدء المهمة
Start Time,وقت البداية
Start Work,بدء العمل
Start the trip before marking arrival.,ابدأ الرحلة قبل تسجيل الوصول.
Start the trip before marking stops.,ابدأ الرحلة قبل وضع علامات على المحطات.
Started,بدأ
Starting Room Number,بداية ترقيم الغرف
"State of a single generated task occurrence, tracking whether it is open, being worked, completed on time, overdue, or cancelled.",حالة نسخة مهمة مولّدة واحدة، تتابع ما إذا كانت مفتوحة أو قيد العمل أو مكتملة في وقتها أو متأخرة أو ملغاة.
"State of an individual service visit order, tracking whether the visit is scheduled, in progress, completed, missed by the vendor, or cancelled.",حالة أمر زيارة خدمة فردي، تتابع ما إذا كانت الزيارة مجدولة أو قيد التنفيذ أو مكتملة أو فائتة من المورّد أو ملغاة.
"State of the custody issue document, tracking whether items are still issued, fully or partially returned, or the issue was cancelled before handover.",حالة مستند صرف العهدة، تتابع ما إذا كانت الأصناف لا تزال مصروفة أو معادة كليًا أو جزئيًا، أو أُلغي الصرف قبل المناولة.
State why the trip is needed.,وضّح سبب الحاجة إلى الرحلة.
State/value after the action.,الحالة/القيمة بعد الإجراء.
State/value before the action.,الحالة/القيمة قبل الإجراء.
State: {0},الحالة: {0}
Static,ثابت
Static Value,القيمة الثابتة
Status,الحالة
Status Code,رمز الحالة
Status Code Map,خريطة رموز الحالة
Status Token Map,خريطة رمز المصدر
Status advanced to {0} by {1}.,تم تقديم الحالة إلى {0} بواسطة {1}.
Status reverted from {0} to {1}.,تم إرجاع الحالة من {0} إلى {1}.
Status: {0},الحالة: {0}
Statutory VAT Template,قالب ضريبة القيمة المضافة النظامي
Stay Details,تفاصيل الإقامة
Stay Type,نوع الإقامة
Sticker Requested,تم طلب الملصق
"Stock ERPNext Contract that anchors the client, the period and the delegation of authority. Optional at draft.",عقد ERPNext القياسي الذي يربط العميل والفترة وتفويض الصلاحيات. اختياري في حالة المسودة.
"Stock ERPNext Service Item this line maps to, so the invoice generator reuses a stock Sales Invoice line.",صنف خدمة ERPNext القياسي الذي يرتبط به هذا البند، ليعيد مولّد الفواتير استخدام بند فاتورة مبيعات قياسي.
Stock Entry,حركة المخزون
Stop,محطة
Stop Date,تاريخ الإيقاف
Stop Details,تفاصيل الإيقاف
Stop Name,اسم المحطة
Stop Progress,تقدم المحطات
Stop Reason,سبب الإيقاف
Stop a Vehicle,أوقف مركبة
Stop {0} cancelled.,أُلغي الإيقاف {0}.
Stopped,متوقف
Stopped > {0} days,متوقّف منذ أكثر من {0} يوم
Stopped via {0}: {1}.,تم الإيقاف عبر {0}: {1}.
Stops,المحطات
Storage,مخزن
Store & Custody,المستودع والعهدة
Straight Line,القسط الثابت
Structural,إنشائي
Subcontractor,مقاول من الباطن
Subcontractor Building Coverage,تغطية مباني مقاول الباطن
Subcontractor Dispatched,تم تكليف مقاول الباطن
Subcontractor Service Contract,عقد خدمة مقاول الباطن
Subcontractor Service Order,أمر خدمة المقاول
Subcontractor Service Orders by Status,أوامر خدمة مقاول الباطن حسب الحالة
Subcontractors,مقاولو الباطن
Subject,الموضوع
Subject Key,مفتاح الموضوع
Submit Manifest,إرسال البيان
Submit Request,إرسال الطلب
Submit the settlement before raising a payment request.,اعتمد التسوية قبل إنشاء طلب دفع.
Submittable: formal work order derived from a Maintenance Request.,قابل للاعتماد: أمر عمل رسمي مشتق من طلب صيانة.
Submittable: official on-site maintenance inspection record.,قابل للاعتماد: سجل تفتيش صيانة ميداني رسمي.
Submittable: one execution of a Scheduled Task Template. Auto-generated by the daily scheduler job.,قابل للاعتماد: تنفيذ واحد لقالب مهمة مجدولة. يُنشأ آلياً بواسطة مهمة الجدولة اليومية.
Submittable: periodic snapshot of operational asset book values. No GL impact.,قابل للاعتماد: لقطة دورية للقيم الدفترية للأصول التشغيلية. دون أثر على دفتر الأستاذ العام.
Submittable: records facility/operational custody articles issued to a responsible party.,قابل للاعتماد: يسجّل أصناف عهدة المنشأة/التشغيل المصروفة لجهة مسؤولة.
Submittable: records the return of custody articles against a prior Custody Issue.,قابل للاعتماد: يسجّل إرجاع أصناف العهدة مقابل صرف عهدة سابق.
Submitted At,وقت الإرسال
Submitted By Me,المُقدَّمة منّي
Submitted to Movement,مُرسل إلى الحركة
Subscription,الاشتراك
Success %,نسبة النجاح
Success Percent Penalty,غرامة نسبة النجاح
Suggestion,اقتراح
Sum of Fuel Consumption Ledger litres for this vehicle and period. Computed by the system.,مجموع لترات دفتر استهلاك الوقود لهذه المركبة وهذه الفترة. يحتسبه النظام.
Sum of the Billable Line amounts (computed at runtime; no VAT here).,مجموع مبالغ بنود الفوترة (يُحسب وقت التشغيل؛ دون ضريبة قيمة مضافة هنا).
Sum of the Payable Line gross amounts (computed at runtime).,مجموع مبالغ إجمالي بنود المستحقات (يُحسب وقت التشغيل).
Sum of the linked Rental Accrual Ledger rows for this office and period — the machine-written source of truth. Reference cross-check.,مجموع صفوف دفتر استحقاق الإيجار المرتبطة لهذا المكتب والفترة — مصدر الحقيقة المكتوب آليًا. مرجع للمطابقة.
Sunday,الأحد
Superseded,مُلغى بإصدار أحدث
Superseding a Rate Card may only change its status; edit anything else by creating a new version.,إلغاء بطاقة الأسعار بإصدار أحدث لا يغيّر سوى حالتها؛ ولتعديل أي شيء آخر أنشئ إصداراً جديداً.
Supervision,الإشراف
Supervisor,مشرف
Supervisor Approval,اعتماد المشرف
Supervisor Approved,معتمد من المشرف
Supervisor Confirmed Completion,أكد المشرف اكتمال العمل
Supervisor Delay,تأخر المشرف
Supervisor E-Signature,التوقيع الإلكتروني للمشرف
Supervisor Inventory,جرد المشرف
Supervisor Rating,تقييم المشرف
Supervisor Review,مراجعة المشرف
Supervisor Salary,راتب المشرف
Supervisor accountable for this asset; appears on facility custody report,المشرف المسؤول عن هذا الأصل؛ يظهر في تقرير عُهدة المنشأة
Supervisor accountable for this item at count time; appears on the housing custody report.,المشرف المسؤول عن هذا الصنف وقت الجرد؛ يظهر في تقرير عهدة الإسكان.
Supervisor approval decision for the plan. System-maintained by the Masar supervisor portal; never edited manually.,قرار اعتماد المشرف للمخطّط. يُدار آليّاً من بوابة مشرف المسار؛ لا يُحرَّر يدويّاً.
Supervisor at the receiving accommodation who confirms the on-site code receipt.,المشرف في السكن المستلِم الذي يؤكد الاستلام برمز الموقع.
Supervisor signature,توقيع المشرف
Supplier,المورّد
Supplier Cost Recovery,استرداد تكلفة المورد
Supplier Markup (%),هامش المورد (٪)
Supplier Name,اسم المورّد
Supplier-Billed Cost This Month,التكلفة المحمَّلة على المورّد هذا الشهر
Supporting evidence for the loss and its valuation. Required before the recovery can be Approved.,أدلة داعمة للخسارة وتقييمها. مطلوبة قبل أن يتسنى اعتماد الاسترداد.
Surveillance,المراقبة
Suspected Fraud,اشتباه احتيال
System,النظام
System Details,تفاصيل النظام
System Info,معلومات النظام
"System-written, read-only periodic snapshot of vehicle utilisation over a trailing window. Never hand-entered; derived from completed Dispatch Trips.",لقطة دورية للقراءة فقط يكتبها النظام لاستخدام المركبات عبر نافذة زمنية متحركة. لا تُدخل يدوياً؛ وتُشتق من رحلات التشغيل المكتملة.
TRAINING,تدريب
TS Exception Disposition,التصرّف في استثناء الدوام
TS Format Adapter,محوّل صيغة الدوام
TS Intake Source,مصدر إدخال الدوام
Take a vehicle out of service by recording a Vehicle Suspension.,أخرِج مركبة من الخدمة بتسجيل إيقاف مركبة.
Target Bed {0} does not belong to Room {1},السرير الهدف {0} لا ينتمي إلى الغرفة {1}
Target Bed {0} is Out of Service.,السرير الهدف {0} خارج الخدمة.
Target DocType,نوع المستند المستهدف
Target Document,المستند المستهدف
Target ERPNext Asset,أصل ERPNext المستهدف
Target Fieldname,اسم الحقل المستهدف
Target Payment DocType,نوع مستند الدفعة المستهدفة
Target Payment Document,مستند الدفعة المستهدفة
Target Room {0} is not associated with any Building.,الغرفة الهدف {0} غير مرتبطة بأي مبنى.
Target bed is already occupied.,السرير المستهدف مشغول بالفعل.
Target bed {0} is not linked to a room and building.,السرير الهدف {0} غير مرتبط بغرفة ومبنى.
Task,المهمة
Task Catalog,دليل المهام
Task Code,رمز المهمة
Task Completions Over Time,إنجاز المهام عبر الزمن
Task Identity,هوية المهمة
Task Instance marked Completed.,تم تحديد المهمة كمكتملة.
Task Instance marked In Progress.,تم تحديد حالة تنفيذ المهمة كـ 'قيد التنفيذ'.
Task Items,عناصر المهام
Task Title,عنوان المهمة
Task Type,نوع المهمة
Task closed,أُغلقت المهمة
Task completed.,اكتملت المهمة.
Task started — status set to In Progress.,بدأت المهمة — الحالة: قيد التنفيذ.
Tasks Completed This Month,المهام المكتملة هذا الشهر
Tasks Due Today,المهام المستحقة اليوم
Technician Notes,ملاحظات الفني
Telecom,اتصالات
Temp,مؤقت
Template,القالب
Template Items,عناصر القالب
Template Name,اسم القالب
Template can only be loaded into a Draft document.,يمكن تحميل القالب فقط في مستند مسودة.
Template for catalog {0}: {1},القالب للكتالوج {0}: {1}
Template loading is only supported for Maintenance Request and Maintenance Work Order.,تحميل القالب مدعوم فقط لـ 'طلب صيانة' و'أمر عمل صيانة'.
Temporary,مؤقت
Temporary (Over-Capacity) Bed,سرير مؤقت (فوق الطاقة الاستيعابية)
Temporary Stay Lead Days,أيام التنبيه قبل المغادرة المؤقتة
Temporary Top-up,تعبئة مؤقتة
Temporary Top-up Not Reverted,تعبئة مؤقتة لم تُسترجَع
Temporary Window,النافذة المؤقتة
Temporary Worker,عامل مؤقت
Temporary Worker {0} ({1}) expired without an Employee link — the temporary window lapsed.,انتهى العامل المؤقت {0} ({1}) دون ربط بموظف — انقضت النافذة المؤقتة.
Temporary Worker {0} does not exist.,العامل المؤقت {0} غير موجود.
Temporary Worker {0}'s stay window expired on {1}.,انتهت مهلة إقامة العامل المؤقت {0} في {1}.
Temporary Worker — use the Arrivals Desk to house this worker.,عامل مؤقت — استخدم مكتب الوصول لتسكين هذا العامل.
Temporary workers board via the trip’s unregistered manifest.,لوحة العمال المؤقتين عبر بيان الرحلة غير المسجل.
Terminated,مُنهى
Termination,إنهاء خدمة
Terms Accepted On,تاريخ قبول الشروط
Terms Signature,توقيع الموافقة
Thank you. Your receipt of the custody items has been recorded.,شكراً لك. تم تسجيل استلامك أصناف العهدة.
That vehicle is not assigned to you. You can only request fuel for your own vehicle.,تلك المركبة غير مسندة إليك. يمكنك طلب الوقود لمركبتك فقط.
The Deduction Consent category does not match this deduction.,فئة موافقة الخصم لا تطابق هذا الخصم.
The Deduction Consent has expired for this pay date.,انتهت صلاحية موافقة الخصم لتاريخ الصرف هذا.
The Deduction Consent is not yet in effect for this pay date.,موافقة الخصم لم تصبح سارية بعد لتاريخ الصرف هذا.
The Dispatch Trip being executed; its linked Transport Request carries the worker manifest this log records boarding against.,رحلة التشغيل قيد التنفيذ؛ يحمل طلب النقل المرتبط بها قائمة العمّال التي يسجّل هذا السجل الصعود مقابلها.
The Dispatch Trip the scanned pass was issued against.,رحلة التشغيل التي صدر التصريح الممسوح مقابلها.
The DoA Band resolved by the shared P-193 enforce_gate at issuance. Blank until resolved.,شريحة تفويض الصلاحيات التي حدّدتها بوابة الإنفاذ المشتركة P-193 عند الإصدار. تبقى فارغة حتى تُحدَّد.
The DoA Band that authorised the action (on doa_approve).,شريحة تفويض الصلاحيات التي صرّحت بالإجراء (عند doa_approve).
The DocType the event is about (dynamic-link target type).,نوع المستند الذي يخصّه الحدث (نوع هدف الرابط الديناميكي).
"The Freelancer record this identity was created from, if any.",سجل المستقل الذي أُنشئت منه هذه الهوية، إن وُجد.
The GPS position is outside the valid coordinate range.,موقع GPS خارج نطاق الإحداثيات الصحيح.
The HRMS Additional Salary deduction generated from this acknowledgment. Populated by the controller wiring in a later increment; read-only here.,خصم الراتب الإضافي في HRMS المُنشأ من هذا الإقرار. يُعبّأ بربط المتحكم في مرحلة لاحقة؛ للقراءة فقط هنا.
The Logistay Payroll Run that built this slip.,تشغيل رواتب Logistay الذي أنشأ هذا الإيصال.
The Logistay Payroll Run this consent was consumed by.,تشغيل رواتب Logistay الذي استهلك هذه الموافقة.
The Logistay Payroll Run this deduction belongs to.,تشغيل رواتب Logistay الذي ينتمي إليه هذا الخصم.
The ONE designated ops contact for this client/branch/project who declares the period's deductions.,جهة اتصال العمليات الوحيدة المعيّنة لهذا العميل/الفرع/المشروع التي تُقرّ خصومات الفترة.
The P-189 Rate Card Penalty Row that parameterized this rule.,صف غرامة بطاقة الأسعار P-189 الذي حدّد معاملات هذه القاعدة.
The POSTED Reconciliation Run that is the ONLY source of the billed amounts (P-190). Every emitted Sales Invoice line traces back through it.,تشغيل التسوية المُرحَّل الذي هو المصدر الوحيد للمبالغ المفوترة (P-190). وكل بند فاتورة مبيعات صادر يعود إليه.
The POSTED Reconciliation Run whose Payable Lines are the ONLY gross source for this payroll. Never hand-key gross.,تشغيل التسوية المُرحَّل الذي تُعدّ بنود مستحقاته المصدر الوحيد للإجمالي في هذه الرواتب. لا تُدخِل الإجمالي يدوياً أبداً.
The Rate Card that priced this line.,بطاقة الأسعار التي سعّرت هذا البند.
The Route Supervisor this plan is assigned to for approval and live oversight. Only this user may approve or reject the plan from the Masar supervisor portal.,مشرف المسار المُسنَد إليه هذا المخطّط للاعتماد والإشراف الحيّ. هذا المستخدم وحده يعتمد أو يرفض المخطّط من بوابة مشرف المسار.
"The Safety Round this execution belongs to, if recorded as part of a round.",جولةُ السلامة التي ينتمي إليها هذا التنفيذ، إن سُجِّل ضمن جولة.
"The Temporary Worker record this identity was created from, if any.",سجل العامل المؤقت الذي أُنشئت منه هذه الهوية، إن وُجد.
The Trip Start Log this scan boarded onto (set only when a boarding row was created).,سجل بدء الرحلة الذي صعد عليه هذا المسح (يُضبط فقط عند إنشاء صف صعود).
The acknowledged amount/cap that bounds what may be withheld. Real value seeded out-of-repo; empty at commit.,المبلغ أو السقف المُقرّ الذي يحدّ ما يمكن حجزه. القيمة الحقيقية تُزرع من خارج المستودع؛ وتكون فارغة عند الاعتماد.
"The adapter (parser kind) that runs this profile, from the TS Format Adapter registry.",المحوّل (نوع المحلّل) الذي يشغّل هذا الملف، من سجل محوّلات صيغ الدوام.
The attached photo is too large.,الصورة المرفقة كبيرة جداً.
The audience the artifact leaves the system for. Only owner_internal is exempt from the block; every other audience must pass the scan.,الجهة المستهدفة التي يغادر المُخرَج النظام إليها. تُعفى owner_internal وحدها من الحجب؛ وكل جهة أخرى يجب أن تجتاز الفحص.
The billing / attendance cycle this run reconciles.,دورة الفوترة أو الحضور التي يسوّيها هذا التشغيل.
"The billing counterparty a Mapping Profile and Timesheet Period belong to. Named by its stable business code so Links read as the code, not an opaque id.",الطرف المقابل للفوترة الذي ينتمي إليه ملف المطابقة وفترة سجل الدوام. يُسمّى برمزه التجاري الثابت لتظهر الروابط بالرمز لا بمعرِّف غامض.
The billing cycle this run invoices.,دورة الفوترة التي يفوترها هذا التشغيل.
The billing period this resolution priced.,فترة الفوترة التي سعّرتها هذه التسوية.
The browser PushSubscription endpoint URL the push service delivers to. Unique per device. Treat as a secret.,عنوان اشتراك الإشعارات في المتصفح الذي تسلّم إليه خدمة الإشعارات. فريد لكل جهاز. عامِله كمعلومة سرية.
"The building code is locked: {0} room(s) already use it in their room numbers, and renaming it would orphan them. Delete the generated rooms first if the code must change.",رمز المبنى مقفل: {0} غرفة تستخدمه بالفعل في أرقام غرفها، وإعادة تسميته ستجعلها معزولة. احذف الغرف المولّدة أولًا إذا كان لا بد من تغيير الرمز.
The building this asset was located in before its current location.,المبنى الذي كان هذا الأصل موجوداً فيه قبل موقعه الحالي.
The built legal name + VAT must match the Client Name Registry before issue; a mismatch holds the run.,يجب أن يطابق الاسم النظامي والرقم الضريبي المُنشآن سجل أسماء العملاء قبل الإصدار؛ وأي عدم تطابق يحجز التشغيل.
The canonical Timesheet Line field this source token feeds.,حقل سطر سجل الدوام المعياري الذي يغذّيه هذا الرمز المصدري.
The canonical attendance code this source token maps onto.,كود الحضور المعياري الذي يرتبط به رمز المصدر هذا.
"The canonical field / source column the group concerns, if any.",الحقل المعياري/عمود المصدر الذي تخصّه المجموعة، إن وُجد.
"The canonical field or source column the exception concerns, if any.",الحقل المعياري أو عمود المصدر الذي يخصّه الاستثناء، إن وُجد.
The client this configuration governs. One config per client.,العميل الذي يحكمه هذا الإعداد. إعداد واحد لكل عميل.
The client × branch × cycle this line belongs to.,العميل × الفرع × الدورة التي ينتمي إليها هذا السطر.
The client's own code for this location. Unique only within the Client.,رمز العميل الخاص بهذا الموقع. فريد ضمن العميل الواحد فقط.
The closer must differ from the person who raised the case.,يجب أن يختلف من يُغلق الحالة عمّن رفعها.
The consenting worker.,العامل الموافِق.
"The current driver's login user, mirrored from the assigned driver. Drives the driver-facing compliance notification.",مستخدم دخول السائق الحالي، منعكس من السائق المُسنَد. يوجِّه إشعار الامتثال الموجَّه للسائق.
The current link cannot be shown again. Rotating issues a NEW link and QR and invalidates the previous one. Continue?,لا يمكن عرض الرابط الحالي مرة أخرى. التدوير يُصدر رابطاً ورمز QR جديدين ويُبطل السابق. متابعة؟
The cycle this batch feeds. A Closed period is skipped by the engine.,الدورة التي تغذّيها هذه الدفعة. يتخطى المحرك أي فترة مغلقة.
The day rate actually used. Computed at runtime from the seeded card value - not a committed configuration value.,معدل اليوم المُستخدَم فعلاً. يُحسب وقت التشغيل من قيمة البطاقة المزروعة - وليس قيمة إعداد معتمَدة.
"The declared deductions, when the declaration is itemized. Each item still requires its own per-worker consent downstream.",الخصومات المُعلَنة عندما يكون الإقرار مفصّلاً. ويبقى كل بند بحاجة إلى موافقته الخاصة لكل عامل لاحقاً.
The deduction amount exceeds the amount the worker consented to.,مبلغ الخصم يتجاوز المبلغ الذي وافق عليه العامل.
"The device/browser user agent captured at opt-in, to help an operator recognise a stale device.",وكيل مستخدم الجهاز/المتصفح الملتقط عند الاشتراك، لمساعدة المشغّل على التعرف على جهاز قديم.
The driver this device subscription belongs to.,السائق الذي يخصه اشتراك هذا الجهاز.
"The driver's current assigned vehicle, captured for reference.",المركبة المسندة حالياً للسائق، مسجّلة للمرجع.
"The driver's login user, mirrored from the linked driver. Drives the driver-facing notification.",مستخدم دخول السائق، منعكس من السائق المرتبط. يوجِّه الإشعار الموجَّه للسائق.
"The driver's portal/login user, mirrored from the linked Employee. Drives driver-facing notifications.",مستخدم بوابة/دخول السائق، منعكس من الموظف المرتبط. يوجِّه الإشعارات الموجَّهة للسائق.
The enabled billing component.,مكوّن الفوترة المفعّل.
The eos component routes only to the eos-on-transfer document.,مكوّن نهاية الخدمة يُوجَّه فقط إلى مستند نهاية الخدمة عند النقل.
The floor plan adds {0} new room(s) and {1} new bed(s) that are not yet created. Existing rooms updated: {2}. Confirm to create the new rooms and beds.,يضيف مخطط الطابق {0} غرفة جديدة و{1} سرير جديد لم تُنشأ بعد. الغرف الموجودة المحدّثة: {2}. أكّد لإنشاء الغرف والأسرّة الجديدة.
The governance action recorded.,إجراء الحوكمة المُسجَّل.
The governed action this authority band applies to.,الإجراء الخاضع للحوكمة الذي تنطبق عليه شريحة الصلاحية هذه.
The incoming driver acknowledges receiving the vehicle in the condition recorded above.,يقر السائق المستلم باستلام المركبة بالحالة المسجَّلة أعلاه.
The initiator and the receiving supervisor must be different people.,يجب أن يكون المُبادر والمشرف المستلِم شخصين مختلفين.
The initiator who shipped the asset cannot confirm its own receipt.,لا يمكن للمُبادر الذي شحن الأصل تأكيد استلامه بنفسه.
The lease for,عقد إيجار
The linked Custody Issue {0} must be submitted before returning.,يجب تقديم صرف العهدة المرتبط {0} قبل الإرجاع.
The linked Deduction Consent is not verified and approved.,موافقة الخصم المرتبطة غير مُتحقَّق منها ولا مُعتمَدة.
The login the subscription was created under (the driver's session user).,الحساب الذي أُنشئ الاشتراك تحته (مستخدم جلسة السائق).
The manifest worker this boarding state tracks.,عامل القائمة الذي تتبعه حالة الصعود هذه.
The messaging gateway is not enabled or is missing its URL/API key. Configure it in Apex Integration Settings first.,بوابة المراسلة غير مُفعّلة أو ينقصها الرابط أو مفتاح الواجهة البرمجية. قم بإعدادها في إعدادات تكامل أبيكس أولاً.
The new expiry date must be later than the current expiry date.,يجب أن يكون تاريخ الانتهاء الجديد لاحقًا لتاريخ الانتهاء الحالي.
"The next band-up / Owner role authority escalates to. Owner sits ABOVE the bands, outside the SoD pair, and is never a substitute checker.",الشريحة الأعلى التالية أو دور المالك الذي تُصعَّد إليه الصلاحية. ويقع المالك فوق الشرائح، خارج زوج فصل المهام، ولا يكون بديلاً عن المدقّق أبداً.
The on-site code has expired. Ask the initiator to regenerate it.,انتهت صلاحية رمز الموقع. اطلب من المُبادر إعادة توليده.
The one-time password has expired. Ask the procurement supervisor to regenerate it.,انتهت صلاحية رمز التحقق لمرة واحدة. اطلب من مشرف المشتريات إعادة توليده.
"The original client / supervisor upload, for audit.",الملف الأصلي المرفوع من العميل/المشرف، لأغراض التدقيق.
The originating child row index (Inspection Finding Item idx) within the source execution. Part of the idempotency key so each finding row posts at most once.,ترتيب الصف الفرعي المصدر (ترتيب بند ملاحظة الفحص) ضمن التنفيذ المصدر. جزء من مفتاح منع التكرار بحيث يُرحَّل كل صف ملاحظة مرة واحدة على الأكثر.
The out-of-repo V2 leak scanner reused (not reimplemented) by the gate.,ماسح التسريب V2 من خارج المستودع الذي تعيد البوابة استخدامه (دون إعادة تنفيذه).
The pay cycle. Amounts snapshot at this period cutoff.,دورة الصرف. تُلتقط المبالغ كلقطة عند إغلاق هذه الفترة.
"The penalty amount / rate. WITHHELD from the committed structure - seeded out-of-repo. Until set, the rule is gated (PENDING-REVIEW); the engine never invents penalty maths.",مبلغ الغرامة أو معدلها. محجوب من الهيكل المعتمَد - ويُزرع من خارج المستودع. وحتى ضبطه تبقى القاعدة محجوزة (قيد المراجعة)؛ ولا يختلق المحرّك حسابات الغرامة أبداً.
The performance source. Maps 1:1 onto the P-192 performance deduction categories.,مصدر الأداء. يرتبط واحداً لواحد بفئات خصم الأداء P-192.
The pickup date and time is not valid.,تاريخ ووقت الالتقاط غير صالح.
"The pre-arrival manifest this worker was expected on, if any.",بيان ما قبل الوصول الذي كان يُتوقع إدراج هذا العامل ضمنه، إن وُجد.
The procurement supervisor and the receiving supervisor must be different people.,يجب أن يكون مشرف المشتريات والمشرف المستلم شخصين مختلفين.
The procurement supervisor who shipped the goods cannot confirm their own receipt.,لا يمكن لمشرف المشتريات الذي شحن البضائع تأكيد استلامها بنفسه.
"The property's landlord, modeled as a Supplier. Auto-filled from the active lease when set there.",مالك/مؤجّر العقار، ممثَّلاً كمورّد. يُعبّأ تلقائياً من العقد الفعّال عند ضبطه هناك.
The rate / fee value for this line. WITHHELD from the committed structure - seeded out-of-repo. No default: a zero here would silently misprice.,قيمة المعدل أو الرسم لهذا البند. محجوبة من الهيكل المعتمَد - وتُزرع من خارج المستودع. لا قيمة افتراضية: فالصفر هنا سيُخطئ التسعير بصمت.
The record name the event is about (dynamic-link target name).,اسم السجل الذي يخصّه الحدث (اسم هدف الرابط الديناميكي).
The role that may APPROVE an action whose total falls in this band.,الدور الذي يجوز له اعتماد إجراء يقع إجماليه في هذه الشريحة.
The route stop name (mirrors the Route Stop on the trip's route).,اسم محطة المسار (يعكس محطة المسار على مسار الرحلة).
The route stop where this worker boarded (mirrors the Route Stop name on the trip's route).,محطة المسار التي صعد منها هذا العامل (تطابق اسم محطة المسار في مسار الرحلة).
The segregation-of-duties pair recorded as preparer::approver.,زوج فصل المهام المُسجَّل بصيغة المُعِدّ::المعتمِد.
The source Route Stop child row name — the stable identity used to match a stop across reloads.,اسم صف محطة المسار الفرعي المصدر — الهوية الثابتة المستخدمة لمطابقة محطة عبر عمليات إعادة التحميل.
"The specific source record (damage assessment, checkout, fuel event, custody issue) this consent applies to.",السجل المصدر المحدد (تقييم تلف، مغادرة، واقعة وقود، صرف عهدة) الذي تنطبق عليه هذه الموافقة.
The specific timesheet line that was priced.,بند سجل الدوام المحدّد الذي جرى تسعيره.
The stock ERPNext Sales Taxes and Charges Template that carries the statutory 15% VAT rate. Named here; the specific template is selected per deployment (no default).,قالب ضرائب ورسوم مبيعات ERPNext القياسي الذي يحمل معدل ضريبة القيمة المضافة النظامي بنسبة خمسة عشر بالمئة. يُسمّى هنا؛ ويُختار القالب المحدّد لكل تركيب (لا قيمة افتراضية).
The stock Service Item this billable line maps to (the P-191 invoice line).,صنف الخدمة القياسي الذي يرتبط به بند الفوترة هذا (بند فاتورة P-191).
The submitted Custody Issue whose receipt is being acknowledged.,صرف العهدة المعتمد الذي يجري الإقرار باستلامه.
The subscription's auth secret (client auth token for payload encryption).,المفتاح السري لمصادقة الاشتراك (رمز مصادقة العميل لتشفير الحمولة).
The subscription's p256dh public key (client key for payload encryption).,المفتاح العام p256dh للاشتراك (مفتاح العميل لتشفير الحمولة).
The supervisor user who recorded the approval decision.,المستخدم المشرف الذي سجّل قرار الاعتماد.
The tracked facility asset being delivered.,أصل المنشأة المتتبَّع الجاري تسليمه.
The unit rc_value is expressed in.,الوحدة التي تُعبَّر بها قيمة rc_value.
The unit the client format bills / reports in.,الوحدة التي تُفوتر/تُرفع بها صيغة العميل.
The user the camera access is granted for (not the requester).,المستخدم الذي تُمنح له صلاحية الكاميرا (وليس مقدّم الطلب).
The user who raised this case. Set automatically.,المستخدم الذي أنشأ هذه الحالة. يُضبط آلياً.
The user who resolved or closed the case. Must differ from Reported By (segregation of duties).,المستخدم الذي عالج الحالة أو أغلقها. يجب أن يختلف عن المُبلِّغ (الفصل بين المهام).
The vehicle has been taken out of service.,تم إخراج المركبة من الخدمة.
"The vehicle's project supervisor, resolved when the alert is raised; drives the Critical-alert notification.",مشرف مشروع المركبة، يُحدَّد عند رفع التنبيه؛ يقود إشعار التنبيه الحرج.
The worker / branch / source the exception is about.,العامل/الفرع/المصدر الذي يتعلق به الاستثناء.
The worker / branch / source the group is about.,العامل/الفرع/المصدر الذي تتعلق به المجموعة.
The worker the deduction candidate is raised against (internal PII).,العامل الذي أُنشئ الخصم المرشّح ضده (بيانات شخصية داخلية).
The worker the scanned pass identifies (registered Employee).,العامل الذي تحدده البطاقة الممسوحة (موظف مسجل).
The worker the threshold fired for (internal PII).,العامل الذي تجاوز الحد لأجله (بيانات شخصية داخلية).
The worker this attendance is for. Real PII stored internally; sanitized only at export.,العامل الذي يخصّه هذا الحضور. تُخزَّن البيانات الشخصية الحقيقية داخليًا، ولا تُنقّى إلا عند التصدير.
The worker this gross line pays (internal PII).,العامل الذي يدفع له بند الإجمالي هذا (بيانات شخصية داخلية).
Theft,سرقة
Theft report {0} cancelled.,أُلغي بلاغ السرقة {0}.
Theme,السمة
This Custody Issue has no issued-to Employee; nothing to hand over.,سند صرف العهدة هذا لا يحمل موظفاً مصروفاً له؛ لا يوجد ما يُسلَّم.
This Maintenance Work Order is already Completed.,أمر عمل الصيانة هذا مكتمل بالفعل.
This arrival manifest has not been fully reconciled — workers are still unhoused after the expected date,لم تتم تسوية بيان الوصول هذا بالكامل — لا يزال هناك عمال دون سكن بعد التاريخ المتوقع
This assignment was already checked out on {0}.,تمت مغادرة هذا التسكين بالفعل في {0}.
This bed is in a room that is not ready. Resolve room readiness before check-in.,هذا السرير في غرفة غير جاهزة. عالج جاهزية الغرفة قبل تسجيل الدخول.
This bed is out of service and cannot be assigned.,هذا السرير خارج الخدمة ولا يمكن تخصيصه.
This building has no rooms yet.,لا توجد غرف في هذا المبنى بعد.
This building has rooms but every bed is occupied — use Over-capacity,يحتوي هذا المبنى على غرف لكن جميع الأسرّة مشغولة — استخدم تجاوز السعة
"This building's own address. If empty, the Accommodation Site's address is shown.",عنوانُ هذا المبنى الخاصّ. إن تُرِك فارغًا، يُعرَض عنوانُ موقع السكن.
"This certificate covers movement-domain clearance only (vehicle, fuel chip, and custody). HR end-of-service and visa clearance are out of scope.",تغطي هذه الشهادة إخلاء طرف نطاق الحركة فقط (المركبة، شريحة الوقود، والعهدة). إخلاء طرف نهاية الخدمة والتأشيرة لدى الموارد البشرية خارج النطاق.
This driver has been cleared on all movement-domain items listed below.,تم إخلاء طرف هذا السائق من جميع بنود نطاق الحركة المدرجة أدناه.
This fuel request has been pending approval for too long,ظل طلب الوقود هذا بانتظار الاعتماد لفترة طويلة جدًا
"This license is submitted. Amend it (Cancel, then Amend) with the new expiry date to renew.",تم إرسال هذا الترخيص. عدّله (ألغِ، ثم عدّل) بتاريخ الانتهاء الجديد للتجديد.
This page is for route supervisors.,هذه الصفحة مخصصة لمشرفي المسارات.
This page is for the fleet team.,هذه الصفحة مخصّصة لفريق الأسطول.
This page is for the housing team.,هذه الصفحة مخصصة لفريق الإسكان.
This page is for the safety team.,هذه الصفحة لفريق السلامة.
This payment request is not finance-approved yet; it cannot be paid.,طلب الدفع هذا لم يُعتمد ماليًا بعد؛ لا يمكن دفعه.
This plan has already been {0}.,تم {0} هذه الخطة مسبقاً.
This portal is for route supervisors.,هذه البوابة مخصصة لمشرفي المسارات.
This push subscription endpoint is not allowed.,نقطة اشتراك الإشعارات هذه غير مسموح بها.
This recovery reaches the Operations threshold and can only be approved by Operations-tier authority (Fleet Manager).,يبلغ هذا الاسترداد حد العمليات، ولا يعتمده إلا صاحب صلاحية على مستوى العمليات (مدير الأسطول).
This report records the safety tasks executed during the round and their outcomes.,يوثّق هذا التقرير مهام السلامة المنفذة خلال الجولة ونتائجها.
This request is not available or does not belong to you.,هذا الطلب غير متاح أو لا يخصك.
This resident has custody items. Opening the full Checkout form to clear custody.,لدى هذا المقيم عُهد. يتم فتح نموذج تسجيل الخروج الكامل لتصفية العهدة.
This resident request has been resolved,تمت معالجة طلب الساكن
This resident request is waiting for supporting evidence,طلب الساكن هذا بانتظار أدلة داعمة
This resident's expected checkout date is approaching — please prepare the room and checkout,يقترب موعد المغادرة المتوقع لهذا النزيل — يرجى تجهيز الغرفة وإتمام إجراءات المغادرة
This route plan is not assigned to you.,خطة المسار هذه غير مُسندة إليك.
This session,هذه الجلسة
This statement records a fleet incident (accident or theft) against the vehicle. It does not post to the general ledger; any recovery or write-off is handled separately.,يسجل هذا البيان حادث أسطول (اصطدام أو سرقة) على المركبة. لا يُرحّل إلى دفتر الأستاذ العام؛ ويُعالَج أي استرداد أو شطب على حدة.
This temporary stay is ending soon — please arrange check-out,هذه الإقامة المؤقتة على وشك الانتهاء — يُرجى ترتيب المغادرة
This temporary stay is overdue for check-out — the worker is still checked in,هذه الإقامة المؤقتة تجاوزت موعد المغادرة — وما زال العامل مسجّلاً في الدخول
This temporary top-up is past its revert due date ({0}) and has not been reverted.,هذه التعبئة المؤقتة تجاوزت تاريخ استحقاق عكسها ({0}) ولم تُعكَس.
This transfer needs an active (checked-in) assignment to move.,يحتاج هذا النقل إلى تعيين نشط (تم تسجيل الدخول فيه) ليتم تحريكه.
This vehicle has no open stop to release.,لا يوجد إيقاف مفتوح لهذه المركبة لإخراجها.
This vehicle has no open workshop stop to return.,لا يوجد لهذه المركبة إيقاف ورشة مفتوح لإعادتها.
This vehicle is under maintenance and should not be dispatched.,هذه المركبة تحت الصيانة ولا يجوز توزيعها.
This voucher reconciles the claimed fuel against consumption recorded in the Fuel Consumption Ledger. It does not post to the general ledger.,يسوّي هذا السند الوقود المطالب به مقابل الاستهلاك المسجَّل في دفتر استهلاك الوقود. لا يُرحَّل إلى الأستاذ العام.
This will clear and rebuild the entire payment schedule. Continue?,سيؤدي هذا إلى حذف جدول الدفعات وإعادة بنائه بالكامل. هل تريد المتابعة؟
This worker already holds an active bed.,هذا العامل يشغل بالفعل سريراً نشطاً.
This worker does not hold: {0},هذا العامل لا يحمل: {0}
This worker has no active Masar link yet. Create the QR first.,لا يملك هذا العامل رابط مسار فعّالاً بعد. أنشئ رمز الاستجابة السريعة أولاً.
This worker holds no returnable custody.,لا يحتفظ هذا العامل بأي عهدة قابلة للإرجاع.
"This worker is not linked to a permanent Employee yet, so the worker portal is not available.",هذا العامل غير مرتبط بموظف دائم بعد، لذا بوابة العامل غير متاحة.
This worker link has expired. Please ask for a fresh link.,انتهت صلاحية رابط العامل هذا. الرجاء طلب رابط جديد.
This worker link is invalid or has been disabled.,رابط العامل غير صالح أو تم تعطيله.
This worker token is disabled — the personal link will not resolve.,رمز العامل معطّل — لن يعمل الرابط الشخصي.
This worker's Masar link could not be recovered. Regenerate it first.,تعذّر استرجاع رابط مسار لهذا العامل. أعِد توليده أولاً.
This write-off reaches the Operations threshold and can only be approved by Operations-tier authority (Fleet Manager).,يبلغ هذا الإعدام حد العمليات، ولا يعتمده إلا صاحب صلاحية على مستوى العمليات (مدير الأسطول).
ThreeQuarter,ثلاثة أرباع
Threshold,الحد
Threshold Application,تطبيق الحد
Threshold Application Log,سجل تطبيق الحد
Threshold Application Row,صف تطبيق الحد
Thursday,الخميس
Tick for a contractor/temp hire not registered on the trip's worker manifest.,فعّله لمتعاقد/موظف مؤقت غير مسجّل في كشف عمالة الرحلة.
Ticket,التذكرة
Ticket not found.,التذكرة غير موجودة.
Timed %,النسبة الموقّتة (%)
Timeline,الجدول الزمني
Timesheet Daily Status,الحالة اليومية لسجل الدوام
Timesheet Exception Log,سجل استثناءات الدوام
Timesheet Exception Workbench,منضدة استثناءات سجل الدوام
Timesheet Field Provenance,مصدر حقل سجل الدوام
Timesheet Ledger,دفتر سجل الدوام
Timesheet Line,سطر سجل الدوام
Timesheet Period,فترة سجل الدوام
Title,العنوان
To Bed,إلى سرير
To Building,إلى مبنى
To Company,إلى الشركة
To Cost Center,إلى مركز التكلفة
To Date,إلى تاريخ
To Driver,إلى السائق
To Driver must differ from From Driver.,يجب أن يختلف (إلى السائق) عن (من السائق).
To Location,إلى الموقع
To Location In Building,الموقع داخل المبنى الوجهة
To Project,إلى المشروع
To Room,إلى غرفة
Today's Dispatch Trips,رحلات توجيه اليوم
Today's expected arrivals ({0}),الوصولات المتوقعة اليوم ({0})
Token (Encrypted),الرمز (مشفّر)
Token Hash,بصمة الرمز
Token Map,خريطة الرموز
Token Rows,سطور الرموز
Too many incorrect attempts. This delivery is temporarily locked.,محاولات خاطئة كثيرة. هذا التسليم مقفل مؤقتًا.
Too many incorrect attempts. This handover is temporarily locked.,محاولات خاطئة كثيرة. هذا التسليم مقفل مؤقتاً.
Tools,أدوات
Tools and Consoles,الأدوات والوحدات
Top Workers by Custody Value,أعلى العمال من حيث قيمة العهدة
Top-up,تعبئة
Top-up Litres,لترات التعبئة
Top-up Litres must be greater than zero.,يجب أن تكون لترات التعبئة أكبر من صفر.
Topups by Status,التعبئات حسب الحالة
Total,الإجمالي
Total Accommodation Cost This Month,إجمالي تكلفة الإسكان هذا الشهر
Total Accrued,إجمالي المستحق
Total Amount,المبلغ الإجمالي
Total Asset Book Value,إجمالي القيمة الدفترية للأصول
Total Bed Capacity,إجمالي الطاقة الاستيعابية (أسرة)
Total Beds,إجمالي الأسرة
Total Billable,إجمالي الفوترة
Total Book Value (SAR),إجمالي القيمة الدفترية (ريال)
Total Capacity,إجمالي السعة
Total Cost,التكلفة الإجمالية
Total Deduction Amount,إجمالي مبلغ الخصم
Total Deductions,إجمالي الخصومات
Total Dispatch Trips,إجمالي رحلات الإرسال
Total Estimated Replacement Cost (SAR),إجمالي تكلفة الاستبدال التقديرية (ريال)
Total Floors,إجمالي الطوابق
Total Gross,الإجمالي الكلي
Total Invoice Amount (SAR),إجمالي مبلغ الفاتورة (ريال)
Total Litres,إجمالي اللترات
Total Movements Recorded,إجمالي الحركات المسجلة
Total Net (WPS),الصافي الكلي (WPS)
Total Occupancy %,إجمالي نسبة الإشغال (%)
Total Occupancy Percent,إجمالي نسبة الإشغال
Total Payable,إجمالي المستحقات
Total Procurement Cost (SAR),إجمالي تكلفة المشتريات (ريال)
Total Recovered,إجمالي المسترد
Total Rooms,إجمالي الغرف
Total Scheduled Amount (SAR),إجمالي المبلغ المجدول (ريال)
Total Site Cost,إجمالي تكلفة الموقع
Total Site Cost for Period (SAR),إجمالي تكلفة الموقع للفترة (ريال)
Total Stops,إجمالي المحطات
Total litres consumed against this quota.,إجمالي اللترات المستهلكة من هذه الحصة.
Totals,الإجماليات
Tracking,التتبع
"Tracks idle/forgotten residents occupying accommodation without an active deployment, to surface accommodation cost bleed and assign responsibility for resolution.",يتتبّع الساكنين غير المشغّلين/المنسيّين الذين يشغلون السكن دون تشغيل فعّال، لإبراز نزيف تكلفة السكن وإسناد مسؤولية المعالجة.
"Tracks remediation actions imposed by a client audit. Each action has owner, deadline, evidence.",يتتبّع إجراءات المعالجة المفروضة من تدقيق العميل. لكل إجراء مسؤول وموعد نهائي وإثبات.
Tracks room setup progress. 'Draft' simply means rooms have not been set up yet — it advances automatically as you plan and generate rooms.,يتتبّع تقدّم إعداد الغرف. تعني حالة «مسودة» ببساطة أنّ الغرف لم تُجهّز بعد، وتتقدّم تلقائيًّا أثناء تخطيط الغرف وتوليدها.
Tracks safety setup progress. 'Draft' simply means safety setup has not been generated yet — use 'Generate Safety Setup' to advance it.,يتتبّع تقدّم إعداد السلامة. تعني حالة «مسودة» ببساطة أنّ إعداد السلامة لم يُولّد بعد، استخدم «توليد إعداد السلامة» لتقدّمه.
"Trade category of the maintenance material used on a job, grouping electrical, air-conditioning, plumbing, sanitary, furniture, and general items for cost tracking.",الفئة المهنية لمادة الصيانة المستخدمة في مهمة، تجمّع الأصناف الكهربائية والتكييف والسباكة والصحية والأثاث والعامة لأغراض تتبّع التكلفة.
Traffic Fine,مخالفة مرورية
Training,تدريب
Training Days,أيام التدريب
Transaction records: ingested timesheet data and its ledger.,سجلات الحركات: بيانات سجل الدوام المستوردة ودفترها.
Transfer,نقل
Transfer Board,لوحة النقل
Transfer Date,تاريخ النقل
Transfer Details,تفاصيل التحويل
Transfer Lock Released,تم تحرير قفل النقل
Transfer Type,نوع التحويل
Transfer failed. Please try again.,فشل النقل. يرجى المحاولة مجدداً.
Transfer {0} is not In Transit.,النقل {0} ليس قيد النقل.
Transferred,مُحوَّل
Transferred: {0},تمّ النقل: {0}
Transferring…,جارٍ النقل…
Transfers responsibility of one or more Facility Assets to a supervisor.,ينقل مسؤولية أصل منشأة واحد أو أكثر إلى مشرف.
Transform,التحويل
Transport,النقل
Transport Fulfilment SLA,اتفاقية مستوى خدمة تنفيذ النقل
Transport Process,عملية النقل
Transport Purpose,غرض النقل
Transport Request,طلب نقل
Transport Request Ad Hoc Passenger,راكب عارض لطلب النقل
Transport Request Worker,عامل طلب النقل
Transport Request {0} does not exist.,طلب النقل {0} غير موجود.
Transport Requests by Service Line,طلبات النقل حسب خط الخدمة
Transport SLA Breaches Open,مخالفات اتفاقية مستوى خدمة النقل المفتوحة
Transport Trip Rating,تقييم رحلة النقل
Transport Type,نوع النقل
Transport request submitted successfully.,تم تقديم طلب التنقل بنجاح.
Transport requests the supervisor has assigned onto this trip. The trip manifest is the union of these requests' workers (plus any Route Plan request).,طلبات النقل التي أسندها المشرف إلى هذه الرحلة. كشف الرحلة هو اتحاد عمال هذه الطلبات (إضافة إلى أي طلب في خطة المسار).
Triage Notes,ملاحظات الفرز
Triaged,تم الفرز
Triaging requests...,جارٍ فرز الطلبات...
Triaging {0} requests in the background...,جارٍ فرز {0} طلبًا في الخلفية…
Trigger Event,الحدث المُشغِّل
Trigger alert if monthly bill deviates from average by more than this percentage.,أطلق تنبيهاً إذا انحرفت الفاتورة الشهرية عن المتوسط بأكثر من هذه النسبة.
Trip,الرحلة
Trip Boarding Event,حدث صعود الرحلة
Trip Boarding Ledger,سجل صعود الرحلة
Trip Boarding Ledger is a posted audit record and cannot be edited.,سجل صعود الرحلة سجل تدقيق مُرحَّل ولا يمكن تعديله.
Trip Boarding State,حالة صعود الرحلة
Trip Cost,تكلفة الرحلة
Trip Date,تاريخ الرحلة
Trip Execution,تنفيذ الرحلة
Trip Fulfilment Ledger,دفتر تنفيذ الرحلات
Trip Fulfilment Ledger Rows,صفوف دفتر تنفيذ الرحلات
Trip Fulfilment Ledger is a posted audit record and cannot be edited.,سجل تنفيذ الرحلة هو سجل تدقيق مرحَّل ولا يمكن تعديله.
Trip Fulfilment Over Time,تنفيذ الرحلات عبر الزمن
Trip Fulfilment Rate,معدل تنفيذ الرحلات
Trip Purpose,غرض الرحلة
Trip Start Log,سجل بدء الرحلة
Trip Stop Progress,تقدم محطة الرحلة
Trip Subject,موضوع الرحلة
Trip boarding ledger. One immutable row per worker's final boarding outcome on a finalized Dispatch Trip. Maintained automatically by the system; never edited manually.,سجل صعود الرحلة. صف واحد غير قابل للتعديل لكل عامل يوثّق نتيجة الصعود النهائية في رحلة إيفاد مُنجَزة. يُحدَّث تلقائيًا بواسطة النظام؛ ولا يُحرَّر يدويًا.
Trip end odometer ({0}) cannot be less than start ({1}).,عداد مسافة نهاية الرحلة ({0}) لا يمكن أن يكون أقل من البداية ({1}).
Trip fulfilment ledger. Maintained automatically by the system when a Dispatch Trip is completed and not edited manually.,دفتر تنفيذ الرحلات. يُحدّثه النظام آلياً عند اكتمال رحلة تسيير، ولا يُحرّر يدوياً.
Trip not found.,الرحلة غير موجودة.
Trip {0} completed; odometer {1}.,اكتملت الرحلة {0}؛ عداد المسافة {1}.
Trips,الرحلات
Trips Count,عدد الرحلات
Trips Dispatched Today,الرحلات المُرسَلة اليوم
Trips This Month,الرحلات هذا الشهر
True on a reversal (negating) row posted when the Safety Round is cancelled. The original row is preserved for audit.,صحيح في الصف العكسي (المُلغي) المُرحَّل عند إلغاء جولة السلامة. يُحتفظ بالصف الأصلي للتدقيق.
True when the finding's snapshot status was Resolved at posting time.,صحيح عندما تكون حالة لقطة الملاحظة مُغلقة وقت الترحيل.
True when the trip recorded both a depart and return timestamp. Data-completeness flag — no planned return time is stored to judge punctuality against.,صحيح عندما تسجّل الرحلة طابعي وقت للمغادرة والعودة معًا. مؤشر اكتمال البيانات — لا يُخزَّن وقت عودة مخطط للحكم على الالتزام بالمواعيد مقابله.
Tuesday,الثلاثاء
Type,النوع
Type a message before sending.,اكتب رسالة قبل الإرسال.
"Type of cost being recovered from a driver or party, such as vehicle damage, fuel misuse, custody loss, or a fine, which determines the recovery basis.",نوع التكلفة المستردة من سائق أو طرف، كتلف المركبة أو إساءة استخدام الوقود أو فقدان العهدة أو مخالفة، ما يحدّد أساس الاسترداد.
"Type of fixed facility asset being tracked, grouping surveillance, network, fire-safety, and utility equipment for inventory, maintenance, and compliance reporting.",نوع الأصل الثابت للمنشأة المُتتبَّع، يجمّع معدات المراقبة والشبكات والسلامة من الحريق والمرافق لأغراض الجرد والصيانة وتقارير الامتثال.
"Type of housing inventory item, grouping furniture, appliances, bedding, kitchenware, fixtures, and equipment for stock counts and replacement planning.",نوع صنف مخزون الإسكان، يجمّع الأثاث والأجهزة والمفروشات وأدوات المطبخ والتجهيزات والمعدات لأغراض جرد المخزون وتخطيط الاستبدال.
Typically IT Specialist,عادةً أخصائي تقنية المعلومات
UOM,وحدة القياس
URL,الرابط
Unassigned,غير مُسنَد
Unassigned Floor,طابق غير محدد
Under Investigation,قيد التحقيق
Under Maintenance,تحت الصيانة
Under Renewal,تحت التجديد
Under Renovation,تحت الترميم
Under Repair,تحت الإصلاح
Under Review,قيد المراجعة
Under Target Flag,علامة دون الهدف
"Underlying reason the asset is being moved, whether to reallocate it, service it, condemn it, or another cause, used for movement analysis.",السبب الجذري لنقل الأصل، سواء لإعادة توزيعه أو صيانته أو إتلافه أو سبب آخر، يُستخدم لتحليل الحركة.
Unified child table for inspection findings used by Safety Inspection Report and Maintenance Inspection Report.,جدول تابع موحّد لملاحظات التفتيش يستخدمه تقرير تفتيش السلامة وتقرير تفتيش الصيانة.
"Unique cycle label, e.g. CLIENT-BRANCH-2026-05. This is the record's id and cannot be changed once saved.",تسمية دورة فريدة، مثال: CLIENT-BRANCH-2026-05. هي معرِّف السجل ولا يمكن تغييره بعد الحفظ.
Unique map name. This is the record's id and cannot be changed once saved.,اسم خريطة فريد. هو معرّف السجل ولا يمكن تغييره بعد الحفظ.
"Unique run id, e.g. CLIENT-BRANCH-2026-05-v1. This is the record's id and cannot be changed once saved.",معرّف تشغيل فريد، مثل CLIENT-BRANCH-2026-05-v1. وهو معرّف السجل ولا يمكن تغييره بعد الحفظ.
Unit,الوحدة
Unit Cost,تكلفة الوحدة
Unit Cost (SAR),تكلفة الوحدة (ريال)
Unit of Measure,وحدة القياس
Units Consumed,الوحدات المستهلكة
Unknown,غير معروف
Unknown cadence: {0},وتيرة غير معروفة: {0}
Unknown party type: {0},نوع طرف غير معروف: {0}
Unowned,بلا مالك
Unpaid,غير مدفوع
Unregistered,غير مسجّل
Unregistered manifest,كشف غير مسجّل
Unresolved Alerts,التنبيهات غير المحلولة
Unreverted Temporary Topups,التعبئات المؤقتة غير المعكوسة
Unsatisfactory,غير مُرضٍ
Unsettled Rental,إيجار غير مُسوَّى
Unspecified,غير محدد
Unsupported supervisor decision.,قرار المشرف غير مدعوم.
Updating status...,جارٍ تحديث الحالة...
Upload Photo (Optional),رفع صورة (اختياري)
Urdu,الأردية
"Urgency assigned to the request, driving target response time and escalation, from routine low priority up to critical issues that need immediate action.",الإلحاح المسند للطلب، يحرّك زمن الاستجابة المستهدف والتصعيد، من الأولوية المنخفضة الاعتيادية حتى القضايا الحرجة التي تتطلب إجراءً فوريًا.
"Urgency of the maintenance request, setting target response time and escalation from routine low priority to critical faults needing immediate attention.",إلحاح طلب الصيانة، يحدّد زمن الاستجابة المستهدف والتصعيد من الأولوية المنخفضة الاعتيادية إلى الأعطال الحرجة التي تحتاج اهتمامًا فوريًا.
Use this table to list every article handed over.,استخدم هذا الجدول لسرد كل صنف يتم تسليمه.
"Use when the issue concerns a specific facility asset (e.g., CCTV camera, fire alarm panel)",استخدمه عندما تخص المشكلة أصل مرفق محدد (مثل كاميرا مراقبة، لوحة إنذار حريق)
Used for variance alerts. Updated monthly by the variance scan job.,يُستخدم لتنبيهات الانحراف. يُحدَّث شهرياً بواسطة مهمة فحص الانحراف.
Useful Life (Years),العمر الإنتاجي (سنوات)
Useful Life (Years) must be greater than zero.,العمر الإنتاجي (بالسنوات) يجب أن يكون أكبر من صفر.
User,المستخدم
User Agent,وكيل المستخدم
User who authorized activating this deduction type (management sign-off).,المستخدم الذي فوّض تفعيل نوع الحسم هذا (اعتماد الإدارة).
Usually blank on arrival; populated when the Iqama is issued before the worker is linked to a permanent Employee.,يكون فارغًا عادةً عند الوصول؛ يُملأ عند إصدار الإقامة قبل ربط العامل بموظف دائم.
Utilisation,الاستغلال
Utilisation %,نسبة الاستغلال %
Utilities,المرافق
Utility Account,حساب الخدمات العامة
Utility Bill Entry,تسجيل فاتورة الخدمات العامة
Utility Bills Under Review,فواتير الخدمات تحت المراجعة
Utility Bills by Status,فواتير الخدمات حسب الحالة
Utility Cost Share (%),نسبة تحمل تكاليف المرافق (%)
Utility Cost Share must be between 0 and 100.,يجب أن تكون نسبة تحمل تكاليف المرافق بين 0 و 100.
Utility Type,نوع المرفق الخدمي
Utility Variance,تقرير انحراف استهلاك الخدمات
"Utility account number per building (electricity, water, telecom). Links incoming bills to a building cost center.",رقم حساب المرافق لكل مبنى (كهرباء، ماء، اتصالات). يربط الفواتير الواردة بمركز تكلفة المبنى.
VAN,مركبة نقل
VAPID 'sub' claim — a mailto: or https: contact the push service can reach (e.g. mailto:ops@yourcompany.com).,مطالبة 'sub' لبروتوكول VAPID — جهة اتصال mailto: أو https: يمكن لخدمة الإشعارات الوصول إليها (مثل mailto:ops@yourcompany.com).
VAPID Private Key,مفتاح VAPID الخاص
VAPID Public Key,مفتاح VAPID العام
VAPID Subject,موضوع VAPID
"VAPID private key. Secret — stored encrypted, never exposed to the client.",مفتاح VAPID الخاص. سري — يُخزَّن مشفّرًا ولا يُكشف للعميل أبدًا.
VAPID public key (base64url). Handed to the browser to subscribe; safe to expose.,مفتاح VAPID العام (base64url). يُسلَّم للمتصفح للاشتراك؛ آمن الكشف.
VAT,ضريبة القيمة المضافة
VAT Applied,طُبِّقت ضريبة القيمة المضافة
Vacant Capacity Cost Trend (Monthly),اتجاه تكلفة السعة الشاغرة (شهري)
Valid,ساري
Valid From,صالح من
Valid Until,صالح حتى
Validated,مُدقّق
Validity,الصلاحية
Validity Period,فترة الصلاحية
"Validity state of the license, flagging documents that are active, approaching expiry, already expired, in renewal, or revoked so compliance gaps are visible.",حالة سريان الرخصة، تشير إلى الوثائق السارية أو المقتربة من انتهاء الصلاحية أو المنتهية بالفعل أو قيد التجديد أو الملغاة ليتسنى إبراز فجوات الامتثال.
Value,القيمة
Value in hands,القيمة في العهدة
Variance,الانحراف
Variance (L),الفرق (لتر)
Variance (SAR),الانحراف (ريال)
Variance ({0} L) exceeds 10% of the claimed volume - requires Operations-tier approval and a Finance consult note.,التباين ({0} لتر) يتجاوز 10% من الكمّيّة المُطالَب بها - يتطلّب موافقةً بمستوى العمليّات ومذكّرة استشارة ماليّة.
Variance Alert Threshold (%),حد تنبيه انحراف الخدمة
Variance Monitoring,مراقبة الفروقات
Variance from Average (%),الانحراف عن المتوسط (%)
Variance from Avg (%),الانحراف عن المتوسط (%)
Vehicle,مركبة
Vehicle & Date,المركبة والتاريخ
Vehicle & Period,المركبة والفترة
Vehicle Activations,تفعيلات المركبات
Vehicle Assignment,إسناد مركبة
Vehicle Category,فئة المركبة
Vehicle Compliance Register,سجل امتثال المركبات
Vehicle Custody,عهدة المركبة
Vehicle Damage,أضرار مركبة
Vehicle Damage Write-Off,شطب أضرار مركبة
Vehicle Damage Write-Off cases at or above this estimated cost (SAR) require Operations-tier authority; lower-value cases require at least Regional-tier.,حالات شطب تلف المركبات التي تبلغ هذه التكلفة التقديرية (ريال) أو تتجاوزها تتطلب صلاحية مستوى العمليات؛ والحالات الأقل قيمة تتطلب المستوى الإقليمي على الأقل.
Vehicle Damages,أضرار المركبة
Vehicle Handover,تسليم مركبة
Vehicle Handover Checklist Template,قالب قائمة فحص تسليم المركبة
Vehicle Handover Checklist Template Item,بند قالب قائمة فحص تسليم المركبة
Vehicle Handover Item,بند تسليم المركبة
Vehicle Handover Receipt,إيصال تسليم المركبة
Vehicle Incident,بلاغ مركبة
Vehicle Incident Statement,بيان بلاغ مركبة
Vehicle Insurance Excess,تحمّل تأمين المركبة
Vehicle Returned,تم إرجاع المركبة
Vehicle Suspension,إيقاف مركبة
Vehicle Utilisation,استغلال المركبات
Vehicle Utilisation Snapshot,لقطة استغلال المركبة
Vehicle and Driver,المركبة والسائق
Vehicle and Project,المركبة والمشروع
Vehicle damage write-off case raised from a handover discrepancy. Tiered write-off authority gate on submit.,حالة شطب تلف مركبة تُنشأ من تباين في التسليم. بوابة صلاحية شطب متدرّجة عند الاعتماد.
Vehicle not found.,المركبة غير موجودة.
Vehicle released,تم إخراج المركبة
Vehicle wash service platform or provider used for cleaning fleet vehicles.,منصة أو مزوّد خدمة غسيل يُستخدم لتنظيف مركبات الأسطول.
Vehicle {0} already has an active assignment {1}.,المركبة {0} لديها بالفعل إسناد نشط {1}.
Vehicle {0} already has an open rental Receipt; return it before a new Receipt.,المركبة {0} لديها بالفعل إيصال إيجار مفتوح؛ أرجعها قبل إيصال جديد.
Vehicle {0} assigned to driver {1}.,تم إسناد المركبة {0} إلى السائق {1}.
Vehicle {0} handed over to driver {1}.,تم تسليم المركبة {0} إلى السائق {1}.
Vehicle {0} has been in the workshop since {1} (over {2} days).,المركبة {0} في الورشة منذ {1} (أكثر من {2} يوماً).
Vehicle {0} has expired compliance and cannot be dispatched/assigned.,المركبة {0} منتهية الامتثال ولا يمكن تشغيلها/إسنادها.
Vehicle {0} has no open rental Receipt to return.,المركبة {0} ليس لديها إيصال إيجار مفتوح لإرجاعه.
Vehicle {0} is already assigned to driver {1}.,المركبة {0} مُسندة بالفعل إلى السائق {1}.
Vehicle {0} is assigned to driver {1}.,المركبة {0} مُسندة إلى السائق {1}.
Vehicle {0} is not a rented vehicle (ownership is {1}).,المركبة {0} ليست مركبة مستأجرة (الملكية {1}).
Vehicle {0} not found.,المركبة {0} غير موجودة.
Vehicle {0} reported stolen.,أُبلغ عن سرقة المركبة {0}.
Vehicle {0} stopped: {1}.,تم إيقاف المركبة {0}: {1}.
Vehicle {0} was just assigned by {1}. Please review.,تم إسناد المركبة {0} للتو بواسطة {1}. يُرجى المراجعة.
Vehicle {0} was not re-linked on cancel; it is no longer free.,لم تُعَد المركبة {0} إلى الربط عند الإلغاء؛ لم تعد متاحة.
Vehicle: {0},المركبة: {0}
Vehicles,المركبات
Vehicles In Service,المركبات في الخدمة
Vehicles Stopped,المركبات الموقوفة
Vehicles Tracked,المركبات المتتبَّعة
Vehicles Under Maintenance,المركبات تحت الصيانة
Vehicles by Status,المركبات حسب الحالة
Verdict,الحكم
Verified by Client,تم التحقق من قِبل العميل
Version,الإصدار
"Version number, bumped on every revision. The prior version is retained and superseded, never overwritten. Set once per card.",رقم الإصدار، يُرفَع مع كل مراجعة. ويُحتفَظ بالإصدار السابق ويُلغى بأحدث، دون استبداله أبداً. يُضبَط مرة واحدة لكل بطاقة.
"Version of the card in force at the period cutoff, snapshotted so a closed period reprices identically.",إصدار البطاقة الساري عند إغلاق الفترة، مُلتقَط كلقطة ليُعاد تسعير الفترة المغلقة بالطريقة نفسها.
Version of the documented API contract the frontend is built against. Additive changes are safe; breaking changes increment this value and require a notice to integrators.,إصدار عقد الواجهة البرمجية الموثّق الذي بُنيت عليه الواجهة الأمامية. التغييرات الإضافية آمنة؛ أما التغييرات الكاسرة فترفع هذه القيمة وتستلزم إشعار المتكاملين.
"Vertical position of the floor within the building, used for occupancy planning and to apply safety rules that differ for basement, ground, middle, and roof levels.",الموضع الرأسي للطابق داخل المبنى، يُستخدم لتخطيط الإشغال ولتطبيق قواعد السلامة التي تختلف بين القبو والأرضي والأوسط والسطح.
View Active Resident Register,عرض سجل الساكنين النشطين
View Safety Task Catalog list,عرض قائمة دليل مهام السلامة
View the interactive safety map; rooms with open maintenance pulse.,اعرض خريطة السلامة التفاعلية؛ تنبض الغرف ذات الصيانة المفتوحة.
Villa,فيلا
Violation,مخالفة
Virtual over-capacity bed created by the Arrivals Desk when a room is full but building headroom still allows another worker.,سرير افتراضي يتجاوز السعة يُنشئه مكتب الوصول عندما تكون الغرفة ممتلئة بينما لا تزال سعة المبنى تتسع لعامل آخر.
Visit,الزيارة
Voucher Detail No,رقم تفصيل القسيمة
Voucher No,رقم القسيمة
Voucher Type,نوع القسيمة
WARN,تحذير
WPS / SIF,حماية الأجور WPS / SIF
WPS Channel,قناة WPS
WPS Generated,تم إنشاء WPS
WPS Included,مُدرَج في WPS
WPS Status,حالة WPS
WPS release blocked by governance: {0},إصدار WPS محجوب بسبب الحوكمة: {0}
WPS release governance (P-193) is not available yet; release is blocked.,حوكمة إصدار WPS (P-193) غير متاحة بعد؛ الإصدار محجوب.
WPS-COMPLETE precondition: 1 only when every included worker has a valid IBAN. Computed; release fails closed while 0.,شرط اكتمال WPS المسبق: القيمة واحد فقط عندما يكون لكل عامل مُدرَج آيبان صالح. محسوب؛ ويفشل الإصدار فشلاً آمناً ما دام صفراً.
Wait Count,عدد مرات الانتظار
Wait Requests,طلبات الانتظار
Waiting Evidence,بانتظار الإثباتات
Waived,مُعفى
Waived: accepted as-is with a reason. Resolved: the data-quality gap was fixed and re-ingested.,متنازَل عنه: قُبل كما هو مع ذكر سبب. مُعالَج: صُحّح خلل جودة البيانات وأُعيد إدخاله.
Walk each floor and set the type of every room.,امشِ في كل طابق وحدد نوع كل غرفة.
Warning,تحذير
Warning Alert Aging Hours,ساعات تقادم التنبيه التحذيري
Warning: building occupancy will reach {0:.0f}%.,تحذير: سيبلغ إشغال المبنى {0:.0f}%.
Warning: vehicle {0} has expired compliance.,تحذير: المركبة {0} منتهية الامتثال.
Warranty Expiry,انتهاء الضمان
Wash Date,تاريخ الغسيل
Wash Platform,منصة الغسيل
Wash Request,طلب غسيل
Wash Type,نوع الغسيل
Water,ماء
Water Tank,خزان المياه
Water Tank Cleaning,تنظيف خزان المياه
Water Tank Inspection Required,فحص خزان المياه مطلوب
Web QR,رمز QR للويب
Website,الموقع الإلكتروني
Wednesday,الأربعاء
Weekly,أسبوعي
Weekly Custody Digest,ملخص العهدة الأسبوعي
Weekly custody summary for your building(s):,ملخص العهدة الأسبوعي لمبانيك:
What do you need help with?,ما الذي تحتاج المساعدة فيه؟
What happened?,ماذا حدث؟
WhatsApp,واتساب
WhatsApp / SMS Gateway,بوابة واتساب / الرسائل النصية
"When OFF, Accommodation Ledger rows are operational memos with no GL impact.",عند الإيقاف، تكون أسطر سجل السكن مذكرات تشغيلية دون أثر على دفتر الأستاذ العام.
"When ON (default), the deduction also needs internal approval (beyond the employee's consent) before it is posted.",عند التفعيل (الافتراضي)، يحتاج الخصم أيضًا إلى اعتماد داخلي (إضافة إلى موافقة الموظف) قبل ترحيله.
"When ON, expiry/overdue scheduler jobs post a timeline comment on the source document. Email is controlled by the Notification DocType. When OFF, jobs run silently.",عند التفعيل، تنشر مهام المجدول الخاصة بالانتهاء/التأخر تعليقًا زمنيًا على المستند المصدر. يتحكم مستند الإشعار في البريد الإلكتروني. عند الإيقاف، تعمل المهام بصمت.
"When ON, the weekly coverage gate requires every building to be covered by a safety round.",عند التفعيل، تتطلب بوابة التغطية الأسبوعية تغطية كل مبنى بجولة سلامة.
"When ON, transferring externally-purchased goods into custody requires a one-time password confirmed by the receiving supervisor.",عند التفعيل، يتطلب نقل البضائع المشتراة خارجياً إلى العهدة رمز تحقق لمرة واحدة يؤكده المشرف المستلم.
"When checked and the target DocType is submittable, the router submits the created payment document. Default off (leave the payment in Draft for review).",عند التفعيل وكون المستند المستهدف قابلًا للإرسال، يرسل الموجّه مستند الدفع المنشأ. معطّل افتراضيًا (يترك الدفع كمسودة للمراجعة).
"When checked, the target field is set to the constant Static Value instead of copying from the request.",عند التحديد، يُضبط الحقل المستهدف على القيمة الثابتة بدلًا من نسخها من الطلب.
When do you need pickup?,متى تحتاج إلى الاستقبال؟
When the action occurred.,وقت وقوع الإجراء.
When the driver's GPS position was last refreshed. A stale timestamp lets the client suppress an out-of-date ETA.,وقت آخر تحديث لموقع GPS للسائق. الطابع الزمني القديم يتيح للتطبيق إخفاء وقت وصول متوقع غير محدَّث.
"When the inspection is carried out relative to work, distinguishing pre-work and post-work checks from routine periodic rounds and unplanned emergency inspections.",توقيت إجراء التفتيش نسبةً إلى العمل، يميّز فحوص ما قبل العمل وما بعده عن الجولات الدورية الاعتيادية وعمليات التفتيش الطارئة غير المخططة.
When the recipient acknowledged receipt at the kiosk.,وقت إقرار المستلم بالاستلام في الكشك.
When the resident accepted the housing terms at the tablet.,وقت موافقة الساكن على شروط السكن على اللوحي.
When the supervisor recorded the approval decision.,وقت تسجيل المشرف لقرار الاعتماد.
When the worker self-claimed boarding (drives the auto-confirm timeout).,عندما أعلن العامل صعوده ذاتيًا (يحرك مهلة التأكيد التلقائي).
When this device last refreshed or confirmed its subscription.,متى حدّث هذا الجهاز اشتراكه أو أكّده آخر مرة.
"When unchecked, the worker's personal Masar link stops resolving.",عند إلغاء التفعيل، يتوقف رابط مسار العامل الشخصي عن العمل.
"Where inside or around the accommodation the reported issue is located, helping staff locate the problem and group recurring faults by area.",موقع المشكلة المُبلّغ عنها داخل السكن أو حوله، يساعد الموظفين على تحديد موضع المشكلة وتجميع الأعطال المتكررة حسب المنطقة.
Where is the issue?,أين المشكلة؟
Where the header band / title / branch label sits (merged-cell map).,موضع شريط الترويسة/العنوان/تسمية الفرع (خريطة الخلايا المدمجة).
Where this field's value came from.,من أين أتت قيمة هذا الحقل.
Whether this deduction came from a P-190 performance candidate or an operational-liability event.,ما إذا كان هذا الخصم ناتجاً عن مرشّح أداء P-190 أو عن حدث التزام تشغيلي.
Which artifact this is; stamped onto every canonical field's provenance.,أي مستند هذا؛ يُختم على مصدر كل حقل معياري.
Which billing component this line prices.,أي مكوّن فوترة يسعّره هذا البند.
Which billing component this line represents. eos is event-triggered only (a sponsorship-transfer event this period).,أي مكوّن فوترة يمثّله هذا البند. نهاية الخدمة تُطلَق بالحدث فقط (حدث نقل كفالة هذه الفترة).
Which canonical Timesheet Line field this provenance row covers.,أيّ حقل معياري في سطر سجل الدوام يغطّيه صف المصدر هذا.
Which lifecycle event on the source document raises the deduction.,أي حدث في دورة حياة المستند المصدر يُنشئ الخصم.
Which of the up-to-4 documents this component lands on. gosi_fee / charge_fee ride on main (see Rides On).,في أي من المستندات الأربعة كحد أقصى يقع هذا المكوّن. ويعتمد gosi_fee و charge_fee على المستند الرئيسي (انظر «يعتمد على»).
Which operational line this card prices.,أي خط تشغيلي تسعّره هذه البطاقة.
"Which part of the accommodation this cleaning evidence photo covers, so before-and-after proof can be checked per area during cleaning audits.",الجزء من السكن الذي تغطيه صورة دليل التنظيف هذه، ليتسنى فحص إثبات ما قبل وما بعد لكل منطقة أثناء تدقيقات التنظيف.
Which penalty rule was applied. Blank until a rule fires.,أي قاعدة غرامة طُبِّقت. تبقى فارغة حتى تُطبَّق قاعدة.
Which performance / attendance threshold triggers this penalty.,أي حد أداء أو حضور يُطلق هذه الغرامة.
Which performance threshold was evaluated.,أي حد أداء جرى تقييمه.
Which policy deduction type this consent is for. Must match an enabled rule on the Salary Deduction Policy when the deduction is later posted.,نوع خصم السياسة الذي تخص هذه الموافقة. يجب أن يطابق قاعدة مفعّلة في سياسة الخصم من الراتب عند ترحيل الخصم لاحقًا.
Who is arriving?,من القادم؟
Who prepared the run (maker). Must differ from the releaser.,من أعدّ التشغيل (الصانع). يجب أن يختلف عن المُصدِر.
Who released the WPS file (checker). Must differ from the preparer (Separation of Duties).,من أصدر ملف WPS (المدقّق). يجب أن يختلف عن المُعِدّ (فصل المهام).
"Why a resident is idle and not deployed to work, such as a new hire awaiting assignment, a return from leave, or a legal or HR hold, used to target follow-up.",سبب تعطّل المقيم وعدم إيفاده للعمل، كموظف جديد بانتظار الإسناد أو عائد من إجازة أو محتجز لسبب قانوني أو موارد بشرية، يُستخدم لتوجيه المتابعة.
"Why the driver is being cleared from the fleet, separating a voluntary resignation or end of assignment from a transfer or termination, which affects settlement handling.",سبب إخلاء طرف السائق من الأسطول، يفصل الاستقالة الطوعية أو انتهاء الإسناد عن النقل أو إنهاء الخدمة، ما يؤثر في معالجة التسوية.
Why the month is full or partial. A partial payout is never silent: a non-full reason must be chosen deliberately.,سبب كون الشهر كاملاً أو جزئياً. الصرف الجزئي لا يمر بصمت أبداً: يجب اختيار سبب لعدم الاكتمال عن قصد.
Window,الفترة
Window Days,أيام النافذة
Window Days cannot exceed {0} days.,أيام النافذة لا يمكن أن تتجاوز {0} يومًا.
Window Days must be at least 1 day.,يجب أن تكون أيام النافذة يوماً واحداً على الأقل.
Window ends in {0}d,تنتهي المهلة خلال {0} يوم
Window expired {0}d ago,انتهت المهلة منذ {0} يوم
Within SLA,ضمن اتفاقية مستوى الخدمة
Witness,الشاهد
Work Description,وصف العمل
Work Order marked Completed.,تم وسم أمر العمل كمكتمل.
Work Order marked In Progress.,تم تحديد حالة أمر العمل كـ 'قيد التنفيذ'.
Work Shift,وردية عمل
Work Shift Day,يوم وردية العمل
Work started — status set to In Progress.,بدأ العمل — الحالة: قيد التنفيذ.
Worked Hours,ساعات العمل
Worker,عامل
Worker Access,وصول العامل
Worker Claimed,أعلن العامل الصعود
Worker Claimed At,أعلن العامل الصعود في
Worker Count,عدد العمال
Worker Hours,ساعات العامل
Worker Identity,هوية العامل
Worker Manifest,كشف العمال
Worker Name,اسم العامل
Worker Route (Masar),مسار العامل (مسار)
Worker Transport Plan,خطة نقل العمال
Worker Type,نوع العامل
Worker Wait Request (Seconds),طلب انتظار العامل (ثوانٍ)
Worker Wait Request Max,الحد الأقصى لطلب انتظار العامل
"Worker accommodation blanket. Consumable bedding item, routinely purchased per site.",بطانية سكن العمال. صنف مفروشات استهلاكي يُشترى دورياً لكل موقع.
Worker accommodation pillow. Consumable bedding item.,وسادة سكن العمال. صنف مفروشات استهلاكي.
Worker count fetched from the assigned request; feeds the trip capacity guard.,عدد العمال المجلوب من الطلب المُسند؛ يغذّي ضابط سعة الرحلة.
Worker monthly package (runtime; from P-189 and the Worker master).,الباقة الشهرية للعامل (وقت التشغيل؛ من P-189 وسجل العامل الرئيسي).
Worker set: {0},تم تعيين العامل: {0}
Worker signature,توقيع العامل
Worker towel. Consumable sanitary item.,منشفة عامل. صنف صحي استهلاكي.
Worker {0} is not on this trip's boarding state.,العامل {0} ليس ضمن حالة صعود هذه الرحلة.
Worker {0} is not on this trip's manifest.,العامل {0} غير مدرج في كشف عمالة هذه الرحلة.
Workers,العمال
Workers Moved,العمالة المنقولة
Workers Requests Open,طلبات العمالة المفتوحة
Workers Requests by Status,طلبات العمالة حسب الحالة
Workers Transport Dashboard,لوحة نقل العمالة
Workers Transport Fulfilled This Month,نقل العمالة المنفّذ هذا الشهر
Workers Transport Over Time,نقل العمالة عبر الزمن
Workers Transport Requests Open,طلبات نقل العمالة المفتوحة
Workers Transport Scheduled Awaiting Dispatch,نقل العمال المجدول بانتظار الإرسال
Workers are expected to arrive at this building today — prepare beds and custody,من المتوقع وصول عمال إلى هذا المبنى اليوم — جهّز الأسرّة والعهدة
"Workflow stage of the maintenance request from open through assignment and active work to resolution and closure, including reopening when a fix does not hold.",مرحلة سير عمل طلب الصيانة من مفتوح مرورًا بالإسناد والعمل النشط حتى الحل والإغلاق، بما في ذلك إعادة الفتح عند عدم صمود الإصلاح.
Workshop Overstay,تأخّر في الورشة
Workshop Overstay Days,أيام تجاوز مدّة الورشة
Write-Off,شطب
Write-Off Case,حالة الشطب
Write-Off Operations Threshold (SAR),حد عمليات الشطب (ريال)
Written Off,مشطوب
Wrong Trip,رحلة خاطئة
"YYYY-MM, e.g. 2026-05",YYYY-MM، مثال: 2026-05
Year,السنة
Yes,نعم
You are not permitted to access this worker's record.,لا تملك صلاحية الوصول إلى سجل هذا العامل.
You are not permitted to assign transport requests.,لا تملك صلاحية إسناد طلبات النقل.
You can only save Trip Start Logs assigned to your own driver record.,لا يمكنك حفظ سوى سجلات بدء الرحلة المُسندة إلى سجل سائقك.
You can't check out at or before your check-in time. Try again in a moment.,لا يمكنك تسجيل المغادرة في وقت تسجيل الحضور أو قبله. حاول مرة أخرى بعد قليل.
You cannot approve or pay a Payment Request you raised; a different Finance approver is required.,لا يمكنك الموافقة أو الدفع لطلب دفع أنشأته؛ يجب أن يوافق عليه معتمد مالي مختلف.
You cannot {0} a fuel request you raised yourself (segregation of duties).,لا يمكنك {0} طلب وقود أنشأته بنفسك (الفصل بين المهام).
You do not have write permission on this Dispatch Trip.,لا تملك صلاحية الكتابة على رحلة التسيير هذه.
You don't have any building assigned. Ask an administrator to grant you a building.,لا يوجد لديك أي مبنى مُسند. اطلب من المسؤول منحك مبنى.
You don't have permission to view this building.,ليس لديك صلاحية لعرض هذا المبنى.
You have a trip assigned for tomorrow,لديك رحلة مجدولة غدًا
You have already rated this trip.,لقد قيّمت هذه الرحلة بالفعل.
You have no fleet project assigned,لا يوجد مشروع أسطول مُسنَد إليك
You have {0} open operations alert(s),لديك {0} تنبيه عمليات مفتوح
You may only handle boarding for your own trips.,لا يمكنك إدارة الصعود إلا لرحلاتك الخاصة.
You were not part of this trip's manifest.,لم تكن ضمن قائمة ركاب هذه الرحلة.
Your Name (Optional),اسمك (اختياري)
Your account does not have a role to access it.,لا يملك حسابك دورًا للوصول إليها.
Your arrival manifest was submitted. The accommodation team will reconcile arrivals against it on the expected date.,تم إرسال بيان الوصول الخاص بك. سيقوم فريق السكن بمطابقة الوصول الفعلي مع البيان في التاريخ المتوقع.
Your driving licence is expiring soon — please start the renewal,رخصة قيادتك على وشك الانتهاء — يُرجى بدء التجديد
Your exit clearance has been issued — you can download the certificate from the driver portal,تم إصدار إخلاء طرفك — يمكنك تنزيل الشهادة من بوابة السائق
Your fuel request has been decided,تم البت في طلب الوقود الخاص بك
Your incident report was submitted. A supervisor will review and confirm it.,تم إرسال بلاغ الحادثة. سيقوم المشرف بمراجعته وتأكيده.
Your licence isn't due for renewal yet.,رخصتك لا تستحق التجديد بعد.
Your request has been submitted. Save your tracking code shown below to follow up with your supervisor.,تم تقديم طلبك. احفظ رمز التتبع أدناه للمتابعة مع مشرفك.
Your tracking code:,رمز المتابعة الخاص بك:
Your transport request was submitted. Save your tracking code to follow up with your supervisor.,تم تقديم طلب التنقل. احفظ رمز التتبع للمتابعة مع مشرفك.
ZATCA Connector App,تطبيق موصّل ZATCA
ZATCA Counter,عدّاد ZATCA
ZATCA E-Invoice,فاتورة ZATCA الإلكترونية
ZATCA E-Invoice Connector,موصّل فاتورة ZATCA الإلكترونية
ZATCA Hash,بصمة ZATCA
ZATCA Phase,مرحلة ZATCA
ZATCA Previous Invoice Hash,بصمة الفاتورة السابقة ZATCA
ZATCA QR,رمز ZATCA السريع
ZATCA Stamp Status,حالة ختم ZATCA
ZATCA Stamped,مختوم بـ ZATCA
ZATCA UUID,معرّف ZATCA الفريد
ZATCA e-invoicing phase the connector targets (public statutory phases).,مرحلة الفوترة الإلكترونية ZATCA التي يستهدفها الموصّل (المراحل النظامية العامة).
[SoD-VIOLATION] The preparer and the approver must be different users.,[مخالفة فصل المهام] يجب أن يكون المُعِدّ والمعتمِد مستخدمَين مختلفَين.
[SoD-VIOLATION] The preparer and the approver share a controlling role: {0}.,[مخالفة فصل المهام] المُعِدّ والمعتمِد يتشاركان دوراً مسيطراً: {0}.
[authority_unknown] Amount {0} falls outside every active DoA Band for {1}.,[صلاحية غير معروفة] المبلغ {0} يقع خارج كل شرائح تفويض الصلاحيات النشطة لـ {1}.
[authority_unknown] Amount {0} resolves to multiple active DoA Bands for {1}.,[صلاحية غير معروفة] المبلغ {0} ينطبق على أكثر من شريحة تفويض صلاحيات نشطة لـ {1}.
[authority_unknown] The approver holds neither the required role nor the escalation role for this band.,[صلاحية غير معروفة] المعتمِد لا يحمل الدور المطلوب ولا دور التصعيد لهذه الشريحة.
[doa_band_unconfigured] No DoA Band is configured for action {0}.,[شريحة تفويض غير مُهيّأة] لا توجد شريحة تفويض صلاحيات مُهيّأة للإجراء {0}.
[export_leak_blocked] Export to {0} is held: {1},[تسريب تصدير محجوب] التصدير إلى {0} محجوز: {1}
active,نشط
actual_cycle_days,أيام الدورة الفعلية
aggregated,مُجمَّع
allowances,بدلات
article,صنف
article_name,اسم الصنف
assignments,الإسنادات
attendance-day,يوم حضور
attendance_day,يوم حضور
authority_unknown,صلاحية غير معروفة
awaiting_approval,بانتظار الاعتماد
basic,أساسي
bed,سرير
bed_status,حالة السرير
billing_vs_payable_mismatch: Rate Resolution {0} priced the Billable and Payable sides on different day-rate bases ({1}). The reconciliation is halted until they agree.,عدم تطابق الفوترة والمستحقات: سعّرت تسوية الأسعار {0} جانبي الفوترة والمستحقات على أساسي معدل يومي مختلفين ({1}). وتتوقف التسوية حتى يتطابقا.
blank_branch,فرع فارغ
blocked,محجوب
broken_formula,صيغة معطوبة
candidate,مرشّح
"candidate = raised, not finalized; sent_to_payroll = handed to P-192. Finalization is never done here.",«مرشّح» يعني مُنشأ وغير نهائي؛ و«مُرسَل إلى الرواتب» يعني مُسلَّم إلى P-192. ولا يتم الإنهاء هنا أبداً.
charge_fee,رسوم الخدمة
clean,سليم
cleaning,تنظيف
clear,صريح
cleared,أُلغي
client,عميل
client_approved,مُعتمَد من العميل
client_file,ملف العميل
cnt,العدد
code_map,خريطة الرموز
confirmed,مؤكَّد
consent_verify,التحقّق من الموافقة
consumed,مُستهلَك
cost,التكلفة
credit_note_issue,إصدار إشعار دائن
damages,الأضرار
day_rate,معدل يومي
days_lt20_adjustment,تعديل الأيام دون العشرين
days_lt_20,أيام دون العشرين
deduction_apply,تطبيق الخصم
delivery,تسليم
delivery-performance,أداء التسليم
delivery_performance,أداء التسليم
departure_late_count,عدد مرات تأخّر المغادرة
departure_late_penalty,غرامة تأخّر المغادرة
distance,المسافة
div_31,القسمة على واحد وثلاثين
doa_approve,اعتماد تفويض الصلاحيات
doa_block,حجب تفويض الصلاحيات
draft,مسودة
driver,السائق
drivers,السائقون
due,مستحق
dup_iqama,إقامة مكرّرة
"e.g., SAF-001, SEC-005",مثل: SAF-001، SEC-005
"e.g., Saudi Electricity Co., NWC, Mobily",مثل: الشركة السعودية للكهرباء، شركة المياه الوطنية، موبايلي
employee,موظّف
ends on,ينتهي في
entries,المدخلات
eos,نهاية الخدمة
eos_basis,أساس نهاية الخدمة
eos_on_transfer,نهاية الخدمة عند النقل
exact,مطابقة تامة
exact = byte-for-byte; normalized = trim / case / whitespace only. Never fuzzy.,«مطابقة تامة» تعني حرفاً بحرف؛ و«موحّدة» تعني تشذيب الفراغات وتوحيد حالة الأحرف فقط. وليست تقريبية أبداً.
exclude_from_billable,مستبعَد من الفوترة
expected,متوقع
expired {0} ago,انتهى منذ {0}
expires in {0},ينتهي خلال {0}
expires on,تنتهي صلاحيته في
explicit_rate_per_day,معدل صريح لليوم
export_block,حجب التصدير
export_sanitize,تنقية التصدير
external,خارجي
first_held,أول احتجاز
fixed_365_12,ثابت 365÷12
fixed_tier,شريحة ثابتة
flat_penalty,غرامة مقطوعة
for building,للمبنى
fuel grades,أنواع الوقود
full_month,شهر كامل
gap_waiver,إعفاء الفجوة
gated_threshold_open: an inferred penalty rule is unconfirmed; this run must stay in pending_review until the owner confirms it.,حد محجوز مفتوح: قاعدة غرامة مُستنتَجة غير مؤكدة؛ ويجب أن يبقى هذا التشغيل قيد المراجعة حتى يؤكدها المالك.
generated,مُنشأ
gosi_fee,رسوم التأمينات
has ended,انتهى
has expired,انتهت صلاحيته
incidents,البلاغات
intake_parse,تحليل الاستقبال
invoice_issuance,إصدار الفاتورة
invoice_issue,إصدار الفاتورة
itemized,مفصّل
ksa_compliance,الامتثال السعودي
late_ge_30min,تأخّر ثلاثين دقيقة فأكثر
late_ge_30min_penalty,غرامة تأخّر ثلاثين دقيقة فأكثر
levy,رسم
lft,يسار
lifespan,العمر
main_timesheet,سجل الدوام الرئيسي
matched,مطابق
merge_conflict,تعارض دمج
mismatch_blocked,محجوب لعدم التطابق
missing_field,حقل مفقود
mixed,مختلط
module03_performance_candidate,مرشّح أداء الوحدة الثالثة
mudad,مدد
n,لا
n/a,غير متاح
na_run_partial_month,تشغيل شهر جزئي غير منطبق
needs_higher_band,يحتاج شريحة أعلى
net_qty,الكمية الصافية
never_mutate_posted: a posted run is immutable; correct it with a reversed re-run.,لا تُعدِّل المُرحَّل: التشغيل المُرحَّل غير قابل للتغيير؛ صحّحه بإعادة تشغيل معكوسة.
no_mapping_profile,لا يوجد ملف ربط
non_machine_readable_media,وسائط غير مقروءة آلياً
none,لا شيء
normalized,موحّد
not recorded,غير مسجّل
not_generated,غير مُنشأ
not_required,غير مطلوب
not_stamped,غير مختوم
ocr,تعرّف ضوئي على النصوص
of,من
old_parent,الأصل السابق
on file,مُسجَّل
one_off,لمرة واحدة
open_flags_before_post: {0} open flag(s) remain; resolve them before POST.,أعلام مفتوحة قبل الترحيل: ما زال هناك {0} من الأعلام المفتوحة؛ عالِجها قبل الترحيل.
operational_liability_event,حدث التزام تشغيلي
ot_rate,معدل العمل الإضافي
other,أخرى
outstanding,مستحق قائم
overtime,عمل إضافي
own_document,مستند خاص
own_document = spawns its own invoice; main_timesheet = rides on the main timesheet document (gosi_fee + charge_fee always ride on main).,«مستند خاص» يُنشئ فاتورته الخاصة؛ و«سجل الدوام الرئيسي» يعتمد على مستند سجل الدوام الرئيسي (ويعتمد gosi_fee و charge_fee دائماً على الرئيسي).
owner_internal,داخلي للمالك
package-day,يوم باقة
package_day,يوم باقة
paper,ورقي
party_type and party are required.,حقلا party_type و party مطلوبان.
pass,ناجح
pct,نسبة مئوية
pct_of_basic,نسبة من الأساسي
pending,معلّق
pending_approval,بانتظار الاعتماد
pending_review,قيد المراجعة
per_day,لكل يوم
per_day_penalty,غرامة لكل يوم
per_event,لكل حدث
per_hour,لكل ساعة
per_period,لكل فترة
per_period_flat,مقطوع لكل فترة
per_worker,لكل عامل
per_worker_flat,مقطوع لكل عامل
percent,نسبة مئوية
performance_adjusted,معدَّل بالأداء
phase_1_generation,المرحلة الأولى: الإنشاء
phase_2_integration,المرحلة الثانية: التكامل
placeholder_noise,ضجيج نائب
post_exit,بعد إنهاء الخدمة
posted,مُرحَّل
pre_join,قبل الالتحاق
pro_rate,توزيع تناسبي
profile_edit,تعديل الملف
quota,الحصة
rated,مُسعَّر
readiness_status,حالة الجاهزية
received,مُستلَم
reconciliation_post,ترحيل التسوية
released,مُصدَّر
reported,مُبلَّغ عنه
requested,مطلوب
reversed,معكوس
review_only,للمراجعة فقط
rgt,يمين
room_floor,طابق الغرفة
room_type,نوع الغرفة
sample_issued,صدر النموذج
sarie,سريع
security,أمن
sent_to_payroll,مُرسَل إلى الرواتب
shift-hour,ساعة وردية
shift_hour,ساعة وردية
sod_block,حجب فصل المهام
stamped,مختوم
standing,دائم
strip_sci_notation,إزالة الترميز العلمي
success_pct,نسبة النجاح
success_pct_penalty,غرامة نسبة النجاح
sum_days,مجموع الأيام
superseded,مُلغى بإصدار أحدث
supervisor_entry,إدخال المشرف
system_default,افتراضي النظام
tabular,جدولي
temporary top-up {0} was reverted,تم عكس التعبئة المؤقتة {0}
thresholds_applied,الحدود المُطبَّقة
timesheet,سجل الدوام
title_parse,تحليل العنوان
total_cost,التكلفة الإجمالية
totals_vs_detail_mismatch,عدم تطابق الإجماليات مع التفاصيل
totals_zero_with_grid,إجماليات صفرية مع وجود جدول
training_days,أيام التدريب
training_excluded,التدريب مستبعَد
trim,تشذيب
trip_count,عدد الرحلات
ts_daily_status,الحالة اليومية لسجل الدوام
ts_days_lt20_flag,علم أيام سجل الدوام دون العشرين
ts_departure_late_count,عدد مرات تأخّر المغادرة في سجل الدوام
ts_kpi_pod,مؤشر إثبات التسليم في سجل الدوام
ts_kpi_success_pct,مؤشر نسبة النجاح في سجل الدوام
ts_kpi_van,مؤشر مركبة النقل في سجل الدوام
ts_late_ge30_days,أيام التأخّر ثلاثين دقيقة فأكثر في سجل الدوام
ts_ot_hours,ساعات العمل الإضافي في سجل الدوام
ts_payable_days,الأيام المستحقة في سجل الدوام
ts_role_package,باقة الدور في سجل الدوام
ts_shifts,الورديات في سجل الدوام
ts_training_days,أيام التدريب في سجل الدوام
under_target_days_lt20,أيام دون المستهدف تقل عن عشرين
unmapped_status_token,رمز حالة غير مربوط
unscanned (fail-closed),غير مفحوص (فشل آمن)
until {0},حتى {0}
value,القيمة
vehicle,مركبة
within_authority,ضمن الصلاحية
worker_not_found,العامل غير موجود
workers,عمال
workshop status,حالة الورشة
wps_release,إصدار WPS
year_month_mismatch,عدم تطابق السنة والشهر
zatca_erpgulf,تكامل زاتكا ERPGulf
"{0} (Employee {1}) used the Masar worker portal to flag that their Iqama {2} is expiring (expiry {3}, {4} day(s) left). Please action the renewal.",استخدم {0} (الموظف {1}) بوابة عامل مسار للإشارة إلى أن إقامته {2} على وشك الانتهاء (الانتهاء {3}، {4} يوم متبقٍ). يُرجى اتخاذ إجراء التجديد.
{0} acknowledged,{0} تم الإقرار بها
{0} active,{0} نشط
{0} alerts,{0} تنبيه
{0} applied,{0} مُطبَّق
{0} assigned,تم إسناد {0}
{0} awaiting approval,{0} بانتظار الموافقة
{0} cannot be negative.,لا يمكن أن يكون {0} سالبًا.
{0} check item(s) loaded from template {1},تم تحميل {0} بند فحص من القالب {1}
{0} day(s),{0} يوم
{0} days,{0} أيام
{0} free,{0} متاح
{0} free of {1} beds,{0} متاح من أصل {1} سرير
{0} is not a valid readiness status.,{0} ليست حالة جاهزية صالحة.
{0} is too long.,{0} طويل جداً.
{0} material(s) loaded from template {1},حُمِّلت {0} مادّة من القالب {1}
{0} moved to {1},تم نقل {0} إلى {1}
{0} must be a 4-digit number.,{0} يجب أن يكون رقمًا من أربع خانات.
{0} must ride on the main timesheet document.,يجب أن يعتمد {0} على مستند سجل الدوام الرئيسي.
{0} new,{0} جديد
{0} new Critical,{0} حرج جديد
{0} occupied,{0} مشغول
"{0} of {1} arrived, {2} pending",وصل {0} من {1}، {2} قيد الانتظار
{0} of {1} beds available,{0} من {1} سرير متاح
{0} of {1} marked Triaged,تم فرز {0} من {1}
{0} open,{0} مفتوح
{0} open requests,{0} طلبات مفتوحة
{0} over capacity,{0} فوق السعة
{0} over threshold,{0} يتجاوز الحدّ
{0} payment rows generated.,أُنشئت {0} صفوف دفعات.
{0} resolved,تم حل {0}
{0} room(s) have a planned capacity reduction pending confirmation.,{0} غرفة/غرف بها تخفيض سعة مخطط في انتظار التأكيد.
"{0} rooms — {1} red, {2} amber",{0} غرفة — {1} أحمر، {2} كهرماني
{0} since {1},{0} منذ {1}
{0} snoozed,تم تأجيل {0}
{0} surplus bed(s) retired (Out of Service).,أُحيلت {0} سرير/أسرّة زائدة إلى «خارج الخدمة».
{0} total,{0} الإجمالي
{0} vehicles,{0} مركبة
{0} {1} already has an active Accommodation Assignment: {2},{0} {1} لديه بالفعل إسناد سكن نشط: {2}
{0} {1} does not exist.,{0} {1} غير موجود.
{0}: {1} occupied bed(s) prevented capacity reduction.,{0}: {1} سرير/أسرّة مشغولة منعت تخفيض السعة.
Select the Assignment,اختر التخصيص
Pick the active housing assignment that is being closed.,اختر تخصيص السكن الساري الذي يجري إغلاقه.
Set the Checkout Date,حدّد تاريخ المغادرة
Set the date the resident leaves the accommodation.,حدّد تاريخ مغادرة الساكن للسكن.
Choose the Checkout Reason,اختر سبب المغادرة
State why the resident is checking out.,بيّن سبب مغادرة الساكن.
Confirm Custody Cleared,أكّد تسليم العهدة
Tick this once all issued custody has been returned.,علّم هذا الخيار بعد إرجاع كامل العهدة المصروفة.
Record Any Damage Deduction,سجّل أي خصم للأضرار
Enter any deduction for room or asset damage.,أدخل أي خصم مقابل أضرار الغرفة أو الأصول.
Add Damage Notes,أضف ملاحظات الأضرار
"Describe any damage, then save to close the stay.","صِف أي أضرار، ثم احفظ لإغلاق الإقامة."
Set the Return Date,حدّد تاريخ الإرجاع
Set the date the articles are returned.,حدّد تاريخ إرجاع الأصناف.
Link the Custody Issue,اربط سند صرف العهدة
Select the original custody issue being returned.,اختر سند صرف العهدة الأصلي الذي يجري إرجاعه.
Confirm the type of worker returning the articles.,أكّد نوع العامل الذي يُرجع الأصناف.
Pick the worker returning the articles.,اختر العامل الذي يُرجع الأصناف.
List the Returned Items,أدرج الأصناف المُرجعة
"Use this table to record every article returned, then save.","استخدم هذا الجدول لتسجيل كل صنف مُرجع، ثم احفظ."
Link the Maintenance Request,اربط طلب الصيانة
Select the maintenance request this work order resolves.,اختر طلب الصيانة الذي يعالجه أمر العمل هذا.
Assign the Technician,عيّن الفني
Choose the employee who will carry out the work.,اختر الموظف الذي سينفّذ العمل.
Set the Planned Start,حدّد بداية العمل المخططة
Set the date the work is planned to begin.,حدّد التاريخ المخطط لبدء العمل.
Describe the Work,صِف العمل
Describe the work to be performed.,صِف العمل المطلوب تنفيذه.
Record Completion Notes,سجّل ملاحظات الإنجاز
"After the job, note what was done, then save.","بعد إنجاز العمل، دوّن ما تم تنفيذه، ثم احفظ."
Select the building being inspected.,اختر المبنى الجاري تفتيشه.
Set the Round Date,حدّد تاريخ الجولة
Set the date of this safety round.,حدّد تاريخ جولة السلامة هذه.
Set the Cadence,حدّد التكرار
Choose how often this round recurs.,اختر معدّل تكرار هذه الجولة.
Assign the Supervisor,عيّن المشرف
Select the supervisor responsible for this round.,اختر المشرف المسؤول عن هذه الجولة.
Record the Result,سجّل النتيجة
"Set the overall result of the round, then save.","حدّد النتيجة الإجمالية للجولة، ثم احفظ."
Set the Incident Time,حدّد وقت الحادث
Record when the incident happened.,سجّل وقت وقوع الحادث.
Select the building where the incident occurred.,اختر المبنى الذي وقع فيه الحادث.
Classify the Incident,صنّف الحادث
Choose the type of incident.,اختر نوع الحادث.
Set the Severity,حدّد درجة الخطورة
Rate how serious the incident is.,قيّم درجة خطورة الحادث.
Describe the Incident,صِف الحادث
Describe what happened.,صِف ما حدث.
Record Immediate Action,سجّل الإجراء الفوري
"Note the immediate action taken, then save.","دوّن الإجراء الفوري المتخذ، ثم احفظ."
Select the vehicle being handed over.,اختر المركبة الجاري تسليمها.
Assign the Receiving Driver,عيّن السائق المستلم
Select the driver receiving the vehicle.,اختر السائق المستلم للمركبة.
Set the Handover Date,حدّد تاريخ التسليم
Set the date of the handover.,حدّد تاريخ التسليم.
Record the Odometer,سجّل قراءة العداد
Enter the current odometer reading.,أدخل قراءة العداد الحالية.
Note the Condition,دوّن الحالة
"Describe the vehicle condition, then save.","صِف حالة المركبة، ثم احفظ."
Set the Trip Date,حدّد تاريخ الرحلة
Set the date of the trip.,حدّد تاريخ الرحلة.
Assign the Vehicle,عيّن المركبة
Select the vehicle for this trip.,اختر المركبة لهذه الرحلة.
Select the driver for this trip.,اختر السائق لهذه الرحلة.
Set the Departure Time,حدّد وقت المغادرة
Enter the planned departure time.,أدخل وقت المغادرة المخطط.
Add Transport Requests,أضف طلبات النقل
"List the transport requests this trip serves, then save.","أدرج طلبات النقل التي تخدمها هذه الرحلة، ثم احفظ."
